VBCSCompilerPreWarmer: pre-warm launched (dotnet PID 38404)
VBCSCompiler prewarm took 12.54 ms
[Licensing::Module] Trying to connect to existing licensing client channel...
Built from '6000.6/respin/6000.6.0f1-fa21a270ab12' branch; Version is '6000.6.0f1 (f7f8ed4d1e24) revision 16251117'; Using compiler version '194234433'; Build Type 'Release'
[Licensing::IpcConnector] Successfully connected to: "LicenseClient-User" at "2026-09-08T13:43:21.0607206Z"
OS: 'Windows 11  (10.0.26200) Core' Language: 'ko' Physical Memory: 16067 MB
BatchMode: 0, IsHumanControllingUs: 1, StartBugReporterOnCrash: 1, Is64bit: 1
System  architecture: x64
Process architecture: x64
Date: 2026-09-08T13:43:21Z
[Licensing::Client] Code 10 while verifying Licensing Client signature (process Id: 15524, path: "C:/Program Files/Unity Hub/UnityLicensingClient_V1/Unity.Licensing.Client.exe")
[Licensing::Module] LicensingClient has failed validation; ignoring
[Licensing::Client] Handshaking with LicensingClient:
  Version:                 1.18.3+d7ffd15
  Session Id:              2832ea7396434d29b16bafdab5c166e9
  Correlation Id:          a1184070c473bce63998e735675a5497
  External correlation Id: 122705105641978216
  Machine Id:              uUUK12YuMAul6j0jawjtqs4TSeg=
[Licensing::Module] Successfully connected to LicensingClient on channel: "LicenseClient-User" (connect: 0.00s, validation: 0.00s, handshake: 0.08s)
[Licensing::IpcConnector] Successfully connected to: "LicenseClient-User-notifications" at "2026-09-08T13:43:21.1449233Z"
[Licensing::Client] Successfully updated the access token
[Licensing::Module] Successfully updated the access token BwHd8CNQpu...
[Licensing::Client] Successfully resolved entitlement details
[Licensing::Module] License group:
  Id: 14569705935367-UnityPersXXXX
  Product: Unity Personal
  Type: Assigned
  Expiration: Unlimited
[Licensing::Client] Successfully updated license, isAsync: True, time: 0.00
[Licensing::Client] Successfully resolved entitlement details
[Licensing::Module] Licensing Background thread has ended after 0.10s

COMMAND LINE ARGUMENTS:
C:\Program Files\Unity\Hub\Editor\6000.6.0f1\Editor\Unity.exe
-projectpath
D:\GitHub\turnbased\Turn-based-combat
-acceptSoftwareTermsForThisRunOnly
-useHub
-hubIPC
-cloudEnvironment
production
-licensingIpc
LicenseClient-User
-hubSessionId
2b77c726-3387-4c97-9ef7-3941039c04da
-accessToken
BwHd8CNQpuLTK1-6MRHb3MAF1Zz70BKv8oAC_Hl0REc00df
Successfully changed project path to: D:\GitHub\turnbased\Turn-based-combat
D:/GitHub/turnbased/Turn-based-combat
[UnityMemory] Configuration Parameters - Can be set up in boot.config
    "memorysetup-temp-allocator-size-gi-baking-worker=262144"
    "memorysetup-temp-allocator-size-gi-baking-worker=262144"
    "memorysetup-temp-allocator-size-gi-baking-worker=262144"
    "memorysetup-temp-allocator-size-gi-baking-worker=262144"
    "memorysetup-temp-allocator-size-gi-baking-worker=262144"
    "memorysetup-temp-allocator-size-nav-mesh-worker=65536"
    "memorysetup-temp-allocator-size-audio-worker=65536"
    "memorysetup-temp-allocator-size-cloud-worker=32768"
    "memorysetup-temp-allocator-size-gfx=262144"
    "memorysetup-remapper-allocator-initial-capacity=32768"
    "memorysetup-temp-allocator-size-preload-manager=33554432"
    "memorysetup-allocator-temp-initial-block-size-main=262144"
    "memorysetup-allocator-temp-initial-block-size-worker=262144"
    "memorysetup-temp-allocator-size-job-worker=262144"
    "memorysetup-temp-allocator-size-background-worker=32768"
    "memorysetup-bucket-allocator-granularity=16"
    "memorysetup-bucket-allocator-bucket-count=8"
    "memorysetup-bucket-allocator-block-size=33554432"
    "memorysetup-bucket-allocator-block-count=8"
    "memorysetup-main-allocator-block-size=16777216"
    "memorysetup-thread-allocator-block-size=16777216"
    "memorysetup-main-allocator-mimalloc-enabled=1"
    "memorysetup-gfx-main-allocator-block-size=16777216"
    "memorysetup-gfx-thread-allocator-block-size=16777216"
    "memorysetup-cache-allocator-block-size=4194304"
    "memorysetup-typetree-allocator-block-size=2097152"
    "memorysetup-profiler-bucket-allocator-granularity=16"
    "memorysetup-profiler-bucket-allocator-bucket-count=8"
    "memorysetup-profiler-bucket-allocator-block-size=33554432"
    "memorysetup-profiler-bucket-allocator-block-count=8"
    "memorysetup-profiler-allocator-block-size=16777216"
    "memorysetup-profiler-editor-allocator-block-size=1048576"
    "memorysetup-temp-allocator-size-main=16777216"
    "memorysetup-job-temp-allocator-block-size=2097152"
    "memorysetup-job-temp-allocator-block-size-background=1048576"
    "memorysetup-job-temp-allocator-reduction-small-platforms=262144"
Player connection [38408]  Target information:

Player connection [38408]  * "[IP] 172.30.1.16 [Port] 55504 [Flags] 2 [Guid] 1408953932 [EditorId] 1408953932 [Version] 1048832 [Id] WindowsEditor(7,DESKTOP-GD3SP7B) [Debug] 1 [PackageName] WindowsEditor [ProjectName] Editor" 

Player connection [38408] Host joined multi-casting on [225.0.0.222:54997]...
Player connection [38408] Host joined alternative multi-casting on [225.0.0.222:34997]...
Input System module state changed to: Initialized.
[Physics::Module] Initialized fallback backend.
[Physics::Module] Id: 0xdecafbad
[Package Manager] Connected to IPC stream "Upm-11504" after 0.4 seconds.
[Licensing::Client] Successfully resolved entitlement details
Library Redirect Path: Library/
Rebuilding Library because the asset database could not be found!
Initialising UDS system complete:
  - System type: Client
  - Resource namespace: 0918f4368ef0a352fe5958eb34cf2a6f
  - Shared memory size: 1073741824
  - Command buffer id: 1052576
  - Command buffer size: 8192
  - Hashmap size: 4194304
  - Service connected: false
Launching Unity Data Store - C:/Program Files/Unity/Hub/Editor/6000.6.0f1/Editor/Data/Tools/Unity.DataStore.exe 
Unity Data Store artifact dir = Library/DataStore, working dir = D:/GitHub/turnbased/Turn-based-combat[Physics::Module] Selected backend.
[Physics::Module] Name: PhysX
[Physics::Module] Id: 0xf2b8ea05
[Physics::Module] SDK Version: 4.1.2
[Physics::Module] Integration Version: 1.0.0
[Physics::Module] Threading Mode: Multi-Threaded
Unity Data Store running and initialised
Initialize engine version: 6000.6.0f1 (f7f8ed4d1e24)
[EntityIdStore] init: VM path (explicit commit), pageSize=4096, blockCount=1048576, entitiesPerBlock=256, slots reserved=4294967296 bytes
[Subsystems] Discovering subsystems at path C:/Program Files/Unity/Hub/Editor/6000.6.0f1/Editor/Data/Resources/UnitySubsystems
[Subsystems] Discovering subsystems at path D:/GitHub/turnbased/Turn-based-combat/Assets
GfxDevice: creating device client; kGfxThreadingModeThreaded
Direct3D:
    Version:  Direct3D 11.0 [level 11.1]
    Renderer: Intel(R) Iris(R) Xe Graphics (ID=0xa7a1)
    Vendor:   Intel
    VRAM:     8033 MB
    Driver:   31.0.101.4502
Initialize mono
Mono path[0] = 'C:/Program Files/Unity/Hub/Editor/6000.6.0f1/Editor/Data/Managed'
Mono path[1] = 'C:/Program Files/Unity/Hub/Editor/6000.6.0f1/Editor/Data/BCLExtensions/runtime/netstandard2.1'
Mono path[2] = 'C:/Program Files/Unity/Hub/Editor/6000.6.0f1/Editor/Data/MonoBleedingEdge/lib/mono/unityjit-win32'
Mono config path = 'C:/Program Files/Unity/Hub/Editor/6000.6.0f1/Editor/Data/MonoBleedingEdge/etc'
Using monoOptions --debugger-agent=transport=dt_socket,embedding=1,server=y,suspend=n,address=127.0.0.1:56504
CodeReloadManager initialized
ImportWorker Server TCP listen port: 0
AcceleratorClientConnectionCallback - disconnected - :0
Begin MonoManager ReloadAssembly
Registering precompiled unity dll's ...
Register platform support module: C:/Program Files/Unity/Hub/Editor/6000.6.0f1/Editor/Data/PlaybackEngines/WebGLSupport/UnityEditor.WebGL.Extensions.dll
Register platform support module: C:/Program Files/Unity/Hub/Editor/6000.6.0f1/Editor/Data/PlaybackEngines/WindowsStandaloneSupport/UnityEditor.WindowsStandalone.Extensions.dll
Registered in 0.004239 seconds.
Native extension for WindowsStandalone target not found
Native extension for WebGL target not found
Package Manager log level set to [2]
ScheduleIndexationOnStartup MainProcess:False IndexOnStartup:False
Scripting: successfully reloaded assembly
- Finished resetting the current domain, in  0.771 seconds
Domain Reload Profiling: 1454ms
	BeginReloadAssembly (205ms)
		CreateAndSetChildDomain (15ms)
	RebuildCommonClasses (4ms)
	RebuildNativeTypeToScriptingClass (16ms)
	initialDomainReloadingComplete (93ms)
	LoadAllAssembliesAndSetupDomain (364ms)
		LoadAssemblies (183ms)
		TypeCache.Refresh (244ms)
			TypeCache.ScanAssembly (229ms)
		AnalyzeDomain (1ms)
	FinalizeReload (772ms)
		SetupLoadedEditorAssemblies (0ms)
			InitializePlatformSupportModulesInManaged (5ms)
			BeforeProcessingInitializeOnLoad (112ms)
			ProcessInitializeOnLoadAttributes (112ms)
			ProcessInitializeOnLoadMethodAttributes (294ms)
[Licensing::Client] Successfully resolved entitlement details
Application.AssetDatabase Initial Refresh Start
[Package Manager] The file [D:\GitHub\turnbased\Turn-based-combat\Packages\manifest.json] cannot be found
[Package Manager] The file [D:\GitHub\turnbased\Turn-based-combat\Packages\manifest.json] cannot be found
[Package Manager] The file [D:\GitHub\turnbased\Turn-based-combat\Packages\manifest.json] cannot be found
[Package Manager] Done resolving packages in 6.86 seconds
[Licensing::Client] Successfully resolved entitlement details
[Package Manager] Lock file was modified
[Package Manager] Registered 42 packages:
  Packages from [https://packages.unity.com]:
    com.unity.ide.rider@3.0.38 (location: D:\GitHub\turnbased\Turn-based-combat\Library\PackageCache\com.unity.ide.rider@1f60b3138684)
    com.unity.ide.visualstudio@2.0.26 (location: D:\GitHub\turnbased\Turn-based-combat\Library\PackageCache\com.unity.ide.visualstudio@a99d56dec63f)
  Built-in packages:
    com.unity.modules.accessibility@1.0.0 (location: D:\GitHub\turnbased\Turn-based-combat\Library\PackageCache\com.unity.modules.accessibility)
    com.unity.modules.adaptiveperformance@1.0.0 (location: D:\GitHub\turnbased\Turn-based-combat\Library\PackageCache\com.unity.modules.adaptiveperformance)
    com.unity.modules.ai@1.0.0 (location: D:\GitHub\turnbased\Turn-based-combat\Library\PackageCache\com.unity.modules.ai)
    com.unity.modules.androidjni@1.0.0 (location: D:\GitHub\turnbased\Turn-based-combat\Library\PackageCache\com.unity.modules.androidjni)
    com.unity.modules.animation@1.0.0 (location: D:\GitHub\turnbased\Turn-based-combat\Library\PackageCache\com.unity.modules.animation)
    com.unity.modules.assetbundle@1.0.0 (location: D:\GitHub\turnbased\Turn-based-combat\Library\PackageCache\com.unity.modules.assetbundle)
    com.unity.modules.audio@1.0.0 (location: D:\GitHub\turnbased\Turn-based-combat\Library\PackageCache\com.unity.modules.audio)
    com.unity.modules.cloth@1.0.0 (location: D:\GitHub\turnbased\Turn-based-combat\Library\PackageCache\com.unity.modules.cloth)
    com.unity.modules.director@1.0.0 (location: D:\GitHub\turnbased\Turn-based-combat\Library\PackageCache\com.unity.modules.director)
    com.unity.modules.imageconversion@1.0.0 (location: D:\GitHub\turnbased\Turn-based-combat\Library\PackageCache\com.unity.modules.imageconversion)
    com.unity.modules.imgui@1.0.0 (location: D:\GitHub\turnbased\Turn-based-combat\Library\PackageCache\com.unity.modules.imgui)
    com.unity.modules.jsonserialize@1.0.0 (location: D:\GitHub\turnbased\Turn-based-combat\Library\PackageCache\com.unity.modules.jsonserialize)
    com.unity.modules.particlesystem@1.0.0 (location: D:\GitHub\turnbased\Turn-based-combat\Library\PackageCache\com.unity.modules.particlesystem)
    com.unity.modules.physics@1.0.0 (location: D:\GitHub\turnbased\Turn-based-combat\Library\PackageCache\com.unity.modules.physics)
    com.unity.modules.physics2d@1.0.0 (location: D:\GitHub\turnbased\Turn-based-combat\Library\PackageCache\com.unity.modules.physics2d)
    com.unity.modules.physicscore2d@1.0.0 (location: D:\GitHub\turnbased\Turn-based-combat\Library\PackageCache\com.unity.modules.physicscore2d)
    com.unity.modules.screencapture@1.0.0 (location: D:\GitHub\turnbased\Turn-based-combat\Library\PackageCache\com.unity.modules.screencapture)
    com.unity.modules.terrain@1.0.0 (location: D:\GitHub\turnbased\Turn-based-combat\Library\PackageCache\com.unity.modules.terrain)
    com.unity.modules.terrainphysics@1.0.0 (location: D:\GitHub\turnbased\Turn-based-combat\Library\PackageCache\com.unity.modules.terrainphysics)
    com.unity.modules.tetgen@1.0.0 (location: D:\GitHub\turnbased\Turn-based-combat\Library\PackageCache\com.unity.modules.tetgen)
    com.unity.modules.tilemap@1.0.0 (location: D:\GitHub\turnbased\Turn-based-combat\Library\PackageCache\com.unity.modules.tilemap)
    com.unity.modules.timelinefoundation@1.0.0 (location: D:\GitHub\turnbased\Turn-based-combat\Library\PackageCache\com.unity.modules.timelinefoundation)
    com.unity.modules.ui@1.0.0 (location: D:\GitHub\turnbased\Turn-based-combat\Library\PackageCache\com.unity.modules.ui)
    com.unity.modules.uielements@1.0.0 (location: D:\GitHub\turnbased\Turn-based-combat\Library\PackageCache\com.unity.modules.uielements)
    com.unity.modules.umbra@1.0.0 (location: D:\GitHub\turnbased\Turn-based-combat\Library\PackageCache\com.unity.modules.umbra)
    com.unity.modules.unityanalytics@1.0.0 (location: D:\GitHub\turnbased\Turn-based-combat\Library\PackageCache\com.unity.modules.unityanalytics)
    com.unity.modules.unitywebrequest@1.0.0 (location: D:\GitHub\turnbased\Turn-based-combat\Library\PackageCache\com.unity.modules.unitywebrequest)
    com.unity.modules.unitywebrequestassetbundle@1.0.0 (location: D:\GitHub\turnbased\Turn-based-combat\Library\PackageCache\com.unity.modules.unitywebrequestassetbundle)
    com.unity.modules.unitywebrequestaudio@1.0.0 (location: D:\GitHub\turnbased\Turn-based-combat\Library\PackageCache\com.unity.modules.unitywebrequestaudio)
    com.unity.modules.unitywebrequesttexture@1.0.0 (location: D:\GitHub\turnbased\Turn-based-combat\Library\PackageCache\com.unity.modules.unitywebrequesttexture)
    com.unity.modules.unitywebrequestwww@1.0.0 (location: D:\GitHub\turnbased\Turn-based-combat\Library\PackageCache\com.unity.modules.unitywebrequestwww)
    com.unity.modules.vectorgraphics@1.0.0 (location: D:\GitHub\turnbased\Turn-based-combat\Library\PackageCache\com.unity.modules.vectorgraphics)
    com.unity.modules.vehicles@1.0.0 (location: D:\GitHub\turnbased\Turn-based-combat\Library\PackageCache\com.unity.modules.vehicles)
    com.unity.modules.video@1.0.0 (location: D:\GitHub\turnbased\Turn-based-combat\Library\PackageCache\com.unity.modules.video)
    com.unity.modules.wind@1.0.0 (location: D:\GitHub\turnbased\Turn-based-combat\Library\PackageCache\com.unity.modules.wind)
    com.unity.modules.xr@1.0.0 (location: D:\GitHub\turnbased\Turn-based-combat\Library\PackageCache\com.unity.modules.xr)
    com.unity.modules.subsystems@1.0.0 (location: D:\GitHub\turnbased\Turn-based-combat\Library\PackageCache\com.unity.modules.subsystems)
    com.unity.modules.hierarchycore@1.0.0 (location: D:\GitHub\turnbased\Turn-based-combat\Library\PackageCache\com.unity.modules.hierarchycore)
    com.unity.test-framework@1.8.0 (location: D:\GitHub\turnbased\Turn-based-combat\Library\PackageCache\com.unity.test-framework@7a3849e09bd0)
    com.unity.ext.nunit@2.1.0 (location: D:\GitHub\turnbased\Turn-based-combat\Library\PackageCache\com.unity.ext.nunit@0198eae3b53e)
[Subsystems] No new subsystems found in resolved package list.
[Package Manager] Done registering packages in 0.00 seconds
AcceleratorClientConnectionCallback - disconnected - :0
[API Updater] Processing imported assemblies took 105 ms (0/0 assembly(ies)).
Assembly Updater Post Process Assets time: 0.107923s
[ScriptCompilation] Requested script compilation because: Assembly Definition File(s) changed
[ScriptCompilation] Requested script compilation because: AssetDatabase observed changes in script compilation related files
Starting: C:\Program Files\Unity\Hub\Editor\6000.6.0f1\Editor\Data\Tools\BuildPipeline\bee_backend.exe --ipc --defer-dag-verification --dagfile="Library/Bee/1900b0aE.dag" --continue-on-failure --profile="Library/Bee/backend1.traceevents" ScriptAssemblies
WorkingDir: D:/GitHub/turnbased/Turn-based-combat
ExitCode: 4 Duration: 0s45ms
[             ] Require frontend run.  Library/Bee/1900b0aE.dag couldn't be loaded
Starting: C:\Program Files\Unity\Hub\Editor\6000.6.0f1\Editor\Data\DotNetSdk\dotnet.exe "C:\Program Files\Unity\Hub\Editor\6000.6.0f1\Editor\Data\Tools\BuildPipeline\ScriptCompilationBuildProgram.exe" "Library/Bee/1900b0aE.dag.json" "Library/Bee/1900b0aE-inputdata.json" "Library\Bee\buildprogram0.traceevents"
WorkingDir: D:/GitHub/turnbased/Turn-based-combat
ExitCode: 0 Duration: 0s279ms
Starting: C:\Program Files\Unity\Hub\Editor\6000.6.0f1\Editor\Data\Tools\BuildPipeline\bee_backend.exe --ipc --defer-dag-verification --dagfile="Library/Bee/1900b0aE.dag" --continue-on-failure --dagfilejson="Library\Bee\1900b0aE.dag.json" --profile="Library/Bee/backend2.traceevents" ScriptAssemblies
WorkingDir: D:/GitHub/turnbased/Turn-based-combat
ExitCode: 0 Duration: 8s884ms
Finished compiling graph: 203 nodes, 1084 flattened edges (1056 ToBuild, 8 ToUse), maximum node priority 41
[  1/200    0s] WriteText Library/Bee/artifacts/1900b0aE.dag/UnityEngine.TestRunner.rsp2
[  2/200    0s] MovedFromExtractor Library/Bee/artifacts/mvdfrm/UnityEditor.GraphicsStateCollectionSerializerModule.dll_B2015E3944AC6D83.mvfrm
[  3/200    0s] MovedFromExtractor Library/Bee/artifacts/mvdfrm/UnityEditor.EditorToolbarModule.dll_1CD29E244AF4B2EB.mvfrm
[  4/200    0s] MovedFromExtractor Library/Bee/artifacts/mvdfrm/UnityEditor.GraphViewModule.dll_C86FF4F841505EC0.mvfrm
[  5/200    0s] MovedFromExtractor Library/Bee/artifacts/mvdfrm/UnityEditor.GridAndSnapModule.dll_9847A552BFBD5EF8.mvfrm
[  6/200    0s] MovedFromExtractor Library/Bee/artifacts/mvdfrm/UnityEditor.EmbreeModule.dll_78166392F2BCF32F.mvfrm
[  7/200    0s] MovedFromExtractor Library/Bee/artifacts/mvdfrm/UnityEditor.DiagnosticsModule.dll_8E8EBED13C58A209.mvfrm
[  8/200    0s] MovedFromExtractor Library/Bee/artifacts/mvdfrm/UnityEditor.CoreBusinessMetricsModule.dll_EEFCC6DF498AC781.mvfrm
[  9/200    0s] MovedFromExtractor Library/Bee/artifacts/mvdfrm/UnityEditor.GenericRemoteModule.dll_7CD7DE2D33032A9A.mvfrm
[ 10/200    0s] MovedFromExtractor Library/Bee/artifacts/mvdfrm/UnityEditor.GIModule.dll_666751D2EE97E409.mvfrm
[ 11/200    0s] MovedFromExtractor Library/Bee/artifacts/mvdfrm/UnityEditor.DeviceSimulatorModule.dll_976B74FE885B067B.mvfrm
[ 12/200    0s] MovedFromExtractor Library/Bee/artifacts/mvdfrm/UnityEditor.GraphToolkitModule.dll_88493E3214303547.mvfrm
[ 13/200    0s] MovedFromExtractor Library/Bee/artifacts/mvdfrm/UnityEditor.CoreModule.dll_4051978EFE412A26.mvfrm
[ 14/200    0s] WriteText Library/Bee/artifacts/1900b0aE.dag/UnityEngine.TestRunner.UnityAdditionalFile.txt
[ 15/200    0s] MovedFromExtractor Library/Bee/artifacts/mvdfrm/UnityEditor.AdaptivePerformanceModule.dll_6F11CD6523439887.mvfrm
[ 16/200    0s] MovedFromExtractor Library/Bee/artifacts/mvdfrm/UnityEditor.ClothModule.dll_B05E62D9E5C9F917.mvfrm
[ 17/200    0s] MovedFromExtractor Library/Bee/artifacts/mvdfrm/UnityEditor.AccessibilityModule.dll_E6D68851D15F019B.mvfrm
[ 18/200    0s] MovedFromExtractor Library/Bee/artifacts/mvdfrm/UnityEditor.BuildAnalysisModule.dll_3F1FC5D4733909B7.mvfrm
[ 19/200    0s] MovedFromExtractor Library/Bee/artifacts/mvdfrm/UnityEditor.BurstModule.dll_B26DF7373303321D.mvfrm
[ 20/200    0s] MovedFromExtractor Library/Bee/artifacts/mvdfrm/UnityEditor.ContentLoadModule.dll_F0D7FC81B3DEEABC.mvfrm
[ 21/200    0s] MovedFromExtractor Library/Bee/artifacts/mvdfrm/UnityEditor.AssetComplianceModule.dll_D04684ED0316EAA8.mvfrm
[ 22/200    0s] MovedFromExtractor Library/Bee/artifacts/mvdfrm/UnityEditor.BuildProfileModule.dll_6C6C5987238106C2.mvfrm
[ 23/200    0s] MovedFromExtractor Library/Bee/artifacts/mvdfrm/UnityEngine.UIModule.dll_080D38821AAD3566.mvfrm
[ 24/200    0s] MovedFromExtractor Library/Bee/artifacts/mvdfrm/UnityEngine.dll_0256361630CAB374.mvfrm
[ 25/200    0s] MovedFromExtractor Library/Bee/artifacts/mvdfrm/UnityEditor.AIModule.dll_CE2B08C552E8FBEF.mvfrm
[ 26/200    0s] MovedFromExtractor Library/Bee/artifacts/mvdfrm/UnityEditor.AnimationWindowModule.dll_32CF68D6BDE8F731.mvfrm
[ 27/200    0s] MovedFromExtractor Library/Bee/artifacts/mvdfrm/UnityEngine.VideoModule.dll_34AC46ADFFBC667D.mvfrm
[ 28/200    0s] MovedFromExtractor Library/Bee/artifacts/mvdfrm/UnityEngine.XRModule.dll_8D9E220C45A2083C.mvfrm
[ 29/200    0s] MovedFromExtractor Library/Bee/artifacts/mvdfrm/UnityEngine.UnityWebRequestWWWModule.dll_3A0F2D32BA76CD39.mvfrm
[ 30/200    0s] MovedFromExtractor Library/Bee/artifacts/mvdfrm/UnityEngine.VehiclesModule.dll_7994B41A980AFF49.mvfrm
[ 31/200    0s] MovedFromExtractor Library/Bee/artifacts/mvdfrm/UnityEngine.WindModule.dll_D9C1460A377D13BA.mvfrm
[ 32/200    0s] MovedFromExtractor Library/Bee/artifacts/mvdfrm/UnityEngine.VectorGraphicsModule.dll_B7D121FB0BC12760.mvfrm
[ 33/200    0s] MovedFromExtractor Library/Bee/artifacts/mvdfrm/UnityEngine.VirtualTexturingModule.dll_BF978659A1C374AF.mvfrm
[ 34/200    0s] MovedFromExtractor Library/Bee/artifacts/mvdfrm/UnityEngine.VFXModule.dll_370C52C0A3CC28AA.mvfrm
[ 35/200    0s] MovedFromExtractor Library/Bee/artifacts/mvdfrm/UnityEngine.UnityWebRequestTextureModule.dll_BDB8BAF2596DE07D.mvfrm
[ 36/200    0s] MovedFromExtractor Library/Bee/artifacts/mvdfrm/UnityEngine.UnityWebRequestModule.dll_1AA93CCA852F6672.mvfrm
[ 37/200    0s] MovedFromExtractor Library/Bee/artifacts/mvdfrm/UnityEngine.UnityWebRequestAssetBundleModule.dll_B93E92DF9829BC24.mvfrm
[ 38/200    0s] MovedFromExtractor Library/Bee/artifacts/mvdfrm/UnityEngine.UnityWebRequestAudioModule.dll_7020DF9159A085A8.mvfrm
[ 39/200    0s] MovedFromExtractor Library/Bee/artifacts/mvdfrm/UnityEngine.UnityCurlModule.dll_CA1212528BC12553.mvfrm
[ 40/200    0s] MovedFromExtractor Library/Bee/artifacts/mvdfrm/UnityEngine.UnityConnectModule.dll_5505EB0C42ECEC87.mvfrm
[ 41/200    0s] MovedFromExtractor Library/Bee/artifacts/mvdfrm/UnityEngine.UnityConsentModule.dll_26AB82384FF782D7.mvfrm
[ 42/200    0s] MovedFromExtractor Library/Bee/artifacts/mvdfrm/UnityEngine.UnityAnalyticsCommonModule.dll_936348F6ED1E596E.mvfrm
[ 43/200    0s] MovedFromExtractor Library/Bee/artifacts/mvdfrm/UnityEngine.UnityAnalyticsModule.dll_40295C9025E20313.mvfrm
[ 44/200    0s] MovedFromExtractor Library/Bee/artifacts/mvdfrm/UnityEngine.UmbraModule.dll_8A776E5BCA50F64B.mvfrm
[ 45/200    0s] MovedFromExtractor Library/Bee/artifacts/mvdfrm/UnityEngine.U2DRuntimeModule.dll_8FEAD048F586B703.mvfrm
[ 46/200    0s] MovedFromExtractor Library/Bee/artifacts/mvdfrm/Unity.Scripting.dll_29E319F6551CD7FB.mvfrm
[ 47/200    0s] MovedFromExtractor Library/Bee/artifacts/mvdfrm/UnityEngine.TilemapModule.dll_528E08CD3D396AA0.mvfrm
[ 48/200    0s] MovedFromExtractor Library/Bee/artifacts/mvdfrm/UnityEngine.UIElementsModule.dll_C34CE0EA28577CED.mvfrm
[ 49/200    0s] MovedFromExtractor Library/Bee/artifacts/mvdfrm/UnityEngine.TextRenderingModule.dll_16562345153691A1.mvfrm
[ 50/200    0s] MovedFromExtractor Library/Bee/artifacts/mvdfrm/UnityEngine.TimelineFoundationModule.dll_29AA3071D585BCE6.mvfrm
[ 51/200    0s] MovedFromExtractor Library/Bee/artifacts/mvdfrm/UnityEngine.TextCoreFontEngineModule.dll_2764B1653B3357AF.mvfrm
[ 52/200    0s] MovedFromExtractor Library/Bee/artifacts/mvdfrm/UnityEngine.TetgenModule.dll_C8165B974D39FB5F.mvfrm
[ 53/200    0s] MovedFromExtractor Library/Bee/artifacts/mvdfrm/UnityEngine.TerrainPhysicsModule.dll_2104949992FDABA4.mvfrm
[ 54/200    0s] MovedFromExtractor Library/Bee/artifacts/mvdfrm/UnityEngine.TextCoreTextEngineModule.dll_6F4CE7D6CAB710CD.mvfrm
[ 55/200    0s] MovedFromExtractor Library/Bee/artifacts/mvdfrm/UnityEngine.TerrainModule.dll_B391A14C257C8997.mvfrm
[ 56/200    0s] MovedFromExtractor Library/Bee/artifacts/mvdfrm/UnityEngine.SubstanceModule.dll_283572BAB687E8B2.mvfrm
[ 57/200    0s] MovedFromExtractor Library/Bee/artifacts/mvdfrm/UnityEngine.StreamingModule.dll_4B8A5E716B34EAA4.mvfrm
[ 58/200    0s] MovedFromExtractor Library/Bee/artifacts/mvdfrm/UnityEngine.TLSModule.dll_B62DBA51CD5EBF3D.mvfrm
[ 59/200    0s] MovedFromExtractor Library/Bee/artifacts/mvdfrm/UnityEngine.SubsystemsModule.dll_BF0E7F82252B40F6.mvfrm
[ 60/200    0s] MovedFromExtractor Library/Bee/artifacts/mvdfrm/UnityEngine.SpriteShapeModule.dll_76E8A02AAD388B5E.mvfrm
[ 61/200    0s] MovedFromExtractor Library/Bee/artifacts/mvdfrm/UnityEngine.ShaderVariantAnalyticsModule.dll_7E72D8A3053A1BF8.mvfrm
[ 62/200    0s] MovedFromExtractor Library/Bee/artifacts/mvdfrm/UnityEngine.SpriteMaskModule.dll_5461192056E358E3.mvfrm
[ 63/200    0s] MovedFromExtractor Library/Bee/artifacts/mvdfrm/UnityEngine.ScriptingModule.dll_AE16C9E79B34E219.mvfrm
[ 64/200    0s] MovedFromExtractor Library/Bee/artifacts/mvdfrm/UnityEngine.RuntimeInitializeOnLoadManagerInitializerModule.dll_3DBF3BBF564211C4.mvfrm
[ 65/200    0s] MovedFromExtractor Library/Bee/artifacts/mvdfrm/UnityEngine.ScreenCaptureModule.dll_ED16B13A5DFF11AC.mvfrm
[ 66/200    0s] MovedFromExtractor Library/Bee/artifacts/mvdfrm/UnityEngine.PhysicsModule.dll_994B25DD4FBE40A9.mvfrm
[ 67/200    0s] MovedFromExtractor Library/Bee/artifacts/mvdfrm/UnityEngine.RenderAs2DModule.dll_D9A7A85487B971DC.mvfrm
[ 68/200    0s] MovedFromExtractor Library/Bee/artifacts/mvdfrm/UnityEngine.PhysicsCore2DModule.dll_60DB5224A8FC79AA.mvfrm
[ 69/200    0s] MovedFromExtractor Library/Bee/artifacts/mvdfrm/UnityEngine.PropertiesModule.dll_986FE5CEA85F27A5.mvfrm
[ 70/200    0s] MovedFromExtractor Library/Bee/artifacts/mvdfrm/UnityEngine.PhysicsBackendPhysXModule.dll_09B549A841452E4B.mvfrm
[ 71/200    0s] MovedFromExtractor Library/Bee/artifacts/mvdfrm/UnityEngine.PerformanceReportingModule.dll_F8248BB2D335BB10.mvfrm
[ 72/200    0s] MovedFromExtractor Library/Bee/artifacts/mvdfrm/UnityEngine.Physics2DModule.dll_E39B6111BCAA2AFB.mvfrm
[ 73/200    0s] MovedFromExtractor Library/Bee/artifacts/mvdfrm/UnityEngine.MultiplayerModule.dll_DD2F8F5CB05DE0CC.mvfrm
[ 74/200    0s] MovedFromExtractor Library/Bee/artifacts/mvdfrm/UnityEngine.ParticleSystemModule.dll_2089EBC679BAB117.mvfrm
[ 75/200    0s] MovedFromExtractor Library/Bee/artifacts/mvdfrm/UnityEngine.MarshallingModule.dll_05F01164DBBE80A6.mvfrm
[ 76/200    0s] MovedFromExtractor Library/Bee/artifacts/mvdfrm/UnityEngine.MathematicsModule.dll_829C20A96C0E4A88.mvfrm
[ 77/200    0s] MovedFromExtractor Library/Bee/artifacts/mvdfrm/UnityEngine.InsightsModule.dll_9B98832BA85E7F2D.mvfrm
[ 78/200    0s] MovedFromExtractor Library/Bee/artifacts/mvdfrm/UnityEngine.ManagedKernelModule.dll_95CDB2FE398CB3CE.mvfrm
[ 79/200    0s] MovedFromExtractor Library/Bee/artifacts/mvdfrm/UnityEngine.LocalizationModule.dll_258FA6659168B19B.mvfrm
[ 80/200    0s] MovedFromExtractor Library/Bee/artifacts/mvdfrm/UnityEngine.JSONSerializeModule.dll_D32F03B54992E54A.mvfrm
[ 81/200    0s] MovedFromExtractor Library/Bee/artifacts/mvdfrm/UnityEngine.InputLegacyModule.dll_EECC8DEE8F880945.mvfrm
[ 82/200    0s] MovedFromExtractor Library/Bee/artifacts/mvdfrm/UnityEngine.InputModule.dll_761889F3B3626F7C.mvfrm
[ 83/200    0s] MovedFromExtractor Library/Bee/artifacts/mvdfrm/UnityEngine.ImageConversionModule.dll_090A35207A3ACBF3.mvfrm
[ 84/200    0s] MovedFromExtractor Library/Bee/artifacts/mvdfrm/UnityEngine.InputForUIModule.dll_6DE700A995946025.mvfrm
[ 85/200    0s] MovedFromExtractor Library/Bee/artifacts/mvdfrm/UnityEngine.IdentifiersModule.dll_3610FAC5BA0F216C.mvfrm
[ 86/200    0s] MovedFromExtractor Library/Bee/artifacts/mvdfrm/UnityEngine.IMGUIModule.dll_480261AA035BDEB9.mvfrm
[ 87/200    0s] MovedFromExtractor Library/Bee/artifacts/mvdfrm/UnityEngine.HotReloadModule.dll_183E2F26F6E04EE8.mvfrm
[ 88/200    0s] MovedFromExtractor Library/Bee/artifacts/mvdfrm/UnityEngine.GraphicsStateCollectionSerializerModule.dll_BAF52B2911ABB6E8.mvfrm
[ 89/200    0s] MovedFromExtractor Library/Bee/artifacts/mvdfrm/UnityEngine.HierarchyCoreModule.dll_EA321753B904DDB6.mvfrm
[ 90/200    0s] MovedFromExtractor Library/Bee/artifacts/mvdfrm/UnityEngine.GameCenterModule.dll_6B34A6903573C369.mvfrm
[ 91/200    0s] MovedFromExtractor Library/Bee/artifacts/mvdfrm/UnityEngine.GridModule.dll_40E386CFBE9B2B48.mvfrm
[ 92/200    0s] MovedFromExtractor Library/Bee/artifacts/mvdfrm/UnityEngine.GIModule.dll_A4D5E3625A1517D4.mvfrm
[ 93/200    0s] MovedFromExtractor Library/Bee/artifacts/mvdfrm/UnityEngine.DSPGraphModule.dll_07231C04904200CF.mvfrm
[ 94/200    0s] MovedFromExtractor Library/Bee/artifacts/mvdfrm/UnityEngine.DirectorModule.dll_01D1BA9B1DE12FAE.mvfrm
[ 95/200    0s] MovedFromExtractor Library/Bee/artifacts/mvdfrm/UnityEngine.CoreModule.dll_63726AE1A6469551.mvfrm
[ 96/200    0s] MovedFromExtractor Library/Bee/artifacts/mvdfrm/UnityEngine.CrashReportingModule.dll_CD77A27A0BA92589.mvfrm
[ 97/200    0s] MovedFromExtractor Library/Bee/artifacts/mvdfrm/UnityEngine.ContentLoadModule.dll_F69DCC10C618FB41.mvfrm
[ 98/200    0s] MovedFromExtractor Library/Bee/artifacts/mvdfrm/UnityEngine.ClothModule.dll_768B1F3E174729BC.mvfrm
[ 99/200    0s] MovedFromExtractor Library/Bee/artifacts/mvdfrm/UnityEngine.ClusterRendererModule.dll_9D18376FF81613FF.mvfrm
[100/200    0s] MovedFromExtractor Library/Bee/artifacts/mvdfrm/UnityEngine.ClusterInputModule.dll_E742DC12F9ECBEA2.mvfrm
[101/200    0s] MovedFromExtractor Library/Bee/artifacts/mvdfrm/UnityEngine.BurstModule.dll_789AB39B648062C2.mvfrm
[102/200    0s] MovedFromExtractor Library/Bee/artifacts/mvdfrm/UnityEngine.AudioModule.dll_0FA2C2433D2A4AD8.mvfrm
[103/200    0s] MovedFromExtractor Library/Bee/artifacts/mvdfrm/UnityEngine.AssetBundleModule.dll_5D8772CFF7965354.mvfrm
[104/200    0s] MovedFromExtractor Library/Bee/artifacts/mvdfrm/UnityEngine.AnimationModule.dll_96F571211BAD3366.mvfrm
[105/200    0s] MovedFromExtractor Library/Bee/artifacts/mvdfrm/UnityEngine.AccessibilityModule.dll_73177A794A5784C0.mvfrm
[106/200    0s] MovedFromExtractor Library/Bee/artifacts/mvdfrm/UnityEngine.AndroidJNIModule.dll_40E75C756F32D278.mvfrm
[107/200    0s] MovedFromExtractor Library/Bee/artifacts/mvdfrm/UnityEngine.AdaptivePerformanceModule.dll_2FA1621B5E88EB8C.mvfrm
[108/200    0s] MovedFromExtractor Library/Bee/artifacts/mvdfrm/UnityEngine.ARModule.dll_C60C5F581B838E83.mvfrm
[109/200    0s] MovedFromExtractor Library/Bee/artifacts/mvdfrm/UnityEngine.AIModule.dll_0C999A54BE662FBA.mvfrm
[110/200    0s] MovedFromExtractor Library/Bee/artifacts/mvdfrm/UnityEditor.XRModule.dll_4F2F907CDA24D471.mvfrm
[111/200    0s] MovedFromExtractor Library/Bee/artifacts/mvdfrm/UnityEditor.VideoModule.dll_6E7F8A49CE3F35D8.mvfrm
[112/200    0s] MovedFromExtractor Library/Bee/artifacts/mvdfrm/UnityEditor.dll_CFB1EF3DD257268F.mvfrm
[113/200    0s] MovedFromExtractor Library/Bee/artifacts/mvdfrm/UnityEditor.VectorGraphicsModule.dll_FCACC05FEFD49355.mvfrm
[114/200    0s] MovedFromExtractor Library/Bee/artifacts/mvdfrm/UnityEditor.VFXModule.dll_2AEAB06D341C1AA5.mvfrm
[115/200    0s] MovedFromExtractor Library/Bee/artifacts/mvdfrm/UnityEditor.UnityConnectModule.dll_67A666FD4864EBDC.mvfrm
[116/200    0s] MovedFromExtractor Library/Bee/artifacts/mvdfrm/UnityEditor.UmbraModule.dll_C44AB1F798D3C5A6.mvfrm
[117/200    0s] MovedFromExtractor Library/Bee/artifacts/mvdfrm/UnityEditor.UIElementsSamplesModule.dll_CAC5D36F90618DEB.mvfrm
[118/200    0s] MovedFromExtractor Library/Bee/artifacts/mvdfrm/UnityEditor.UIElementsModule.dll_C29E73A2261363A2.mvfrm
[119/200    0s] MovedFromExtractor Library/Bee/artifacts/mvdfrm/UnityEditor.UIToolkitAuthoringModule.dll_DC5BCA9F46BC1CA4.mvfrm
[120/200    0s] MovedFromExtractor Library/Bee/artifacts/mvdfrm/UnityEditor.UIBuilderModule.dll_1CF8A214B408D7F4.mvfrm
[121/200    0s] MovedFromExtractor Library/Bee/artifacts/mvdfrm/UnityEditor.UIAutomationModule.dll_1D0D4877BFF4CF82.mvfrm
[122/200    0s] MovedFromExtractor Library/Bee/artifacts/mvdfrm/UnityEditor.TreeModule.dll_9DFD8C9D8606BF65.mvfrm
[123/200    0s] MovedFromExtractor Library/Bee/artifacts/mvdfrm/UnityEditor.U2DModule.dll_56C35B5069B87B04.mvfrm
[124/200    0s] MovedFromExtractor Library/Bee/artifacts/mvdfrm/UnityEditor.TimelineFoundationModule.dll_AB4AB51EC287FE1B.mvfrm
[125/200    0s] MovedFromExtractor Library/Bee/artifacts/mvdfrm/UnityEditor.TextRenderingModule.dll_8A15311D9C3E0E7C.mvfrm
[126/200    0s] MovedFromExtractor Library/Bee/artifacts/mvdfrm/UnityEditor.TilemapModule.dll_60135022D82A835B.mvfrm
[127/200    0s] MovedFromExtractor Library/Bee/artifacts/mvdfrm/UnityEditor.TextCoreTextEngineModule.dll_F0ED6C83B7B95202.mvfrm
[128/200    0s] MovedFromExtractor Library/Bee/artifacts/mvdfrm/UnityEditor.TextCoreFontEngineModule.dll_A9053612283598E4.mvfrm
[129/200    0s] MovedFromExtractor Library/Bee/artifacts/mvdfrm/UnityEditor.SyntaxTreeModule.dll_0FEF721A7EEB29A8.mvfrm
[130/200    0s] MovedFromExtractor Library/Bee/artifacts/mvdfrm/UnityEditor.SubstanceModule.dll_724F81D1D10836CD.mvfrm
[131/200    0s] MovedFromExtractor Library/Bee/artifacts/mvdfrm/UnityEditor.TerrainModule.dll_C116E8A1C06DA252.mvfrm
[132/200    0s] MovedFromExtractor Library/Bee/artifacts/mvdfrm/UnityEditor.SpriteShapeModule.dll_7122D09B9AFE7AD9.mvfrm
[133/200    0s] MovedFromExtractor Library/Bee/artifacts/mvdfrm/UnityEditor.SpriteMaskModule.dll_53B2ABD8549F3F98.mvfrm
[134/200    0s] MovedFromExtractor Library/Bee/artifacts/mvdfrm/UnityEditor.ShaderPreprocessorModule.dll_CBEA3FB5265E6B7B.mvfrm
[135/200    0s] MovedFromExtractor Library/Bee/artifacts/mvdfrm/UnityEditor.ShaderFoundryModule.dll_7F51DF256C90D9B1.mvfrm
[136/200    0s] MovedFromExtractor Library/Bee/artifacts/mvdfrm/UnityEditor.SketchUpModule.dll_EECFDD6AE547F43E.mvfrm
[137/200    0s] MovedFromExtractor Library/Bee/artifacts/mvdfrm/UnityEditor.ShaderBuildSettingsModule.dll_7738140DF642C9C9.mvfrm
[138/200    0s] MovedFromExtractor Library/Bee/artifacts/mvdfrm/UnityEditor.ShaderCompilationModule.dll_D69435E7736582BB.mvfrm
[139/200    0s] MovedFromExtractor Library/Bee/artifacts/mvdfrm/UnityEditor.SceneTemplateModule.dll_40720EE249E15D23.mvfrm
[140/200    0s] MovedFromExtractor Library/Bee/artifacts/mvdfrm/UnityEditor.SceneViewModule.dll_071FD80036732BCE.mvfrm
[141/200    0s] MovedFromExtractor Library/Bee/artifacts/mvdfrm/UnityEditor.SafeModeModule.dll_06BAF81A9A165827.mvfrm
[142/200    0s] MovedFromExtractor Library/Bee/artifacts/mvdfrm/UnityEditor.QuickSearchModule.dll_199E3FDE952F9E62.mvfrm
[143/200    0s] MovedFromExtractor Library/Bee/artifacts/mvdfrm/UnityEditor.PropertiesModule.dll_97C17886A61B0E5A.mvfrm
[144/200    0s] MovedFromExtractor Library/Bee/artifacts/mvdfrm/UnityEditor.QuickInstallModule.dll_4B4BA7C6650774F5.mvfrm
[145/200    0s] MovedFromExtractor Library/Bee/artifacts/mvdfrm/UnityEditor.ProjectAuditorModule.dll_B01A3490B266E26C.mvfrm
[146/200    0s] WriteText Library/Bee/artifacts/1900b0aE.dag/UnityEngine.TestRunner.dll.mvfrm.rsp
[147/200    0s] WriteText Library/Bee/artifacts/1900b0aE.dag/UnityEngine.TestRunner.rsp
[148/200    0s] MovedFromExtractor Library/Bee/artifacts/mvdfrm/UnityEditor.PresetsUIModule.dll_83D62DDA43A8B6C5.mvfrm
[149/200    0s] MovedFromExtractor Library/Bee/artifacts/mvdfrm/UnityEditor.PlayModeModule.dll_4CAEE9D438DF678E.mvfrm
[150/200    0s] MovedFromExtractor Library/Bee/artifacts/mvdfrm/UnityEditor.PhysicsModule.dll_A6D06D32EAAF5964.mvfrm
[151/200    0s] MovedFromExtractor Library/Bee/artifacts/mvdfrm/UnityEditor.PhysicsCore2DModule.dll_D49A5FFD3003F685.mvfrm
[152/200    0s] MovedFromExtractor Library/Bee/artifacts/mvdfrm/UnityEditor.Physics2DModule.dll_2DB57028D72A7916.mvfrm
[153/200    0s] MovedFromExtractor Library/Bee/artifacts/mvdfrm/UnityEditor.MediaModule.dll_15361F7089F9A2C1.mvfrm
[154/200    0s] MovedFromExtractor Library/Bee/artifacts/mvdfrm/UnityEditor.MultiplayerModule.dll_D769BFCD9E23D047.mvfrm
[155/200    0s] WriteText Library/Bee/artifacts/1900b0aE.dag/UnityEditor.TestRunner.rsp2
[156/200    0s] WriteText Library/Bee/artifacts/1900b0aE.dag/UnityEditor.TestRunner.UnityAdditionalFile.txt
[157/200    0s] WriteText Library/Bee/artifacts/1900b0aE.dag/UnityEditor.TestRunner.dll.mvfrm.rsp
[158/200    0s] WriteText Library/Bee/artifacts/1900b0aE.dag/UnityEditor.TestRunner.rsp
[159/200    0s] WriteText Library/Bee/artifacts/1900b0aE.dag/Unity.VisualStudio.Editor.dll.mvfrm.rsp
[160/200    0s] WriteText Library/Bee/artifacts/1900b0aE.dag/Unity.VisualStudio.Editor.rsp2
[161/200    0s] WriteText Library/Bee/artifacts/1900b0aE.dag/Unity.VisualStudio.Editor.UnityAdditionalFile.txt
[162/200    0s] WriteText Library/Bee/artifacts/1900b0aE.dag/Unity.Rider.Editor.dll.mvfrm.rsp
[163/200    0s] WriteText Library/Bee/artifacts/1900b0aE.dag/Unity.Rider.Editor.rsp2
[164/200    0s] WriteText Library/Bee/artifacts/1900b0aE.dag/Unity.Rider.Editor.UnityAdditionalFile.txt
[165/200    0s] WriteResponseFile Library/Bee/artifacts/rsp/3071285868016441895.rsp
[166/200    0s] WriteText Library/Bee/artifacts/1900b0aE.dag/Unity.VisualStudio.Editor.rsp
[167/200    0s] WriteText Library/Bee/artifacts/1900b0aE.dag/Unity.Rider.Editor.rsp
[168/200    0s] WriteResponseFile Library/Bee/artifacts/rsp/2655319114021734818.rsp
[169/200    0s] MovedFromExtractor Library/Bee/artifacts/mvdfrm/UnityEditor.MathematicsModule.dll_7CD6511A59D43A03.mvfrm
[170/200    0s] MovedFromExtractor Library/Bee/artifacts/mvdfrm/UnityEditor.LightingModule.dll_00C26F96ED022153.mvfrm
[171/200    0s] MovedFromExtractor Library/Bee/artifacts/mvdfrm/UnityEditor.GridModule.dll_1DC2B37D1695C01D.mvfrm
[172/200    0s] MovedFromExtractor Library/Bee/artifacts/mvdfrm/UnityEditor.HierarchyModule.dll_B5E3FBD3FF2F9D82.mvfrm
[173/200    0s] MovedFromExtractor Library/Bee/artifacts/mvdfrm/UnityEditor.WindowsStandalone.Extensions.dll_2B5DC5117BA4DFDA.mvfrm
[174/200    0s] MovedFromExtractor Library/Bee/artifacts/mvdfrm/UnityEditor.WebGL.Extensions.dll_57AC3C475C2A55EA.mvfrm
[175/200    0s] MovedFromExtractor Library/Bee/artifacts/mvdfrm/UnityEngine.NVIDIAModule.dll_D0277B7A505A0DDD.mvfrm
[176/200    0s] MovedFromExtractor Library/Bee/artifacts/mvdfrm/UnityEngine.HierarchyModule.dll_6BC9ECBCE4AF4F67.mvfrm
[177/200    0s] MovedFromExtractor Library/Bee/artifacts/mvdfrm/UnityEngine.AMDModule.dll_B79DF6ECA62E43EA.mvfrm
[178/200    0s] MovedFromExtractor Library/Bee/artifacts/mvdfrm/UnityEditor.Graphs.dll_FE3AB981DA5A0E58.mvfrm
[179/200    0s] MovedFromExtractor-Combine Library/Bee/artifacts/1900b0aE.dag/UnityEngine.TestRunner.dll.mvfrm
[180/200    0s] ILPP-Configuration Library/ilpp-configuration.nevergeneratedoutput
[           0s] Csc Library/Bee/artifacts/1900b0aE.dag/UnityEngine.TestRunner.dll (+2 others) [CacheMiss 0193f45011ca04234ddbc68e1e88da8b00000000000000000000000000000006]
[181/200    1s] Csc Library/Bee/artifacts/1900b0aE.dag/UnityEngine.TestRunner.dll (+2 others)
[           0s] Csc Library/Bee/artifacts/1900b0aE.dag/UnityEngine.TestRunner.dll (+2 others) [CacheWrite 0193f45011ca04234ddbc68e1e88da8b00000000000000000000000000000006]
[182/200    0s] MovedFromExtractor Library/Bee/artifacts/mvdfrm/UnityEngine.TestRunner.ref.dll_E55D0F7C63F01D9E.mvfrm
[183/200    0s] MovedFromExtractor-Combine Library/Bee/artifacts/1900b0aE.dag/UnityEditor.TestRunner.dll.mvfrm
[           0s] Csc Library/Bee/artifacts/1900b0aE.dag/UnityEditor.TestRunner.dll (+2 others) [CacheMiss ebd7e0a343617f75fdf5a2ad53313bd100000000000000000000000000000006]
[184/200    0s] ILPostProcess Library/Bee/artifacts/1900b0aE.dag/post-processed/UnityEngine.TestRunner.dll (+pdb)
Processing assembly Library/Bee/artifacts/1900b0aE.dag/UnityEngine.TestRunner.dll, with 149 defines and 287 references

processors: zzzUnity.Burst.CodeGen.BurstILPostProcessor

1 processor(s) skipped this assembly
[185/200    0s] CopyFiles Library/ScriptAssemblies/UnityEngine.TestRunner.pdb
[186/200    0s] CopyFiles Library/ScriptAssemblies/UnityEngine.TestRunner.dll
[187/200    1s] Csc Library/Bee/artifacts/1900b0aE.dag/UnityEditor.TestRunner.dll (+2 others)
[           0s] Csc Library/Bee/artifacts/1900b0aE.dag/UnityEditor.TestRunner.dll (+2 others) [CacheWrite ebd7e0a343617f75fdf5a2ad53313bd100000000000000000000000000000006]
[188/200    0s] ILPostProcess Library/Bee/artifacts/1900b0aE.dag/post-processed/UnityEditor.TestRunner.dll (+pdb)
Processing assembly Library/Bee/artifacts/1900b0aE.dag/UnityEditor.TestRunner.dll, with 147 defines and 297 references

processors: zzzUnity.Burst.CodeGen.BurstILPostProcessor

1 processor(s) skipped this assembly
[189/200    0s] MovedFromExtractor Library/Bee/artifacts/mvdfrm/UnityEditor.TestRunner.ref.dll_193EC4CE382CBFB3.mvfrm
[190/200    0s] CopyFiles Library/ScriptAssemblies/UnityEditor.TestRunner.pdb
[191/200    0s] MovedFromExtractor-Combine Library/Bee/artifacts/1900b0aE.dag/Unity.VisualStudio.Editor.dll.mvfrm
[192/200    0s] MovedFromExtractor-Combine Library/Bee/artifacts/1900b0aE.dag/Unity.Rider.Editor.dll.mvfrm
[193/200    0s] CopyFiles Library/ScriptAssemblies/UnityEditor.TestRunner.dll
[           0s] Csc Library/Bee/artifacts/1900b0aE.dag/Unity.VisualStudio.Editor.dll (+2 others) [CacheMiss a2b779c3b4eb64958b821f64eff9070d00000000000000000000000000000006]
[           0s] Csc Library/Bee/artifacts/1900b0aE.dag/Unity.Rider.Editor.dll (+2 others) [CacheMiss c249161a54819c517def53099c41c00600000000000000000000000000000006]
[194/200    0s] Csc Library/Bee/artifacts/1900b0aE.dag/Unity.Rider.Editor.dll (+2 others)
[195/200    0s] Csc Library/Bee/artifacts/1900b0aE.dag/Unity.VisualStudio.Editor.dll (+2 others)
[           0s] Csc Library/Bee/artifacts/1900b0aE.dag/Unity.Rider.Editor.dll (+2 others) [CacheWrite c249161a54819c517def53099c41c00600000000000000000000000000000006]
[196/200    0s] CopyFiles Library/ScriptAssemblies/Unity.Rider.Editor.dll
[197/200    0s] CopyFiles Library/ScriptAssemblies/Unity.Rider.Editor.pdb
[           0s] Csc Library/Bee/artifacts/1900b0aE.dag/Unity.VisualStudio.Editor.dll (+2 others) [CacheWrite a2b779c3b4eb64958b821f64eff9070d00000000000000000000000000000006]
[198/200    0s] CopyFiles Library/ScriptAssemblies/Unity.VisualStudio.Editor.dll
[199/200    0s] CopyFiles Library/ScriptAssemblies/Unity.VisualStudio.Editor.pdb
*** Tundra build success (8.85 seconds), 199 items updated, 200 evaluated
AssetDatabase: script compilation time: 9.872362s
Begin MonoManager ReloadAssembly
Importing 'GUID: 00000000000000001000000000000000 - Path: Assets' with importer (DefaultImporter)
Imported 'GUID: 00000000000000001000000000000000' -> (Import Result ID: '2740a6f043b2b326bdd7512375e96e57') in 0.014 seconds [static dependencies only]. Details - ImportResultOutputID=0bd79294e96b4d95e7775c04af3ef4c2 DependenciesID=5ddfff5767c8d340f2421f4cedfc88ba StaticDependenciesID=3cc2fb38edf9553804fe976b0521b786 
Importing 'GUID: 00000000000000002000000000000000 - Path: ProjectSettings/InputManager.asset' with importer (LibraryAssetImporter)
Imported 'GUID: 00000000000000002000000000000000' -> (Import Result ID: 'd54c3b22344f5659d8f1231ca12dc27f') in 0.002 seconds [static dependencies only]. Details - ImportResultOutputID=6ef5aadfef77827e2c23b904de4fe67c DependenciesID=230c3dc4decdcee345236da146e5ad56 StaticDependenciesID=121b9d84da6e41ec4ab375ad60d25101 
Importing 'GUID: 00000000000000003000000000000000 - Path: ProjectSettings/TagManager.asset' with importer (LibraryAssetImporter)
Imported 'GUID: 00000000000000003000000000000000' -> (Import Result ID: '1e6e7d057cd946b356f9e987cd4b07b3') in 0.001 seconds [static dependencies only]. Details - ImportResultOutputID=f000288eab4d423778547d37d97a06b9 DependenciesID=f89d6d1c173831a02b6d3e26ee30fc12 StaticDependenciesID=908d26d9b786a623216f2dbc8967611d 
Importing 'GUID: 00000000000000004000000000000000 - Path: ProjectSettings/ProjectSettings.asset' with importer (LibraryAssetImporter)
Imported 'GUID: 00000000000000004000000000000000' -> (Import Result ID: 'c79086fc933ef1c4acce9891c8f1e894') in 0.001 seconds [static dependencies only]. Details - ImportResultOutputID=054c890a8f4b6dddbea933bc5e4b7df4 DependenciesID=e258f7465f3e9097e56b25c431db294a StaticDependenciesID=3eb44671471ddebd70c03ca5089ce3cd 
Importing 'GUID: 00000000000000006000000000000000 - Path: ProjectSettings/AudioManager.asset' with importer (LibraryAssetImporter)
Imported 'GUID: 00000000000000006000000000000000' -> (Import Result ID: '0f7614d2b61231e66ee7f08dc4ae9926') in 0.001 seconds [static dependencies only]. Details - ImportResultOutputID=d41ed101cdcb18327994de285944fd39 DependenciesID=971e702b08573c691c2dabd97b908d9f StaticDependenciesID=78bf59eed39219d4e919165573f8eef1 
Importing 'GUID: 00000000000000007000000000000000 - Path: ProjectSettings/TimeManager.asset' with importer (LibraryAssetImporter)
Imported 'GUID: 00000000000000007000000000000000' -> (Import Result ID: '7e12a84cd7ab56012d9fa64ef2a5a4da') in 0.001 seconds [static dependencies only]. Details - ImportResultOutputID=888360dbe4cb337dfbc4897083ee474b DependenciesID=d13400a85efeabf30011f29052cf7157 StaticDependenciesID=9d73b30445d3b0990b0ddb8080a69504 
Importing 'GUID: 00000000000000008000000000000000 - Path: ProjectSettings/DynamicsManager.asset' with importer (LibraryAssetImporter)
Imported 'GUID: 00000000000000008000000000000000' -> (Import Result ID: '23ddf6fbe10c2b6b5e8bec0228f7ac7e') in 0.001 seconds [static dependencies only]. Details - ImportResultOutputID=f4e5ea74158efa9a7415a6abc5cfeedf DependenciesID=d4c306ea373454e2dcd748eabdb4077a StaticDependenciesID=426956d523914bf9eb4eac107536faaf 
Importing 'GUID: 00000000000000009000000000000000 - Path: ProjectSettings/QualitySettings.asset' with importer (LibraryAssetImporter)
Imported 'GUID: 00000000000000009000000000000000' -> (Import Result ID: 'cfacddb94c7f35942200be5b26936a31') in 0.001 seconds [static dependencies only]. Details - ImportResultOutputID=2a108b3da874f726c62fbe5f12be4a8a DependenciesID=ce94357f9d985fee94e420676a2fe093 StaticDependenciesID=5474af2cf0fa33f587753d1e75f2c1c8 
Importing 'GUID: 0000000000000000b000000000000000 - Path: ProjectSettings/EditorBuildSettings.asset' with importer (LibraryAssetImporter)
Imported 'GUID: 0000000000000000b000000000000000' -> (Import Result ID: '72e6454857aabd9625fb37b5d4ab19c5') in 0.001 seconds [static dependencies only]. Details - ImportResultOutputID=0a89a5c5f492143e0fa186859e17ba6f DependenciesID=770db2f2a6eea813e0a8c0ff64b695e7 StaticDependenciesID=581d8cc28ba5405024945b229dd04bca 
Importing 'GUID: 0000000000000000c000000000000000 - Path: ProjectSettings/EditorSettings.asset' with importer (LibraryAssetImporter)
Imported 'GUID: 0000000000000000c000000000000000' -> (Import Result ID: '7c933e0beadf8ace339c6b8c661dc81a') in 0.001 seconds [static dependencies only]. Details - ImportResultOutputID=9bf1f3a6d7407228d033acb548d88253 DependenciesID=6bb40170ca58bee95a7b250733be5a53 StaticDependenciesID=d061d61168fd9a74717e037458ab8d29 
Importing 'GUID: 00000000000000004100000000000000 - Path: ProjectSettings/NavMeshAreas.asset' with importer (LibraryAssetImporter)
Imported 'GUID: 00000000000000004100000000000000' -> (Import Result ID: '6d45cdfeb1bfb40d77eb18bc05170f5d') in 0.001 seconds [static dependencies only]. Details - ImportResultOutputID=431705ea786ba1fb0433b092fce391ed DependenciesID=006428ac89fa115e63b6f00fffd937e0 StaticDependenciesID=afafb33f82de12e3a954cd98f4797c04 
Importing 'GUID: 00000000000000005100000000000000 - Path: ProjectSettings/Physics2DSettings.asset' with importer (LibraryAssetImporter)
Imported 'GUID: 00000000000000005100000000000000' -> (Import Result ID: 'f1652250d9522d997e858e51811866b0') in 0.001 seconds [static dependencies only]. Details - ImportResultOutputID=d4b28e6b7b96fa6bea7060628c401421 DependenciesID=76eaecec6542fae294fadd0a55b77318 StaticDependenciesID=735d23946e78ba36e471289568abbbab 
Importing 'GUID: 00000000000000006100000000000000 - Path: ProjectSettings/GraphicsSettings.asset' with importer (LibraryAssetImporter)
Imported 'GUID: 00000000000000006100000000000000' -> (Import Result ID: '2b424917b86b4326efce30230a0e1dd7') in 0.001 seconds [static dependencies only]. Details - ImportResultOutputID=a2dcdb8bc9503711bc0f2e2d72cfd36c DependenciesID=4f961b59e9eb7b2ace1507aa2e1bf608 StaticDependenciesID=d1bf73f22f0167ad4cbee6a2cd781f18 
Importing 'GUID: 00000000000000007100000000000000 - Path: ProjectSettings/ClusterInputManager.asset' with importer (LibraryAssetImporter)
Imported 'GUID: 00000000000000007100000000000000' -> (Import Result ID: '8b2639835f617a8cc4a6d5700c2d349c') in 0.001 seconds [static dependencies only]. Details - ImportResultOutputID=588fc89fed83f51a5c1aa7c8db0cdfd8 DependenciesID=d1cf642007960b4b48fd712639d5e706 StaticDependenciesID=8551dfd6d84e41d9986952666a9ba359 
Importing 'GUID: 0000000000000000a100000000000000 - Path: ProjectSettings/UnityConnectSettings.asset' with importer (LibraryAssetImporter)
Imported 'GUID: 0000000000000000a100000000000000' -> (Import Result ID: 'b565bd3d8eb3f4c6401768ad054c044a') in 0.001 seconds [static dependencies only]. Details - ImportResultOutputID=a2c5944bc70168a38041609ba26dc022 DependenciesID=1df078de649543b06cff47dd6e37c19c StaticDependenciesID=b62be061353e764657891ceb3edf75d8 
Importing 'GUID: 0000000000000000b100000000000000 - Path: ProjectSettings/PresetManager.asset' with importer (LibraryAssetImporter)
Imported 'GUID: 0000000000000000b100000000000000' -> (Import Result ID: 'a96645bc3dfaaa3fd6624b6af3cbf7ad') in 0.001 seconds [static dependencies only]. Details - ImportResultOutputID=6bbf2909d22cca2bf12a4801b098b013 DependenciesID=21947c2b285f338af91358dbec501674 StaticDependenciesID=3deada782f54d913ad057dcb2a298072 
Importing 'GUID: 0000000000000000c100000000000000 - Path: ProjectSettings/VFXManager.asset' with importer (LibraryAssetImporter)
Imported 'GUID: 0000000000000000c100000000000000' -> (Import Result ID: '03eb0499df42a4a61a34c0d2fd54e7fc') in 0.001 seconds [static dependencies only]. Details - ImportResultOutputID=f89698b22875eebc454842245beb374c DependenciesID=1c60a66083b27041e66a3984e2648ca5 StaticDependenciesID=fb20715fce8835e3fbcdfece855d8c20 
Importing 'GUID: 0000000000000000d100000000000000 - Path: ProjectSettings/VersionControlSettings.asset' with importer (LibraryAssetImporter)
Imported 'GUID: 0000000000000000d100000000000000' -> (Import Result ID: '3e83132be3119f6d54f790f3f2e69c30') in 0.001 seconds [static dependencies only]. Details - ImportResultOutputID=fe7ea0ac71117227a6d09fba509747a9 DependenciesID=7d2bdc5d73a279af664e1fab02935448 StaticDependenciesID=84a73b2c199e7b6cd4d5a5a807690cd5 
Importing 'GUID: 0000000000000000f100000000000000 - Path: ProjectSettings/MemorySettings.asset' with importer (LibraryAssetImporter)
Imported 'GUID: 0000000000000000f100000000000000' -> (Import Result ID: '363ed5e7b1a76b0d9be70c126ddd68d6') in 0.001 seconds [static dependencies only]. Details - ImportResultOutputID=bc4e563a9c6fd2d5b4495e4db9c0cc0a DependenciesID=8d4957beda44c649eca15614de97dfbd StaticDependenciesID=a036f858cdc5b11b43d3059eda0534a1 
Importing 'GUID: 00000000000000000200000000000000 - Path: ProjectSettings/MultiplayerManager.asset' with importer (LibraryAssetImporter)
Imported 'GUID: 00000000000000000200000000000000' -> (Import Result ID: '333e9487201c67eebf53d6bf32ba5cdd') in 0.001 seconds [static dependencies only]. Details - ImportResultOutputID=0f99ec37a18b74b8746d5bfd6ca7ca98 DependenciesID=f4ea9893daa7c737bf136b994f0d93e3 StaticDependenciesID=62f4092d43bb367de83e94b1107c958a 
Importing 'GUID: 00000000000000001200000000000000 - Path: ProjectSettings/PhysicsCoreProjectSettings2D.asset' with importer (LibraryAssetImporter)
Imported 'GUID: 00000000000000001200000000000000' -> (Import Result ID: '990209b38044adfcfcf62e5b91ce1492') in 0.003 seconds [static dependencies only]. Details - ImportResultOutputID=fdcbf67861d1bc63eeeff8a918d0a8f1 DependenciesID=36b714542e13086a81b86f10149adff5 StaticDependenciesID=60cad0a1014b5338d21435bab7167415 
Importing 'GUID: 00000000000000002300000000000000 - Path: Library/BuildInstructions' with importer (DefaultImporter)
Imported 'GUID: 00000000000000002300000000000000' -> (Import Result ID: 'a80670de179e9c16064fd8e990e76876') in 0.001 seconds [static dependencies only]. Details - ImportResultOutputID=f125fbf11ce4ab979114dbed2f4fa98b DependenciesID=767c01dfc0924be3719004476dc4df22 StaticDependenciesID=e445e0bffc1e4a1d2bd6a79525da9468 
Importing 'GUID: c060426bfd6e82575228df6656368eaa - Path: Packages/com.unity.modules.imgui' with importer (DefaultImporter)
Imported 'GUID: c060426bfd6e82575228df6656368eaa' -> (Import Result ID: '682d49718337f9e8ad0c1953342b952a') in 0.001 seconds [static dependencies only]. Details - ImportResultOutputID=f5fc001a1ad129788ee2159d776db60d DependenciesID=6764ce33a9e0cede05d0ddf1e96d75b9 StaticDependenciesID=2e56775f807a7b7fbf419a5f33245a15 
Importing 'GUID: 1158e311a3101950348dcecb1bebc42d - Path: Packages/com.unity.modules.animation' with importer (DefaultImporter)
Imported 'GUID: 1158e311a3101950348dcecb1bebc42d' -> (Import Result ID: '1cb0286f7bb4c7d360b6caf15ede32b0') in 0.001 seconds [static dependencies only]. Details - ImportResultOutputID=97d562cce453a32c309d667bce4112d1 DependenciesID=52f4022a640f0eac7e51a897036d8e8d StaticDependenciesID=e943035d232a48aff280a6118f5ffaef 
Importing 'GUID: 515638b803bef8599dbd6d5c8bdaa53e - Path: Packages/com.unity.modules.xr' with importer (DefaultImporter)
Imported 'GUID: 515638b803bef8599dbd6d5c8bdaa53e' -> (Import Result ID: 'c863a302c93da23f9b787b182838053f') in 0.001 seconds [static dependencies only]. Details - ImportResultOutputID=4abc2d12d7cb863eccc06f40fa668046 DependenciesID=7cda08148d34c645c546687368e4e331 StaticDependenciesID=d7b74c9ab0bacc304e199bd48aac46ea 
Importing 'GUID: b219c86ce508e478367c0a46e1aa9fe4 - Path: Packages/com.unity.modules.assetbundle' with importer (DefaultImporter)
Imported 'GUID: b219c86ce508e478367c0a46e1aa9fe4' -> (Import Result ID: 'd579235fe42056f50dec7b5f78e8418d') in 0.001 seconds [static dependencies only]. Details - ImportResultOutputID=3b865eb0e861e2684118da921a42770f DependenciesID=b34e02bc9610c79a0e3caf9966c9109c StaticDependenciesID=c50e91621288bc046ceef15624b81bd8 
Importing 'GUID: 04c6898809c37620ac863cc2a5d7c4d0 - Path: Packages/com.unity.modules.vectorgraphics' with importer (DefaultImporter)
Imported 'GUID: 04c6898809c37620ac863cc2a5d7c4d0' -> (Import Result ID: 'd21bec1616e53d255574d9cd0201e3f9') in 0.001 seconds [static dependencies only]. Details - ImportResultOutputID=98c0b597d8afa397b819beb7a43f5fac DependenciesID=6667ea3006c4561dd0dfaf5412302ccf StaticDependenciesID=88905f6b6cdccd2cb95e2927cc1a3df1 
Importing 'GUID: 5469ef0820152a4ae45d400fdc4626e4 - Path: Packages/com.unity.modules.screencapture' with importer (DefaultImporter)
Imported 'GUID: 5469ef0820152a4ae45d400fdc4626e4' -> (Import Result ID: 'e0014a8d499b436e2e372ff968958bc9') in 0.001 seconds [static dependencies only]. Details - ImportResultOutputID=93e2e0095437a3f0b6c6f329c875f5e8 DependenciesID=836be4a1c8e0478ac67837d8b35ecfc4 StaticDependenciesID=9fea1899b8e13368a8f75cb958effa91 
Importing 'GUID: c4df1124e2787ee0c8d1a911de17ee73 - Path: Packages/com.unity.modules.cloth' with importer (DefaultImporter)
Imported 'GUID: c4df1124e2787ee0c8d1a911de17ee73' -> (Import Result ID: '90d1e803345d162d9893c4276810bdda') in 0.001 seconds [static dependencies only]. Details - ImportResultOutputID=0b75edd4713af0c60b6538f3fc21bbac DependenciesID=8e3da12c7bafcf02c47b26114c4da198 StaticDependenciesID=13465632f2451e2958f144130c30ea24 
Importing 'GUID: 25151ed74dce0c18857ead186416ac0c - Path: Packages/com.unity.modules.tetgen' with importer (DefaultImporter)
Imported 'GUID: 25151ed74dce0c18857ead186416ac0c' -> (Import Result ID: 'ad3d3ff065b099f3d3d989c01a95b76e') in 0.001 seconds [static dependencies only]. Details - ImportResultOutputID=7135452d37129296f8f5f522edc0cf0e DependenciesID=e34149d0dd79a755583c28b3d97cab01 StaticDependenciesID=fca226df487fba45a034e6c70bc853ff 
Importing 'GUID: 850c54ee0b9e1aa740b1c67792eb1f26 - Path: Packages/com.unity.modules.imageconversion' with importer (DefaultImporter)
Imported 'GUID: 850c54ee0b9e1aa740b1c67792eb1f26' -> (Import Result ID: 'af90ed7476409e3905a496d14f73b0b3') in 0.000 seconds [static dependencies only]. Details - ImportResultOutputID=25e734cd17db43fca0a5646b579b21a1 DependenciesID=90c0129b19f84391f2419c00975c86bf StaticDependenciesID=b48e8f51d07b36dd8eb41f52bf2ba024 
Importing 'GUID: 95f85adeda79e994f011eb2152cf4fc9 - Path: Packages/com.unity.modules.terrainphysics' with importer (DefaultImporter)
Imported 'GUID: 95f85adeda79e994f011eb2152cf4fc9' -> (Import Result ID: 'a2645d29d8b6e7ce765b0a71c8fde07a') in 0.001 seconds [static dependencies only]. Details - ImportResultOutputID=2de9e307301bed78f620e1b3216ab46d DependenciesID=489c13d7d5dbf10040e5b19d47780b8f StaticDependenciesID=07ff05ffd577d0ee9d59cccee746e97e 
Importing 'GUID: c522a644a29fcab2eaf63298c118a65b - Path: Packages/com.unity.modules.unitywebrequest' with importer (DefaultImporter)
Imported 'GUID: c522a644a29fcab2eaf63298c118a65b' -> (Import Result ID: '35a749b2771ad0b4b5b34b5d03bd8927') in 0.000 seconds [static dependencies only]. Details - ImportResultOutputID=42d17fa5e199085b5ebf5fe43fc0c3d6 DependenciesID=ce37d507f238dcd94a9d3e589600c542 StaticDependenciesID=7efec60060c890ac0bae1bf9ffddf104 
Importing 'GUID: d5f0b0adc6826e9dd3b72e292e8438be - Path: Packages/com.unity.modules.unitywebrequestassetbundle' with importer (DefaultImporter)
Imported 'GUID: d5f0b0adc6826e9dd3b72e292e8438be' -> (Import Result ID: 'b0bf9ebd083072b9d2772ff760b138a0') in 0.001 seconds [static dependencies only]. Details - ImportResultOutputID=0d6659e8e2d823a2c3b0031d1bb70f46 DependenciesID=adc45c23fabcf57940d4f0557c73390d StaticDependenciesID=72ff8d7bce36ab98adec41c76a73ca55 
Importing 'GUID: 56b94a5b6990c879bb0f057719d1064b - Path: Packages/com.unity.modules.subsystems' with importer (DefaultImporter)
Imported 'GUID: 56b94a5b6990c879bb0f057719d1064b' -> (Import Result ID: '1e1cac68e3dc83406039b3e43f583f41') in 0.001 seconds [static dependencies only]. Details - ImportResultOutputID=591e9811461758a92a9a5eebd6cecb29 DependenciesID=5d1820edfdde2b2d4fabcc25ffb06c61 StaticDependenciesID=8646805af60443a28f57ca14888394d2 
Importing 'GUID: d6c6a000a805f00649b36b542e8426c2 - Path: Packages/com.unity.modules.unityanalytics' with importer (DefaultImporter)
Imported 'GUID: d6c6a000a805f00649b36b542e8426c2' -> (Import Result ID: 'fc2791e35f078eae4b236800632f7916') in 0.001 seconds [static dependencies only]. Details - ImportResultOutputID=404c94bd647a52d20e25d58febc853db DependenciesID=53973ece9e77b50e0b665c02b5f9cf61 StaticDependenciesID=07ccf3242da58ddd33f9f34377a02471 
Importing 'GUID: d6db7caf2e852b75ebb9c6098418179c - Path: Packages/com.unity.modules.physics' with importer (DefaultImporter)
Imported 'GUID: d6db7caf2e852b75ebb9c6098418179c' -> (Import Result ID: '9421eab3ec98d72e486581695fe386a6') in 0.000 seconds [static dependencies only]. Details - ImportResultOutputID=d99447c570abb9a9d540ac85d945527e DependenciesID=1576c1ebbc2e43cb8cd783a66da88e02 StaticDependenciesID=439d4caa592175ac26fb77639f400716 
Importing 'GUID: 376c84ea405e0f2b80562c23bb977216 - Path: Packages/com.unity.modules.physics2d' with importer (DefaultImporter)
Imported 'GUID: 376c84ea405e0f2b80562c23bb977216' -> (Import Result ID: '46fcc1a3300c8fe45a973eefc3817c4d') in 0.000 seconds [static dependencies only]. Details - ImportResultOutputID=76abd9b5f9d9723c46af1bb476315b64 DependenciesID=c7cdb6995e1fd6f8bb262dc47a15263a StaticDependenciesID=9eb03461e036054c251ca5627068ed0b 
Importing 'GUID: b77b1ad9c05af0412725856c6c53b037 - Path: Packages/com.unity.modules.wind' with importer (DefaultImporter)
Imported 'GUID: b77b1ad9c05af0412725856c6c53b037' -> (Import Result ID: 'b022eb5c72de662c91deef513e2b9f9e') in 0.001 seconds [static dependencies only]. Details - ImportResultOutputID=0a486d2f85568b494a776277e829c892 DependenciesID=0b0cf31f8861a80454670ca002b592f5 StaticDependenciesID=d099c1903e87c349148c1cd2a049849c 
Importing 'GUID: c72c70ec0dc14895c2a062d690485576 - Path: Packages/com.unity.test-framework' with importer (DefaultImporter)
Imported 'GUID: c72c70ec0dc14895c2a062d690485576' -> (Import Result ID: 'c2e37b6dd33afc93bd441c5b2e04aca2') in 0.001 seconds [static dependencies only]. Details - ImportResultOutputID=860856971941c6002997bd0301743dca DependenciesID=9c16e414711a5b87739efa699d3ccb36 StaticDependenciesID=834dcc71b6307b2d9cef8e0fe10a93a4 
Importing 'GUID: 2808ba6bccb2478ec9c7209d8bf1f3cc - Path: Packages/com.unity.modules.uielements' with importer (DefaultImporter)
Imported 'GUID: 2808ba6bccb2478ec9c7209d8bf1f3cc' -> (Import Result ID: '153312f574ed1d0674a499dcf69f6e2e') in 0.001 seconds [static dependencies only]. Details - ImportResultOutputID=12cb061fd9999a181bc535c6b37ba619 DependenciesID=3775b7c3743238b3a9049dc6ee9ac479 StaticDependenciesID=c9f81fd34bb8d67e782b0e178c6451fc 
Importing 'GUID: 38e3a8976f0b9c586b6dfbcef4e4066c - Path: Packages/com.unity.modules.unitywebrequestaudio' with importer (DefaultImporter)
Imported 'GUID: 38e3a8976f0b9c586b6dfbcef4e4066c' -> (Import Result ID: 'c619ed6d867c9697591f0aa25aa34bdb') in 0.001 seconds [static dependencies only]. Details - ImportResultOutputID=d1f3114c05e2cb5c6a5bb7e50160fe1d DependenciesID=20f019fc40094542b06406247fc1855f StaticDependenciesID=7ccd079c63a61d87ddc0234b9358de49 
Importing 'GUID: 48b10b41f58d5b49717f376cda59eeb8 - Path: Packages/com.unity.modules.particlesystem' with importer (DefaultImporter)
Imported 'GUID: 48b10b41f58d5b49717f376cda59eeb8' -> (Import Result ID: 'bd6c81b6eb8c41828acf5ad24d7db931') in 0.001 seconds [static dependencies only]. Details - ImportResultOutputID=6f138f103c8fc43882742e06d06ccf40 DependenciesID=48ae7ef00f9ac721edcdfad9583a1295 StaticDependenciesID=cdb9aa2fff4a61118cb0122aeb860ec7 
Importing 'GUID: 783ee1c8fd4414848db1be97aacf44fb - Path: Packages/com.unity.modules.accessibility' with importer (DefaultImporter)
Imported 'GUID: 783ee1c8fd4414848db1be97aacf44fb' -> (Import Result ID: 'd97fd9100026c83b7eab6442b35a6dfe') in 0.001 seconds [static dependencies only]. Details - ImportResultOutputID=b1a6fb629863cf49412e01a1187bce30 DependenciesID=ab378ab1f895b7da7c274adfb847146d StaticDependenciesID=1820134102485c8dcf06b8f28d566909 
Importing 'GUID: 09e28640d754a611467eebfb261ed749 - Path: Packages/com.unity.modules.tilemap' with importer (DefaultImporter)
Imported 'GUID: 09e28640d754a611467eebfb261ed749' -> (Import Result ID: '91f01c3ec1303f55e7d4d2c1a39ad2ff') in 0.000 seconds [static dependencies only]. Details - ImportResultOutputID=1afeb32cfcaea483a8ff5041a15448c3 DependenciesID=2d2742a7c503aead8d80bb8a9db947f7 StaticDependenciesID=021b3676001985a689c476087d878f4b 
Importing 'GUID: 39728903e57c60021f80449a8bbc0096 - Path: Packages/com.unity.modules.ui' with importer (DefaultImporter)
Imported 'GUID: 39728903e57c60021f80449a8bbc0096' -> (Import Result ID: 'e4a206413ae403e264c1310773f95923') in 0.001 seconds [static dependencies only]. Details - ImportResultOutputID=b3a99ae549e12123977db11a77fa6dc8 DependenciesID=29c98a9193e31f636bb291b540413632 StaticDependenciesID=64b148cd46a70c82ade3f7e7b5c1a3d8 
Importing 'GUID: 995c08a3305ff9f0dab5e86f340bd9a7 - Path: Packages/com.unity.modules.androidjni' with importer (DefaultImporter)
Imported 'GUID: 995c08a3305ff9f0dab5e86f340bd9a7' -> (Import Result ID: '8d9fec0caa5ce7e5f68a6ab541c3002d') in 0.001 seconds [static dependencies only]. Details - ImportResultOutputID=41e43b0974a24d3349dec4b773ad496c DependenciesID=90c06ce69692aae6d8a89fd575a47967 StaticDependenciesID=42ecc5ca78b6c08022d64898942ebc42 
Importing 'GUID: b975297a992381c1f3257d0e96892c8a - Path: Packages/com.unity.modules.adaptiveperformance' with importer (DefaultImporter)
Imported 'GUID: b975297a992381c1f3257d0e96892c8a' -> (Import Result ID: '5dd5375c68fa3e6abf2dd2eab8f3129b') in 0.001 seconds [static dependencies only]. Details - ImportResultOutputID=0cd6330dcea8a5bd6d28730f133919ed DependenciesID=0ff1fb351239dca6cd6b0fbaafdc6d08 StaticDependenciesID=992c185302a1e43be8290147a49a88b4 
Importing 'GUID: f9f63097209c6bab2b6e9dfd4032a134 - Path: Packages/com.unity.ide.rider' with importer (DefaultImporter)
Imported 'GUID: f9f63097209c6bab2b6e9dfd4032a134' -> (Import Result ID: 'eb59597365413c6de3d7289bc7fd30c2') in 0.001 seconds [static dependencies only]. Details - ImportResultOutputID=2d229295d81b5623fd2d00a33a952e80 DependenciesID=cef6e249dd830d3155389df75f36a654 StaticDependenciesID=29f2d8a37ef0c15c117534e2958d346c 
Importing 'GUID: cae78bb88f8c8675e30d16908805e79d - Path: Packages/com.unity.modules.timelinefoundation' with importer (DefaultImporter)
Imported 'GUID: cae78bb88f8c8675e30d16908805e79d' -> (Import Result ID: 'ea0e075dc8747fa2dad92aa60a98d1eb') in 0.001 seconds [static dependencies only]. Details - ImportResultOutputID=35905693e3216167cee053e3e1b8184e DependenciesID=8f823fd19bdbf3d450ef6f4a3159c9b1 StaticDependenciesID=b16c0b43e2d1595a5fdf54aaaf0e3f3e 
Importing 'GUID: 6b81377a4453ba7362eb3322f9bcc6c6 - Path: Packages/com.unity.modules.hierarchycore' with importer (DefaultImporter)
Imported 'GUID: 6b81377a4453ba7362eb3322f9bcc6c6' -> (Import Result ID: '8053c8d7db29af5fb0397e31dc86d875') in 0.001 seconds [static dependencies only]. Details - ImportResultOutputID=b0f4c945e5b6d2aa74b5842b405198e4 DependenciesID=c32b8cafebbc9f2d375525771f4ac028 StaticDependenciesID=49f6e71f33c0322e78878928ccd547ff 
Importing 'GUID: 1cf2469083ffa484da4d78dd70d708e8 - Path: Packages/com.unity.modules.vehicles' with importer (DefaultImporter)
Imported 'GUID: 1cf2469083ffa484da4d78dd70d708e8' -> (Import Result ID: '1fd876edd6f47d29c67cb20ce78b5deb') in 0.000 seconds [static dependencies only]. Details - ImportResultOutputID=d37813053da7924b8632088a8e5223e5 DependenciesID=bcdfeb2afe71922b0a0805d74914b039 StaticDependenciesID=7979be20ea7bbdb7a5df1132be287211 
Importing 'GUID: 9c7c268fa6492449654839df69f2a2f4 - Path: Packages/com.unity.modules.umbra' with importer (DefaultImporter)
Imported 'GUID: 9c7c268fa6492449654839df69f2a2f4' -> (Import Result ID: '00805290f3f96867e214b997460f75b1') in 0.000 seconds [static dependencies only]. Details - ImportResultOutputID=5992b0bcc1e4bb97278147d3456844ab DependenciesID=2d6c43174266d7992d49b52cac077ded StaticDependenciesID=8676463a2677bf46e4389aef917bc42c 
Importing 'GUID: dcc8c6e92b172a65719af5ddf47dd968 - Path: Packages/com.unity.modules.unitywebrequestwww' with importer (DefaultImporter)
Imported 'GUID: dcc8c6e92b172a65719af5ddf47dd968' -> (Import Result ID: '961b8fd983d26f856fd78b91f0db379c') in 0.000 seconds [static dependencies only]. Details - ImportResultOutputID=b884c6996f4168ec055a21bc3df6135a DependenciesID=dc4e5fb8a9d3128049bde219dbc5f1bc StaticDependenciesID=1629687512ed27ed8fceaf1d8e76b02a 
Importing 'GUID: fc3a810351931f5e6183e16b9beb5563 - Path: Packages/com.unity.modules.jsonserialize' with importer (DefaultImporter)
Imported 'GUID: fc3a810351931f5e6183e16b9beb5563' -> (Import Result ID: '4c717e052ed35040b01181b8aeeabdce') in 0.000 seconds [static dependencies only]. Details - ImportResultOutputID=3becf28e3d8c6fcaad27baf9eff49eb7 DependenciesID=848cd90e9b19286877089217404f8606 StaticDependenciesID=36176ea3334c5c247398aca84b71bb81 
Importing 'GUID: 2d142b475fbfb8cf12ba3a795194300a - Path: Packages/com.unity.modules.director' with importer (DefaultImporter)
Imported 'GUID: 2d142b475fbfb8cf12ba3a795194300a' -> (Import Result ID: '8cbf287d051a321e64fdde141fecf2a9') in 0.000 seconds [static dependencies only]. Details - ImportResultOutputID=8da594cb73801a0203564c7a50c97887 DependenciesID=d733690a82e2a88fcdc8788c20ac6bed StaticDependenciesID=05b9aad4695553017a56b0bac923cae0 
Importing 'GUID: 2d6ba5cbe47e6ad3c87474c56174d4e0 - Path: Packages/com.unity.modules.audio' with importer (DefaultImporter)
Imported 'GUID: 2d6ba5cbe47e6ad3c87474c56174d4e0' -> (Import Result ID: 'b5aa5d11b09542a046a40d1b9836ff98') in 0.000 seconds [static dependencies only]. Details - ImportResultOutputID=e6811b686232d75db22bc2980b93bbaf DependenciesID=6751c7af021b92ac82702bc31f5cbdd7 StaticDependenciesID=c2d0f4358e023c44cf92941866870ca5 
Importing 'GUID: ede0462698a4a5643aa9872c074acd38 - Path: Packages/com.unity.modules.video' with importer (DefaultImporter)
Imported 'GUID: ede0462698a4a5643aa9872c074acd38' -> (Import Result ID: '11a9afcfbe909c604b4f4fd82ecd1731') in 0.000 seconds [static dependencies only]. Details - ImportResultOutputID=4e6515b3bd000d511f10952ecb46d019 DependenciesID=477c840358a397b370a501c422ab8f88 StaticDependenciesID=c9d05cc66955a0337e7be42ba854ab1e 
Importing 'GUID: fd871a8be47119612f7c254e96a822b7 - Path: Packages/com.unity.modules.ai' with importer (DefaultImporter)
Imported 'GUID: fd871a8be47119612f7c254e96a822b7' -> (Import Result ID: 'ce9f38b6b386072a0eeb05375ff3d863') in 0.000 seconds [static dependencies only]. Details - ImportResultOutputID=d4f27eba869a1a6ac104a1eee199a73d DependenciesID=a8a5ee84d9e0581e502623006e97521a StaticDependenciesID=6b2e045850e0a09a7f1e8d35410f0745 
Importing 'GUID: 5e22a8d6e557a1b3cae09054b0b5f9d8 - Path: Packages/com.unity.modules.physicscore2d' with importer (DefaultImporter)
Imported 'GUID: 5e22a8d6e557a1b3cae09054b0b5f9d8' -> (Import Result ID: '07edaf449a0a9b117acb9569ab2afb59') in 0.001 seconds [static dependencies only]. Details - ImportResultOutputID=e63105581d85229110be56a07ce9b194 DependenciesID=e74a20b9f862d58818230d53b786679c StaticDependenciesID=1a6acdd98d030a9eaa3796880b97de04 
Importing 'GUID: 6e1c8b97ec8aa0464e92506ffe099558 - Path: Packages/com.unity.modules.terrain' with importer (DefaultImporter)
Imported 'GUID: 6e1c8b97ec8aa0464e92506ffe099558' -> (Import Result ID: '38b887e6118f5d6dc6049e7245ef2f24') in 0.001 seconds [static dependencies only]. Details - ImportResultOutputID=7bffbe27b3074ed188309356b499e191 DependenciesID=22a2d69e145aaf070736cfa33f430edc StaticDependenciesID=9a4538a6dce990dd143d6282d7852b90 
Importing 'GUID: 0fd4e399f8f08ad7d825c8afb134f255 - Path: Packages/com.unity.ide.visualstudio' with importer (DefaultImporter)
Imported 'GUID: 0fd4e399f8f08ad7d825c8afb134f255' -> (Import Result ID: '18e78c50a178140b49e76bc29674c034') in 0.001 seconds [static dependencies only]. Details - ImportResultOutputID=ec68da80d563fdf2b06a4a6e2331dfca DependenciesID=dc57245625133417ec457cea80e1e96c StaticDependenciesID=1137294c1d635dbdda6c27d40a5fd044 
Importing 'GUID: 6f1c7ebc8ac78cb951be24c238cbd3ba - Path: Packages/com.unity.modules.unitywebrequesttexture' with importer (DefaultImporter)
Imported 'GUID: 6f1c7ebc8ac78cb951be24c238cbd3ba' -> (Import Result ID: '79a048a2e3e1bd3fae7a4cc63054a6b4') in 0.000 seconds [static dependencies only]. Details - ImportResultOutputID=7447a1aeb827c07b00333d43bf3a2e88 DependenciesID=9eb4ba80cf14f0fa1e22c5c7582aabe4 StaticDependenciesID=09e96c195b29e1ab3fe8f0b9faadf68b 
Importing 'GUID: 9f2214f1d2afdb23b011c486f9dcea1b - Path: Packages/com.unity.ext.nunit' with importer (DefaultImporter)
Imported 'GUID: 9f2214f1d2afdb23b011c486f9dcea1b' -> (Import Result ID: '92d046cc2ce0e2aa37cd71476c4890ba') in 0.001 seconds [static dependencies only]. Details - ImportResultOutputID=5d48fc592d097cd8671e05de607d44b7 DependenciesID=40443867d3f42fa9691d65597ed1686a StaticDependenciesID=2bca5968263aa8a69066e31e4e57f016 
Importing 'GUID: 9129183a42052cd43b9c284d6dbd541e - Path: Packages/com.unity.ide.rider/Rider' with importer (DefaultImporter)
Imported 'GUID: 9129183a42052cd43b9c284d6dbd541e' -> (Import Result ID: '2e064d669d36b5627aa5adccf43e47a4') in 0.001 seconds [static dependencies only]. Details - ImportResultOutputID=50472d7e4f09d234dadf221da2ac460d DependenciesID=3191c4b4598752bb64810f85d6aa4b8b StaticDependenciesID=d4c51cc78167c7a990c711e25f7fd519 
Importing 'GUID: 950890083f4907541a6ed06d70959e49 - Path: Packages/com.unity.test-framework/UnityEngine.TestRunner' with importer (DefaultImporter)
Imported 'GUID: 950890083f4907541a6ed06d70959e49' -> (Import Result ID: '5422a1785599eb93fb792bbdcb3f16e4') in 0.001 seconds [static dependencies only]. Details - ImportResultOutputID=f6c49cf3c78c1306a347777433ee6db0 DependenciesID=69756093b8a699b18ba8195d0d6da2f4 StaticDependenciesID=8c40e074cc82c029e468974f14c0d290 
Importing 'GUID: 95cdf27b47eb82747ba9e51f41e72a35 - Path: Packages/com.unity.test-framework/UnityEditor.TestRunner' with importer (DefaultImporter)
Imported 'GUID: 95cdf27b47eb82747ba9e51f41e72a35' -> (Import Result ID: '9e4eac3d4be80606c480ab59e98751a9') in 0.002 seconds [static dependencies only]. Details - ImportResultOutputID=a3e11e30e6d6e4421b35206823482237 DependenciesID=9d39b36edadc380c0691b334dbc1ecf9 StaticDependenciesID=f37ac8c8740d138a97ed3450c7fec262 
Importing 'GUID: a962d501f44484c37814dbad5ed605e9 - Path: Packages/com.unity.ext.nunit/net472' with importer (DefaultImporter)
Imported 'GUID: a962d501f44484c37814dbad5ed605e9' -> (Import Result ID: '76b77a009ad5fb72fd70a9115f27f3e1') in 0.001 seconds [static dependencies only]. Details - ImportResultOutputID=3914cdc36fc7f24719fb0ee236ca7348 DependenciesID=50e82c912778d96e34aad6ac493c2930 StaticDependenciesID=f6ddab29764b7085042006a521a63f66 
Importing 'GUID: 4a707af59e3522d43afe34dfc4429b86 - Path: Packages/com.unity.ide.visualstudio/Editor' with importer (DefaultImporter)
Imported 'GUID: 4a707af59e3522d43afe34dfc4429b86' -> (Import Result ID: '9160f5a97c59809f3030a1229da3fa24') in 0.001 seconds [static dependencies only]. Details - ImportResultOutputID=24776a91236061bdcd717ecc29c97f04 DependenciesID=9a93991a953e549808b4636841e7ff35 StaticDependenciesID=9dd1cf8e586c0381789cef366eb6190d 
Importing 'GUID: 936c6340f3468444ebb1785b4c311126 - Path: Packages/com.unity.test-framework/UnityEditor.TestRunner/UnityTestProtocol' with importer (DefaultImporter)
Imported 'GUID: 936c6340f3468444ebb1785b4c311126' -> (Import Result ID: 'bc6496cdfaaafc392525dad260097bbd') in 0.001 seconds [static dependencies only]. Details - ImportResultOutputID=4714ff5427e94daa5aeb958b917aaacd DependenciesID=68c48a8b26e684fc54274df37f409a1d StaticDependenciesID=3abb03fabfd47a992a93761f4f4661a5 
Importing 'GUID: b477d1f29b65a674e9d5cdab4eb72b01 - Path: Packages/com.unity.test-framework/UnityEditor.TestRunner/CommandLineTest' with importer (DefaultImporter)
Imported 'GUID: b477d1f29b65a674e9d5cdab4eb72b01' -> (Import Result ID: 'd4f41dd1b5c53711bf77823560bd1f48') in 0.001 seconds [static dependencies only]. Details - ImportResultOutputID=347f0b734e3646a40393a44e378409d9 DependenciesID=5a385367feb37e7adfec805d3698e690 StaticDependenciesID=d212bef65a570d87ab682ac28d49b4fb 
Importing 'GUID: 95b719082a664ea45bb56759eed1f271 - Path: Packages/com.unity.test-framework/UnityEditor.TestRunner/TestSettings' with importer (DefaultImporter)
Imported 'GUID: 95b719082a664ea45bb56759eed1f271' -> (Import Result ID: '72b019086dcd534785918cbf3b57c64f') in 0.001 seconds [static dependencies only]. Details - ImportResultOutputID=02d9a799a0d85b6973bb6a6373c4fead DependenciesID=31fc233335bf5e1f0be9b71318709999 StaticDependenciesID=2a106916a4c016b5d6904c3d6460f857 
Importing 'GUID: 36422aa067e092e45b9820da2ee3e728 - Path: Packages/com.unity.ide.visualstudio/Editor/COMIntegration' with importer (DefaultImporter)
Imported 'GUID: 36422aa067e092e45b9820da2ee3e728' -> (Import Result ID: '3b1a253a0ef9e29a3f9df6083bc0302f') in 0.001 seconds [static dependencies only]. Details - ImportResultOutputID=85d0ebfb69079172a613a7ccea043221 DependenciesID=1e057067367793670ee9288ef6ede92b StaticDependenciesID=2974e38a59ca99da3e9ca63d964f886d 
Importing 'GUID: 7602252bdb82b8d45ae3483c3a00d3e1 - Path: Packages/com.unity.test-framework/UnityEditor.TestRunner/CommandLineParser' with importer (DefaultImporter)
Imported 'GUID: 7602252bdb82b8d45ae3483c3a00d3e1' -> (Import Result ID: '93a5395bb7cdee65b531379cd6c81923') in 0.001 seconds [static dependencies only]. Details - ImportResultOutputID=8b32be5a03503677079543b7ee882ccf DependenciesID=a44a09122cb0442ac41988b7da877efe StaticDependenciesID=0b5346cd21362481afef2626785d3c15 
Importing 'GUID: d64d92e4f04a13e4b99ea8d48e9e8ae9 - Path: Packages/com.unity.test-framework/UnityEditor.TestRunner/TestLaunchers' with importer (DefaultImporter)
Imported 'GUID: d64d92e4f04a13e4b99ea8d48e9e8ae9' -> (Import Result ID: 'f4856e91216acb16e8b6e9ad33069d23') in 0.001 seconds [static dependencies only]. Details - ImportResultOutputID=0f426670ce7a7cceb4872b922e9dee57 DependenciesID=50699a0b77ed290de6117a82d53e12a5 StaticDependenciesID=e1285cc602019ab6fe506a55b63dfdb1 
Importing 'GUID: 27328db3447b143dcb24e8c854d86028 - Path: Packages/com.unity.ext.nunit/net472/unity-custom' with importer (DefaultImporter)
Imported 'GUID: 27328db3447b143dcb24e8c854d86028' -> (Import Result ID: 'b5ab5c67188a19e0e7b8c33b00b6b956') in 0.001 seconds [static dependencies only]. Details - ImportResultOutputID=82c9abbc1fbb1daf0b240097b4a4abfe DependenciesID=2e1008e3907f1d040d7f460144670c4e StaticDependenciesID=e56b63fc6cf556c84154d44bb4a47884 
Importing 'GUID: 8721cb2237d4a564a94a51f56243bdac - Path: Packages/com.unity.test-framework/UnityEditor.TestRunner/TestRun' with importer (DefaultImporter)
Imported 'GUID: 8721cb2237d4a564a94a51f56243bdac' -> (Import Result ID: '039e0bbb329fe273da60130338de6b1e') in 0.001 seconds [static dependencies only]. Details - ImportResultOutputID=58480bc6d005e3758bfde4d77153df39 DependenciesID=044a2bd9eb33b435c60b45186160234e StaticDependenciesID=73d66df1f085990d1620c5fcbc2657c2 
Importing 'GUID: 19e1940646874613a076c6b01d1f3404 - Path: Packages/com.unity.test-framework/UnityEngine.TestRunner/UnityTestProtocol' with importer (DefaultImporter)
Imported 'GUID: 19e1940646874613a076c6b01d1f3404' -> (Import Result ID: 'e6de84f02c0bc32e75825c10e2069170') in 0.001 seconds [static dependencies only]. Details - ImportResultOutputID=564e4130128747a5c27e3bad27675bac DependenciesID=97579bb077291f2f91b2d8123bca1b12 StaticDependenciesID=b0e91d08b8b4a14e23848696b6fde327 
Importing 'GUID: 49d4c2ab7ff0f4442af256bad7c9d57c - Path: Packages/com.unity.test-framework/UnityEditor.TestRunner/TestRunner' with importer (DefaultImporter)
Imported 'GUID: 49d4c2ab7ff0f4442af256bad7c9d57c' -> (Import Result ID: '3b6a37881959db84d7a13bd4d7b20906') in 0.001 seconds [static dependencies only]. Details - ImportResultOutputID=028738f72b967aadc745355a0db1ed21 DependenciesID=097ab4f26903bf71636188607bf34489 StaticDependenciesID=47c011eae69c4b9aa093137c60c03e01 
Importing 'GUID: 1ad55f5ad04d1d045a1f287409c650dd - Path: Packages/com.unity.test-framework/UnityEngine.TestRunner/Assertions' with importer (DefaultImporter)
Imported 'GUID: 1ad55f5ad04d1d045a1f287409c650dd' -> (Import Result ID: '3554f760e197c05a1e9f6edea9fb897f') in 0.001 seconds [static dependencies only]. Details - ImportResultOutputID=4c0e37bdbcd53fb0b4116fd07b4594e9 DependenciesID=31fd864d7e022271fcca4f33dbefbbd5 StaticDependenciesID=037f5d6358f904f2786adbe3a1d801a8 
Importing 'GUID: fa423365b1ce06a4dbdc6fb4a8597bfa - Path: Packages/com.unity.test-framework/UnityEditor.TestRunner/Api' with importer (DefaultImporter)
Imported 'GUID: fa423365b1ce06a4dbdc6fb4a8597bfa' -> (Import Result ID: 'dbfbf27d747c194eee4936790607ce29') in 0.001 seconds [static dependencies only]. Details - ImportResultOutputID=3400c6558f548137dc7e984347359bd4 DependenciesID=b48915f6884923c65f7b8b4b3df9498e StaticDependenciesID=88c4905adfd1852422700d60c17e70cc 
Importing 'GUID: 1b393f6b29a9ee84c803af1ab4944b71 - Path: Packages/com.unity.ide.rider/Rider/Editor' with importer (DefaultImporter)
Imported 'GUID: 1b393f6b29a9ee84c803af1ab4944b71' -> (Import Result ID: '5df02ca049d89592a08a1a0a48180574') in 0.001 seconds [static dependencies only]. Details - ImportResultOutputID=6404d4542db4a19d55be0b701dd56232 DependenciesID=9213b2146893a306da5c568d8fab4cad StaticDependenciesID=7f19df4ccd7b25dc56226111196ed53e 
Importing 'GUID: 5b17896803f77494da73d73448fb6cb4 - Path: Packages/com.unity.ide.visualstudio/Editor/VSWhere' with importer (DefaultImporter)
Imported 'GUID: 5b17896803f77494da73d73448fb6cb4' -> (Import Result ID: '143bee58c4cce7ade306607774a6852b') in 0.001 seconds [static dependencies only]. Details - ImportResultOutputID=1cf7fb2561004c647adace8a0b5653ca DependenciesID=b7c3ad5caeafb822cd72de2263338665 StaticDependenciesID=8237a88cf8f58b14a2743277c20550b2 
Importing 'GUID: 8beeeeebc0857854d8b4e2c2895dd7a9 - Path: Packages/com.unity.ide.visualstudio/Editor/ProjectGeneration' with importer (DefaultImporter)
Imported 'GUID: 8beeeeebc0857854d8b4e2c2895dd7a9' -> (Import Result ID: '3e6f8bb7ef7f056281851c4bfb2c16b7') in 0.001 seconds [static dependencies only]. Details - ImportResultOutputID=19476bca78a71c87b547269668469a1b DependenciesID=e83deaabaa0172e49d84fb854ce43b12 StaticDependenciesID=7998e75a53210e862e4f40ffb630f1a8 
Importing 'GUID: bb32bccaf32a6db448d1c0cc99c78688 - Path: Packages/com.unity.test-framework/UnityEngine.TestRunner/Utils' with importer (DefaultImporter)
Imported 'GUID: bb32bccaf32a6db448d1c0cc99c78688' -> (Import Result ID: '778d6fafd092faf1e4e447d286b8e510') in 0.001 seconds [static dependencies only]. Details - ImportResultOutputID=46ac5f2cd227e13d7fb6df825cd2ea50 DependenciesID=d8061a8d12c25a43b84f4d86987c14bc StaticDependenciesID=d87eba3967dc173242e1ddf947305376 
Importing 'GUID: 1ddb9e1c877ea80479d1eab4ddaa5d0d - Path: Packages/com.unity.test-framework/UnityEngine.TestRunner/TestRunner' with importer (DefaultImporter)
Imported 'GUID: 1ddb9e1c877ea80479d1eab4ddaa5d0d' -> (Import Result ID: '7cb28e1e4e053ac85024d6b11ee23160') in 0.001 seconds [static dependencies only]. Details - ImportResultOutputID=84f12ef647fa162d4cc59c2f40fa9628 DependenciesID=b865897e1b75dcdfe938b18f42a5ecd8 StaticDependenciesID=74f08a9236de2b622a38a15222ff2fca 
Importing 'GUID: 3e8d6af343b383544ba5743d119f4062 - Path: Packages/com.unity.test-framework/UnityEngine.TestRunner/NUnitExtensions' with importer (DefaultImporter)
Imported 'GUID: 3e8d6af343b383544ba5743d119f4062' -> (Import Result ID: '838754a3b9bac45900c76264dbf36d3b') in 0.001 seconds [static dependencies only]. Details - ImportResultOutputID=f440f787d15c91d58250f280c6e408ba DependenciesID=3b20f89763493bf2ddcd0b060c1fa398 StaticDependenciesID=b969db25c7e76855deff5f6a305ec9de 
Importing 'GUID: 7e609b27ad2caa14c83dd9951b6c13c6 - Path: Packages/com.unity.test-framework/UnityEditor.TestRunner/GUI' with importer (DefaultImporter)
Imported 'GUID: 7e609b27ad2caa14c83dd9951b6c13c6' -> (Import Result ID: '48cc79ebc3a223c2a65cb0d7e113b406') in 0.001 seconds [static dependencies only]. Details - ImportResultOutputID=585d2667eaec7b1f3006c3feff905559 DependenciesID=a975b03514b84f2a3509ed100bb86e01 StaticDependenciesID=ba43c6d6677d5b8217738954f3b6d7c0 
Importing 'GUID: 2f820130c86c28547a0f1a2f4c73155b - Path: Packages/com.unity.ide.visualstudio/Editor/Messaging' with importer (DefaultImporter)
Imported 'GUID: 2f820130c86c28547a0f1a2f4c73155b' -> (Import Result ID: '9bfe3dd238c50d1e61dd969f373f2c8e') in 0.001 seconds [static dependencies only]. Details - ImportResultOutputID=c45a401cc5981747f91a1ff2e38f121c DependenciesID=7bf208236210b78a4600eb690a406a2d StaticDependenciesID=e68d59c7587b00f056360c69e8664542 
Importing 'GUID: 3f9202a39620f51418046c7754f215f0 - Path: Packages/com.unity.test-framework/UnityEditor.TestRunner/NUnitExtension' with importer (DefaultImporter)
Imported 'GUID: 3f9202a39620f51418046c7754f215f0' -> (Import Result ID: '1dfe9f2a33cf29e475c1cbc57fc4fb79') in 0.001 seconds [static dependencies only]. Details - ImportResultOutputID=df0aeec2b80032db4d95957e68929fee DependenciesID=0d22005202c276945696db77edb880e5 StaticDependenciesID=a24519233740dde1b6bd4351bdee6d11 
Importing 'GUID: 7f9f1d015d7a8ba46b7d71acfcda3ae7 - Path: Packages/com.unity.ide.visualstudio/Editor/Testing' with importer (DefaultImporter)
Imported 'GUID: 7f9f1d015d7a8ba46b7d71acfcda3ae7' -> (Import Result ID: 'b275a8a6dad9d452b586f266fa079521') in 0.001 seconds [static dependencies only]. Details - ImportResultOutputID=caa53ea97327c51012e9b3b301943c08 DependenciesID=8d639890cea6683201ae932fe111d6dd StaticDependenciesID=1a004dc5a797cdf8d3cd33fe0ee21921 
Importing 'GUID: 313cbe17019f1934397f91069831062c - Path: Packages/com.unity.ide.rider/Rider/Editor/ProjectGeneration' with importer (DefaultImporter)
Imported 'GUID: 313cbe17019f1934397f91069831062c' -> (Import Result ID: '35a1a0c1b1d8bc3e404fc5f105eed090') in 0.001 seconds [static dependencies only]. Details - ImportResultOutputID=324b690d68ef3b5be851db48f0b8fe4d DependenciesID=e746e137ecacfe1a2b27b0194085396c StaticDependenciesID=9d5f2abd8e6ff78b98a96dd2e0b111fa 
Importing 'GUID: 41b2d972bdac29e4a89ef08b3b52c248 - Path: Packages/com.unity.ide.visualstudio/Editor/COMIntegration/Release' with importer (DefaultImporter)
Imported 'GUID: 41b2d972bdac29e4a89ef08b3b52c248' -> (Import Result ID: '159e1c55acdd024eded32060cd880a97') in 0.001 seconds [static dependencies only]. Details - ImportResultOutputID=0013f72f5d9292afc56921f8d95f3de4 DependenciesID=00be3dd411cd931443bdc704d43a0394 StaticDependenciesID=15e8b14a85890bc1844098e6928945d3 
Importing 'GUID: 51557afa652635743b264a309f0a5c60 - Path: Packages/com.unity.test-framework/UnityEngine.TestRunner/Utils/AssemblyProvider' with importer (DefaultImporter)
Imported 'GUID: 51557afa652635743b264a309f0a5c60' -> (Import Result ID: '68225cb59ed0cf5077855e3dfa458244') in 0.001 seconds [static dependencies only]. Details - ImportResultOutputID=aae0bb55646db009e1f7f7157a018046 DependenciesID=b9ef613e31a66b1117d0b2b4e2059e10 StaticDependenciesID=2c6e927cb9c29b42e44fe7d4204f5c8a 
Importing 'GUID: 61e236e8570a95e4eb754fb291e102e0 - Path: Packages/com.unity.test-framework/UnityEngine.TestRunner/TestRunner/Callbacks' with importer (DefaultImporter)
Imported 'GUID: 61e236e8570a95e4eb754fb291e102e0' -> (Import Result ID: '69c923fbfa5d766f81be287d4a69364f') in 0.001 seconds [static dependencies only]. Details - ImportResultOutputID=010b34c743dffb0b92a402bff30061ec DependenciesID=3ef576f474ced889f2d0fc90755b70c6 StaticDependenciesID=4afe08e4c46dd9413ee5e2f6e44ec139 
Importing 'GUID: 91c20d2c22b8b3a4cb6c816bd225591a - Path: Packages/com.unity.test-framework/UnityEngine.TestRunner/TestRunner/RemoteHelpers' with importer (DefaultImporter)
Imported 'GUID: 91c20d2c22b8b3a4cb6c816bd225591a' -> (Import Result ID: '433cd413b83911742fc3326a8cb2388f') in 0.001 seconds [static dependencies only]. Details - ImportResultOutputID=b8a70a515aeb955be46be9a19678602b DependenciesID=27568669a7b5195f24e8e9e88ed8aed4 StaticDependenciesID=413cb82dcabef59f88c5b20c1ac920dc 
Importing 'GUID: b1d8465ba1376b148bdab58965101f47 - Path: Packages/com.unity.test-framework/UnityEngine.TestRunner/Assertions/LogScope' with importer (DefaultImporter)
Imported 'GUID: b1d8465ba1376b148bdab58965101f47' -> (Import Result ID: 'f5e398f4f980a5cedd854c773294183e') in 0.001 seconds [static dependencies only]. Details - ImportResultOutputID=cfe24967e3ee89f88ab133ae2a3340fa DependenciesID=4a1727c31ca053fe971e8e954ffa9859 StaticDependenciesID=b32f92c1e618cc095ba0473085411441 
Importing 'GUID: 92e3104769da143888a712cdea27d950 - Path: Packages/com.unity.test-framework/UnityEditor.TestRunner/GUI/TestAssets' with importer (DefaultImporter)
Imported 'GUID: 92e3104769da143888a712cdea27d950' -> (Import Result ID: '8ca9427beb57db851babed76f10d4548') in 0.001 seconds [static dependencies only]. Details - ImportResultOutputID=a60e580633ddd7e9aeb69d2a0c5c5ac5 DependenciesID=fbdb0932a36e53b89bb57597b534e33a StaticDependenciesID=aa03ed7c9e5d9a2ea02c38a4a25ee766 
Importing 'GUID: a3cb89150b8a4060b89a32725a8e267e - Path: Packages/com.unity.test-framework/UnityEditor.TestRunner/TestLaunchers/Helpers' with importer (DefaultImporter)
Imported 'GUID: a3cb89150b8a4060b89a32725a8e267e' -> (Import Result ID: 'b8b1da36d1f720da249947bc879220be') in 0.001 seconds [static dependencies only]. Details - ImportResultOutputID=3a8c6eba4d7f092b7ed1ff660d319466 DependenciesID=f785ed3b1529e06ca6e5bb89a096a681 StaticDependenciesID=7b879475d571c7979ec7e6aa193d7c06 
Importing 'GUID: c3de99f9efc582a48995bc8e8c2df418 - Path: Packages/com.unity.test-framework/UnityEngine.TestRunner/NUnitExtensions/Filters' with importer (DefaultImporter)
Imported 'GUID: c3de99f9efc582a48995bc8e8c2df418' -> (Import Result ID: '0e80702b4d9ded36bbe570d55cc56851') in 0.001 seconds [static dependencies only]. Details - ImportResultOutputID=234091ee12a6235e1c446dc8d5c64995 DependenciesID=9bbfe5cc7541eef246f7e7fbef674a80 StaticDependenciesID=455f2ea52cd766aa56c0ddefdd99d0ec 
Importing 'GUID: 256a0ca37fa972840bce7fca446e75e7 - Path: Packages/com.unity.test-framework/UnityEngine.TestRunner/TestRunner/Messages' with importer (DefaultImporter)
Imported 'GUID: 256a0ca37fa972840bce7fca446e75e7' -> (Import Result ID: '7bcae04f6c3945569c41f4f5229c9d4f') in 0.001 seconds [static dependencies only]. Details - ImportResultOutputID=dc65fd1fb36d3e877da8d647c9615ee7 DependenciesID=466cb1d81a21950eddfede4a6178f036 StaticDependenciesID=58ea4bae6ff95fd723111203e83e160c 
Importing 'GUID: 354fde95fe0643b09509e5fcee350b33 - Path: Packages/com.unity.ide.rider/Rider/Editor/Properties' with importer (DefaultImporter)
Imported 'GUID: 354fde95fe0643b09509e5fcee350b33' -> (Import Result ID: '74192befde6bffb1b456b8772b8c1656') in 0.001 seconds [static dependencies only]. Details - ImportResultOutputID=8e710699f3929b88337795b4fd4f990b DependenciesID=c5b7345f4f373532154ffcb721b80b16 StaticDependenciesID=32af0358e0a69d9b15106fd34974ee9f 
Importing 'GUID: a52391bc44c477f40a547ed4ef3b9560 - Path: Packages/com.unity.ide.rider/Rider/Editor/UnitTesting' with importer (DefaultImporter)
Imported 'GUID: a52391bc44c477f40a547ed4ef3b9560' -> (Import Result ID: '61d1ff2cb4d6f840b158bfdf07bcbb7f') in 0.001 seconds [static dependencies only]. Details - ImportResultOutputID=1f5871c96c66444b71a7163aeb9720e2 DependenciesID=9855c5195b4d6d46d24cdd70cbdd6d9c StaticDependenciesID=23f3186aa4a7edf84f072463143d28f4 
Importing 'GUID: c5535d742ea2e4941850b421f9c70a1f - Path: Packages/com.unity.test-framework/UnityEditor.TestRunner/GUI/Views' with importer (DefaultImporter)
Imported 'GUID: c5535d742ea2e4941850b421f9c70a1f' -> (Import Result ID: '92d736dbeea37fb68ceaa1a856e9038e') in 0.001 seconds [static dependencies only]. Details - ImportResultOutputID=22ce32537e26210d1a653e5fc6871be4 DependenciesID=9694c183165a55a2bea5cfbeb4b21282 StaticDependenciesID=cad0687b818655094a83d7231c14b0ae 
Importing 'GUID: 3610673068254436ac90019f46e09f01 - Path: Packages/com.unity.test-framework/UnityEditor.TestRunner/UnityTestProtocol/Data' with importer (DefaultImporter)
Imported 'GUID: 3610673068254436ac90019f46e09f01' -> (Import Result ID: 'f857cdd756b38e8eb3357109f7f7bb6f') in 0.001 seconds [static dependencies only]. Details - ImportResultOutputID=0a0f0ff5161030eba44ba49c652cc478 DependenciesID=7cd7561bc749deb6f2371f903c9d7b22 StaticDependenciesID=516f853320de9a6a9bea252006543681 
Importing 'GUID: 96c503bf059df984c86eecf572370347 - Path: Packages/com.unity.test-framework/UnityEditor.TestRunner/NUnitExtension/Attributes' with importer (DefaultImporter)
Imported 'GUID: 96c503bf059df984c86eecf572370347' -> (Import Result ID: 'b1b742d80c2b40872a643e01a9e97f25') in 0.001 seconds [static dependencies only]. Details - ImportResultOutputID=5c43fe10b254eace1c0129df22455c2f DependenciesID=5b348591ae11e78dc2d73bb784c9b34f StaticDependenciesID=4275ad315acced407744bf376d75b745 
Importing 'GUID: 07ea0326ed848fb4489187cb58f96113 - Path: Packages/com.unity.test-framework/UnityEditor.TestRunner/GUI/TestListBuilder' with importer (DefaultImporter)
Imported 'GUID: 07ea0326ed848fb4489187cb58f96113' -> (Import Result ID: '42ce821e2c2f0f6ec4f1e128957e045f') in 0.001 seconds [static dependencies only]. Details - ImportResultOutputID=a6a29debcafeb668b0f2a71823ead8d0 DependenciesID=14e42c630ebbeb115b6e4754ff287bfa StaticDependenciesID=2f63606a496483c3e8e07c7fcef33667 
Importing 'GUID: 37888acc09d9ee848bf9559f06645c45 - Path: Packages/com.unity.test-framework/UnityEngine.TestRunner/NUnitExtensions/Runner' with importer (DefaultImporter)
Imported 'GUID: 37888acc09d9ee848bf9559f06645c45' -> (Import Result ID: '3cc5746261ceef3945219cd38fcd7100') in 0.001 seconds [static dependencies only]. Details - ImportResultOutputID=bd7484124a2c87b1945e427d6a01325b DependenciesID=e7a541f3b42c6b84105d4bdb3959f6ea StaticDependenciesID=830501f04ff9d2763481f7b86edd9e6c 
Importing 'GUID: 68cb547af0187634aad591a09c01cd5b - Path: Packages/com.unity.test-framework/UnityEditor.TestRunner/GUI/TestListTreeView' with importer (DefaultImporter)
Imported 'GUID: 68cb547af0187634aad591a09c01cd5b' -> (Import Result ID: 'a6f5f9466c65ad9b783fc4bf87bf9933') in 0.001 seconds [static dependencies only]. Details - ImportResultOutputID=d5ca04f15efb98a671802c6546970d44 DependenciesID=4e3a661a5c9c161ef4962ee0db52ef2f StaticDependenciesID=0c1166ed7bd3589d8cb7b68cd54ba7df 
Importing 'GUID: e88eef57957d4440c8a7ff2ef9dd3d97 - Path: Packages/com.unity.test-framework/UnityEditor.TestRunner/GUI/Controls' with importer (DefaultImporter)
Imported 'GUID: e88eef57957d4440c8a7ff2ef9dd3d97' -> (Import Result ID: '9523034730396c649db68ee3f2c5af6a') in 0.001 seconds [static dependencies only]. Details - ImportResultOutputID=a0ce75e2c602e931e5ecdcc124be13dd DependenciesID=54c438ce0c8559feb24078c99b287387 StaticDependenciesID=06a7b988240bac285a0579fa3147d19a 
Importing 'GUID: 4926c06156894939ba0a2680f1b0aa7a - Path: Packages/com.unity.test-framework/UnityEditor.TestRunner/TestRun/Data' with importer (DefaultImporter)
Imported 'GUID: 4926c06156894939ba0a2680f1b0aa7a' -> (Import Result ID: 'd7a923226ba5b4f3c823c7d01dfe0799') in 0.001 seconds [static dependencies only]. Details - ImportResultOutputID=a5a02383b86951746691789ea1770405 DependenciesID=2b08088ed382fbd88747626da51402ab StaticDependenciesID=90e5c7a10091a03d6068687c87bc2f92 
Importing 'GUID: 891bb6b9f5094c36b59c3788e21c8213 - Path: Packages/com.unity.test-framework/UnityEditor.TestRunner/Api/Analytics' with importer (DefaultImporter)
Imported 'GUID: 891bb6b9f5094c36b59c3788e21c8213' -> (Import Result ID: '1a1721a3ea4d67fe4ffe1aa3fdc3d1d9') in 0.001 seconds [static dependencies only]. Details - ImportResultOutputID=7998c9824c94ac0412eedd6830205f19 DependenciesID=01aa3ef6faa050dfabbc1409c1f36bb9 StaticDependenciesID=aa8c2cdb9eba597bc2c4b6bbd17dc081 
Importing 'GUID: d9682e749d3efc642af54d789d9090a6 - Path: Packages/com.unity.test-framework/UnityEditor.TestRunner/TestRunner/Messages' with importer (DefaultImporter)
Imported 'GUID: d9682e749d3efc642af54d789d9090a6' -> (Import Result ID: '60f80ab54161615f241eddac576265f7') in 0.002 seconds [static dependencies only]. Details - ImportResultOutputID=df1446cda33be1150fafeea045978830 DependenciesID=5f5730112a8aa021c5bac62a45f7a47d StaticDependenciesID=a3fe2d4eba02243492f56da00a6bf013 
Importing 'GUID: aa290bd9a165a0543a4bf85ac73914bc - Path: Packages/com.unity.ide.rider/Rider/Editor/PostProcessors' with importer (DefaultImporter)
Imported 'GUID: aa290bd9a165a0543a4bf85ac73914bc' -> (Import Result ID: '797e09e12c4f47fa0c8649b422a7d8ae') in 0.001 seconds [static dependencies only]. Details - ImportResultOutputID=7b631737181e97c6fe1ac014f4070871 DependenciesID=e3e9d8cd6f5642d3c3db3d024d0f48b1 StaticDependenciesID=2a4977cb781def96aeefbad9ea80e3de 
Importing 'GUID: 6b72875690e0f7343911e06af3145bd5 - Path: Packages/com.unity.test-framework/UnityEngine.TestRunner/NUnitExtensions/Commands' with importer (DefaultImporter)
Imported 'GUID: 6b72875690e0f7343911e06af3145bd5' -> (Import Result ID: '5fea1e9c0f6dfe9ca0d894cb771883f3') in 0.001 seconds [static dependencies only]. Details - ImportResultOutputID=331eca5ef0be679acabec48b795c7e00 DependenciesID=f0d635ce90a1aedaeb3da2345f602aed StaticDependenciesID=7b9a4cc92c06256e67fde56948b5329c 
Importing 'GUID: ebc4d20cc106cea49b1df1153f0b3b5e - Path: Packages/com.unity.test-framework/UnityEditor.TestRunner/TestLaunchers/PlatformSetup' with importer (DefaultImporter)
Imported 'GUID: ebc4d20cc106cea49b1df1153f0b3b5e' -> (Import Result ID: '0b2c9622a6ab524eaa0eaf7b5b62e966') in 0.001 seconds [static dependencies only]. Details - ImportResultOutputID=d7aab0e8ab0737fda991e7097b020464 DependenciesID=4a206faa86f6687e998ab53ded6dbf1d StaticDependenciesID=3f0440ca1e4d0071e34277f3c02e97d7 
Importing 'GUID: 0cb14878543cf3d4f8472b15f7ecf0e3 - Path: Packages/com.unity.test-framework/UnityEngine.TestRunner/NUnitExtensions/Attributes' with importer (DefaultImporter)
Imported 'GUID: 0cb14878543cf3d4f8472b15f7ecf0e3' -> (Import Result ID: '673adc8ccf738e9fb1111697011e3bbc') in 0.001 seconds [static dependencies only]. Details - ImportResultOutputID=07f161243d8ca7b2df7febccc66907be DependenciesID=286c430710e80e74de95127974b6991e StaticDependenciesID=18b873f16d526cbe8273032cc6f8a858 
Importing 'GUID: 5d7f0d6acfced954682a89e7002c04d9 - Path: Packages/com.unity.test-framework/UnityEditor.TestRunner/TestRunner/Callbacks' with importer (DefaultImporter)
Imported 'GUID: 5d7f0d6acfced954682a89e7002c04d9' -> (Import Result ID: '75945c8beba5dfb089a31467fbb8e60f') in 0.001 seconds [static dependencies only]. Details - ImportResultOutputID=c41748e0dad7446506b58e8595cfa6c8 DependenciesID=f4d13ad1d676690cb1b48b16f166fa7e StaticDependenciesID=6615522c8a21239cc0d07a6ddd8bbd70 
Importing 'GUID: 6dba53789da15814387fa5b1445e81e0 - Path: Packages/com.unity.test-framework/UnityEditor.TestRunner/TestRun/Tasks' with importer (DefaultImporter)
Imported 'GUID: 6dba53789da15814387fa5b1445e81e0' -> (Import Result ID: '4693b2876f7f79e4ade16eb7988cab89') in 0.001 seconds [static dependencies only]. Details - ImportResultOutputID=6db6dda383b549f157127f31279318c1 DependenciesID=8a5c587c19da8a7fff80aec7dca2df8f StaticDependenciesID=7d5c24122adf32e795b8fde176648bfc 
Importing 'GUID: 5e726086cd652f82087d59d67d2c24cd - Path: Packages/com.unity.ide.rider/Rider/Editor/Util' with importer (DefaultImporter)
Imported 'GUID: 5e726086cd652f82087d59d67d2c24cd' -> (Import Result ID: 'd9a2c189604f3067aa868cc3d5513752') in 0.001 seconds [static dependencies only]. Details - ImportResultOutputID=6a700186624845cc20e38a45be99c2bd DependenciesID=b77d2f6a95f6954f00d2bb3a34f16027 StaticDependenciesID=bc8e24751d5a2dbf19cd4a7598f5bbac 
Importing 'GUID: 9ea154c33fd8466f973f004e5c962df7 - Path: Packages/com.unity.test-framework/UnityEditor.TestRunner/UnityTestProtocol/Messages' with importer (DefaultImporter)
Imported 'GUID: 9ea154c33fd8466f973f004e5c962df7' -> (Import Result ID: '3c06af5ccd7d28c3a865fb05abc78032') in 0.001 seconds [static dependencies only]. Details - ImportResultOutputID=9a453184ef9fbc25fc23485e89c26cb5 DependenciesID=37b228f46d6e365aa3fad450fb7268ce StaticDependenciesID=5bd96380e171a357d874fcc46c5c735a 
Importing 'GUID: ce8da628f68c7594b8b9a597fa52db7b - Path: Packages/com.unity.test-framework/UnityEngine.TestRunner/Utils/MonoBehaviourTest' with importer (DefaultImporter)
Imported 'GUID: ce8da628f68c7594b8b9a597fa52db7b' -> (Import Result ID: 'e11e86b68385d2424fabc4528965ab8b') in 0.001 seconds [static dependencies only]. Details - ImportResultOutputID=2d38d279fcda641716a64a3285bed967 DependenciesID=aee11b902f17ee05813b32d5af577e6f StaticDependenciesID=e019915e66bf56c6a53c45eddcac8d59 
Importing 'GUID: 1f5bbb88ca730434483440cbc0278ef6 - Path: Packages/com.unity.test-framework/UnityEditor.TestRunner/TestRunner/Utils' with importer (DefaultImporter)
Imported 'GUID: 1f5bbb88ca730434483440cbc0278ef6' -> (Import Result ID: 'bf22c8a53b121bf6289726882ff4d503') in 0.001 seconds [static dependencies only]. Details - ImportResultOutputID=b54df974e33f3b29d71ca6f71b34a610 DependenciesID=062ab91bc526ba62f66a5bf0817556be StaticDependenciesID=19b4d525f46038ec3ab7a23ba103e34f 
Importing 'GUID: 94a6220ee1a442249702c9df66e0fe1b - Path: Packages/com.unity.test-framework/UnityEditor.TestRunner/TestRun/Tasks/Player' with importer (DefaultImporter)
Imported 'GUID: 94a6220ee1a442249702c9df66e0fe1b' -> (Import Result ID: 'd770dc91b03c058070d04366ecf4dd6e') in 0.001 seconds [static dependencies only]. Details - ImportResultOutputID=4ae38678e341ab45b845ef0774cc1b3a DependenciesID=9223a7d87db0eaf2680363bc305d2856 StaticDependenciesID=d9ba00218ec57b2766ad47f36e0b3adc 
Importing 'GUID: 692476ac695e7b74a8d9eabd48862009 - Path: Packages/com.unity.test-framework/UnityEditor.TestRunner/TestRun/Tasks/Scene' with importer (DefaultImporter)
Imported 'GUID: 692476ac695e7b74a8d9eabd48862009' -> (Import Result ID: '8ff00a17ebaeea938b99aa5831923237') in 0.001 seconds [static dependencies only]. Details - ImportResultOutputID=2fa50d94b5f40096b11b7fc28b64729b DependenciesID=0b2a318cceea9f9d9405ecac0dc50c0e StaticDependenciesID=5381480a0e84dfd6f5a89c03f22f5b1b 
Importing 'GUID: d973b7805df545bdae3986ab72a6c2e8 - Path: Packages/com.unity.test-framework/UnityEditor.TestRunner/TestRun/Tasks/Platform' with importer (DefaultImporter)
Imported 'GUID: d973b7805df545bdae3986ab72a6c2e8' -> (Import Result ID: 'ccf5f6cb0c94142ff5cb069da58f759e') in 0.001 seconds [static dependencies only]. Details - ImportResultOutputID=74075c018e7d223e4de2551f58488a13 DependenciesID=78547b4d998f1cb5819a271ee28b000b StaticDependenciesID=707e7f285309070aa29ff903091dabc0 
Importing 'GUID: cca5935142d6c754f9ecdce1294f7079 - Path: Packages/com.unity.test-framework/UnityEditor.TestRunner/TestRun/Tasks/Events' with importer (DefaultImporter)
Imported 'GUID: cca5935142d6c754f9ecdce1294f7079' -> (Import Result ID: 'e067f112d3f0ecc2a0a0b23a7e2dddb1') in 0.001 seconds [static dependencies only]. Details - ImportResultOutputID=681e739248ec06e77a33a1d1c904555d DependenciesID=2fab6b0b709562a258e8c669975596c7 StaticDependenciesID=708111177e6492723f70efccba692d9b 
Importing 'GUID: d528c8c98d269ca44a06cd9624a03945 - Path: Packages/com.unity.ide.rider/Rider/Editor/com.unity.ide.rider.asmdef' with importer (AssemblyDefinitionImporter)
Imported 'GUID: d528c8c98d269ca44a06cd9624a03945' -> (Import Result ID: '8726df5a2d3c1a083a4c848146226a5f') in 0.001 seconds [static dependencies only]. Details - ImportResultOutputID=912be29b09a856ab914d58bed46d9f41 DependenciesID=15fe68d1e72bade2cbe4e8644df25f00 StaticDependenciesID=4d25ba9e8f625be18cd10642c4596e8d 
Importing 'GUID: 27619889b8ba8c24980f49ee34dbb44a - Path: Packages/com.unity.test-framework/UnityEngine.TestRunner/UnityEngine.TestRunner.asmdef' with importer (AssemblyDefinitionImporter)
Imported 'GUID: 27619889b8ba8c24980f49ee34dbb44a' -> (Import Result ID: 'dde441411b61d7f243edd6bd86eaed2f') in 0.001 seconds [static dependencies only]. Details - ImportResultOutputID=3370b80e2922aa61095329e63cd7b568 DependenciesID=c378fe730506c60d98d3d2985f14dfea StaticDependenciesID=efd7b7b3471c17ad6b92a6854eb4dc18 
Importing 'GUID: b93f844d45cfcc44fa2b0eed5c9ec6bb - Path: Packages/com.unity.ide.visualstudio/Editor/com.unity.ide.visualstudio.asmdef' with importer (AssemblyDefinitionImporter)
Imported 'GUID: b93f844d45cfcc44fa2b0eed5c9ec6bb' -> (Import Result ID: 'be19451ec2b6434642ba6f13ecf5db51') in 0.001 seconds [static dependencies only]. Details - ImportResultOutputID=ce62f0aa69bd55563fb33cc2591980de DependenciesID=9e30368bdd707e6848801ccde70f1f5c StaticDependenciesID=b5401851f919dd14a700f6556c7ed0a3 
Importing 'GUID: 0acc523941302664db1f4e527237feb3 - Path: Packages/com.unity.test-framework/UnityEditor.TestRunner/UnityEditor.TestRunner.asmdef' with importer (AssemblyDefinitionImporter)
Imported 'GUID: 0acc523941302664db1f4e527237feb3' -> (Import Result ID: 'e2f348df875f6247245c2f700d815735') in 0.001 seconds [static dependencies only]. Details - ImportResultOutputID=666b13231f973a40371f8a88a79fd45e DependenciesID=612cc8c97fe328230cfa9ae0658786b9 StaticDependenciesID=bbf7215ccf291794fe8ed3b5ea133e60 
Importing 'GUID: 51fa60bb2bd1e5bc74e8cc95a7bfd5b7 - Path: Packages/com.unity.modules.ui/package.ModuleCompilationTrigger' with importer (DefaultImporter)
Imported 'GUID: 51fa60bb2bd1e5bc74e8cc95a7bfd5b7' -> (Import Result ID: '0e6c19f382af6f75a9394f69adf788bd') in 0.026 seconds [static dependencies only]. Details - ImportResultOutputID=6e559821e528ff0e1a68c3b7765614d2 DependenciesID=89d09727dde36d60bf3bc38270dcfe28 StaticDependenciesID=3c1226af24afdaaba5f6812b32e68603 
Importing 'GUID: 71136fc5cf34f2cc10be0e33c0b08019 - Path: Packages/com.unity.modules.unityanalytics/package.ModuleCompilationTrigger' with importer (DefaultImporter)
Imported 'GUID: 71136fc5cf34f2cc10be0e33c0b08019' -> (Import Result ID: '56d126e4d1bc3d7b9e851b6322fe1bf8') in 0.001 seconds [static dependencies only]. Details - ImportResultOutputID=19db86d6fd47355ede82a1c702bde617 DependenciesID=b7469a4e7d2ca43e0537a7ec0ec6f7f8 StaticDependenciesID=0fa4fc0f2aeadebbd7eb627812335e19 
Importing 'GUID: 71e7167b55a3448b38774a3bb6e05bac - Path: Packages/com.unity.modules.timelinefoundation/package.ModuleCompilationTrigger' with importer (DefaultImporter)
Imported 'GUID: 71e7167b55a3448b38774a3bb6e05bac' -> (Import Result ID: 'a6bec22fa10db9f7f35c7bd13e010a27') in 0.001 seconds [static dependencies only]. Details - ImportResultOutputID=c5890c0237407de11fec9407c846284f DependenciesID=36a0517f4d644b89cbe480485858a8bb StaticDependenciesID=25f461b927f097c38d0dbd784655af32 
Importing 'GUID: a1c42005fe7c5d78585a77ce396a5eea - Path: Packages/com.unity.modules.tilemap/package.ModuleCompilationTrigger' with importer (DefaultImporter)
Imported 'GUID: a1c42005fe7c5d78585a77ce396a5eea' -> (Import Result ID: '3e9d656e966633573cb2046a22ae4ca5') in 0.001 seconds [static dependencies only]. Details - ImportResultOutputID=41e18ad721a806fe228204bdeef3a130 DependenciesID=97ef5d5583d5a20672f05956a22555d4 StaticDependenciesID=4ee5382b003fc77fa6aba69871f9e483 
Importing 'GUID: d104359075a97392b803d3d5aebc77f7 - Path: Packages/com.unity.modules.hierarchycore/package.ModuleCompilationTrigger' with importer (DefaultImporter)
Imported 'GUID: d104359075a97392b803d3d5aebc77f7' -> (Import Result ID: '636638bc242e6bdeeae1ff976ac45eea') in 0.001 seconds [static dependencies only]. Details - ImportResultOutputID=1072526eb62216a1dc59d571676cf01f DependenciesID=69277dae5c49201d36383230841bb75b StaticDependenciesID=afc1e02b93f4652d9379104da0050c0e 
Importing 'GUID: 222fc39b0c85d800342910da2cd64781 - Path: Packages/com.unity.modules.assetbundle/package.ModuleCompilationTrigger' with importer (DefaultImporter)
Imported 'GUID: 222fc39b0c85d800342910da2cd64781' -> (Import Result ID: '0fd01ec1cec49f43ec72c5169f6a2f32') in 0.001 seconds [static dependencies only]. Details - ImportResultOutputID=7310c3d2b5a0454edeaf1531193e1a44 DependenciesID=fe2b344c41a59d7326b14e42dbe8dfa7 StaticDependenciesID=068dda8c383984ece564f394f95f8957 
Importing 'GUID: d2ec2d1228c8e67cdd913cb5609176a2 - Path: Packages/com.unity.modules.unitywebrequest/package.ModuleCompilationTrigger' with importer (DefaultImporter)
Imported 'GUID: d2ec2d1228c8e67cdd913cb5609176a2' -> (Import Result ID: 'a3f2f0e23f3ad60f0708fa9556b1addd') in 0.001 seconds [static dependencies only]. Details - ImportResultOutputID=fa2ee3949a508ef3b244c0a794acf950 DependenciesID=cbbd01d5144c855f237ee6f40affeaad StaticDependenciesID=373cbc2130578c37890108d08e3aa5a8 
Importing 'GUID: e2d09a26ce46dc617b54e49a534ace20 - Path: Packages/com.unity.modules.ai/package.ModuleCompilationTrigger' with importer (DefaultImporter)
Imported 'GUID: e2d09a26ce46dc617b54e49a534ace20' -> (Import Result ID: 'c84fbdd4c3af86792ea6d72c160432c9') in 0.001 seconds [static dependencies only]. Details - ImportResultOutputID=ee6d62765d5e314c9a6c39429e765ae4 DependenciesID=9494f1933888c1f65785ae70d1f831f9 StaticDependenciesID=6c7c4c8e791c4aa26cc383c6d60585b1 
Importing 'GUID: 23032f4383e95e772bce465c5896d0fd - Path: Packages/com.unity.modules.terrain/package.ModuleCompilationTrigger' with importer (DefaultImporter)
Imported 'GUID: 23032f4383e95e772bce465c5896d0fd' -> (Import Result ID: 'bd30ba83ed02823c9e823c14b941a7f1') in 0.001 seconds [static dependencies only]. Details - ImportResultOutputID=f8cc97289111b69a8286fb59513f51d0 DependenciesID=f7f84d52c1320d9424f005284d1bf4d4 StaticDependenciesID=5c35be58abc6fbf8152e89babfca9984 
Importing 'GUID: 830a36a23cf3ab1e61fa47940a6dc35e - Path: Packages/com.unity.modules.imageconversion/package.ModuleCompilationTrigger' with importer (DefaultImporter)
Imported 'GUID: 830a36a23cf3ab1e61fa47940a6dc35e' -> (Import Result ID: 'be0b67b432003b038cf0bb92e1d77b13') in 0.001 seconds [static dependencies only]. Details - ImportResultOutputID=76d29ea8d45d8514b9b32b4ce101e77e DependenciesID=7f550e29dfcaa81d6d67cc4988f0b7c8 StaticDependenciesID=7f600a175e09c6006f9088f92f2c1098 
Importing 'GUID: a31a332ce3485f00f7df8d987302a29c - Path: Packages/com.unity.modules.unitywebrequesttexture/package.ModuleCompilationTrigger' with importer (DefaultImporter)
Imported 'GUID: a31a332ce3485f00f7df8d987302a29c' -> (Import Result ID: '7029b3a7fbb8733a8662ce0664153cce') in 0.001 seconds [static dependencies only]. Details - ImportResultOutputID=a17619517ae6297bd7d73537d7aa1eef DependenciesID=4cb8ff9f6c9825e23497eb6dfab28558 StaticDependenciesID=cee85ab715b09873ab2419e18d764d2a 
Importing 'GUID: 042dc296246916648e55a43d0eeb2036 - Path: Packages/com.unity.modules.audio/package.ModuleCompilationTrigger' with importer (DefaultImporter)
Imported 'GUID: 042dc296246916648e55a43d0eeb2036' -> (Import Result ID: 'eb5c5d20fc9656beee57de382516913d') in 0.001 seconds [static dependencies only]. Details - ImportResultOutputID=db7c8acc5ec18f8d94381a817bd4639b DependenciesID=f2e5ad5e1d5d153fc84b7341a3ca872f StaticDependenciesID=987edeb86285dfb2f2b949491eb5ed6c 
Importing 'GUID: 14e86f88e9a8c9c448d7e7df92f2aeec - Path: Packages/com.unity.modules.physicscore2d/package.ModuleCompilationTrigger' with importer (DefaultImporter)
Imported 'GUID: 14e86f88e9a8c9c448d7e7df92f2aeec' -> (Import Result ID: '2c973c246328c75cfbee9b147c533aec') in 0.001 seconds [static dependencies only]. Details - ImportResultOutputID=4f921d24b7de923e48844f6cc629c5fc DependenciesID=5c2b2ed5b2c80f68f171a4ee31fd57d0 StaticDependenciesID=b0c4b38fa6509f6aac786da76715b668 
Importing 'GUID: 553737203d61a8109f9544a97201e1aa - Path: Packages/com.unity.modules.unitywebrequestaudio/package.ModuleCompilationTrigger' with importer (DefaultImporter)
Imported 'GUID: 553737203d61a8109f9544a97201e1aa' -> (Import Result ID: '0f4eb7ae2b60b7c89087cdbc39d4a4fe') in 0.001 seconds [static dependencies only]. Details - ImportResultOutputID=64727956256aa51f7cb2d4856cb94864 DependenciesID=cd465c0c33eadf2436e57ee7f25fa7fb StaticDependenciesID=bd9a4bcd391b2567d2810cdd845fb0eb 
Importing 'GUID: e5c46c19ce0ce2e0103aa6f82df1043a - Path: Packages/com.unity.modules.vehicles/package.ModuleCompilationTrigger' with importer (DefaultImporter)
Imported 'GUID: e5c46c19ce0ce2e0103aa6f82df1043a' -> (Import Result ID: 'b99ed6723b74a4d66aa0206620636a07') in 0.001 seconds [static dependencies only]. Details - ImportResultOutputID=9b7b8c0cced984a57484c36eeeb14744 DependenciesID=ef2dffd146da6b275d6d1e44bea61be8 StaticDependenciesID=9ca15e267986355ee32da087f45ce101 
Importing 'GUID: 7610600f5c83e01041a6fe849d39279f - Path: Packages/com.unity.modules.unitywebrequestassetbundle/package.ModuleCompilationTrigger' with importer (DefaultImporter)
Imported 'GUID: 7610600f5c83e01041a6fe849d39279f' -> (Import Result ID: 'd143180331801b6afac4cb0441c03e0e') in 0.001 seconds [static dependencies only]. Details - ImportResultOutputID=f30f7eaa989873c773f075bfa516083b DependenciesID=688e9abb6902a064839efe5478506764 StaticDependenciesID=d0e36a883dc7d1e0c9c852b0a2bc5946 
Importing 'GUID: e6a135e3ea9cb46795d1b0e05ac3e1e5 - Path: Packages/com.unity.modules.jsonserialize/package.ModuleCompilationTrigger' with importer (DefaultImporter)
Imported 'GUID: e6a135e3ea9cb46795d1b0e05ac3e1e5' -> (Import Result ID: 'c71f379f57b8b9297518a0ca2d221294') in 0.001 seconds [static dependencies only]. Details - ImportResultOutputID=fe2252d2af7741e3b7227eed79d28422 DependenciesID=4d9d5a211e60a1a74167fb8bdba07a36 StaticDependenciesID=b0b22eccfcc75550cfd5416b8ccadc34 
Importing 'GUID: f62135e79edb837b2d2ee3c524da864c - Path: Packages/com.unity.modules.video/package.ModuleCompilationTrigger' with importer (DefaultImporter)
Imported 'GUID: f62135e79edb837b2d2ee3c524da864c' -> (Import Result ID: '3aef036da86c810165ec7e6a476a5e6a') in 0.001 seconds [static dependencies only]. Details - ImportResultOutputID=3eada0df8170b53fc4bf86e17012a94e DependenciesID=22c43316fff881fb5401b42ecaa5cf6b StaticDependenciesID=fbd77c14c4971f0ecd6ad9fa2e1328c7 
Importing 'GUID: 17f093324b67f5bd57e55b546736750e - Path: Packages/com.unity.modules.particlesystem/package.ModuleCompilationTrigger' with importer (DefaultImporter)
Imported 'GUID: 17f093324b67f5bd57e55b546736750e' -> (Import Result ID: 'f5f31d1663e5c8d3331bb37242222224') in 0.001 seconds [static dependencies only]. Details - ImportResultOutputID=03b670f3bb0647212e588851cc9790ce DependenciesID=7cd4b0bd5e72584af4ea6e0c0211374b StaticDependenciesID=093f92235b507c1e02fa5e78da745e12 
Importing 'GUID: 4745d06d5a7ca576dcf9e5e67b417652 - Path: Packages/com.unity.modules.accessibility/package.ModuleCompilationTrigger' with importer (DefaultImporter)
Imported 'GUID: 4745d06d5a7ca576dcf9e5e67b417652' -> (Import Result ID: '397e51aa7e4f499b0e5205ffb978fc4e') in 0.001 seconds [static dependencies only]. Details - ImportResultOutputID=b1f5e4e3c8972d4630691b43df2bbfd5 DependenciesID=1c2a5a75fdeca1a9ece56ca2cd130f73 StaticDependenciesID=d3721eb1044daf5752f2a6dc41e1fbad 
Importing 'GUID: c7a8b0317f4e68556d7509828e9e211e - Path: Packages/com.unity.modules.xr/package.ModuleCompilationTrigger' with importer (DefaultImporter)
Imported 'GUID: c7a8b0317f4e68556d7509828e9e211e' -> (Import Result ID: 'e6bc977ec43908b8c483480c50ba709b') in 0.001 seconds [static dependencies only]. Details - ImportResultOutputID=3c34469eeb3b36ac519079aacda65087 DependenciesID=d798ecfd2d3e606ae271c325f8d3f9d8 StaticDependenciesID=e7f1a4af7c34a1d23cbcb270e74c5222 
Importing 'GUID: 082fbee38a82835433261a5e9c00e267 - Path: Packages/com.unity.modules.cloth/package.ModuleCompilationTrigger' with importer (DefaultImporter)
Imported 'GUID: 082fbee38a82835433261a5e9c00e267' -> (Import Result ID: '054de114cf7b1ddb2123ab78864bfa32') in 0.001 seconds [static dependencies only]. Details - ImportResultOutputID=9be4c5c78bb42c0f666e2a3f388dc295 DependenciesID=9832c12933ccfc77258802dcb0e3f72b StaticDependenciesID=ef90c48130220f5be7a14d844c91ba67 
Importing 'GUID: c82e859b16636ddd2ca4a1f63fd34938 - Path: Packages/com.unity.modules.androidjni/package.ModuleCompilationTrigger' with importer (DefaultImporter)
Imported 'GUID: c82e859b16636ddd2ca4a1f63fd34938' -> (Import Result ID: 'ff8c030b16c1cc7102200c9ad9435e1d') in 0.001 seconds [static dependencies only]. Details - ImportResultOutputID=55f36a6ec0ad2395ab65ece168bae855 DependenciesID=d43e9c36192ead1f86158e7e35972b1d StaticDependenciesID=5262811eb11f19499d820f4d7138ccaa 
Importing 'GUID: c88e90bad18cceb5d182d0c805883056 - Path: Packages/com.unity.modules.director/package.ModuleCompilationTrigger' with importer (DefaultImporter)
Imported 'GUID: c88e90bad18cceb5d182d0c805883056' -> (Import Result ID: 'df5c6bef6720749769e0f29a7b968a5d') in 0.001 seconds [static dependencies only]. Details - ImportResultOutputID=990ca6c83905e57d0ad7cd210f7cd2f4 DependenciesID=b85bfdded66e51812773514932e1aca5 StaticDependenciesID=af76e0aacb3cf0fe693097321b8bc037 
Importing 'GUID: 1af35a910338381f753e8a985eb5daab - Path: Packages/com.unity.modules.adaptiveperformance/package.ModuleCompilationTrigger' with importer (DefaultImporter)
Imported 'GUID: 1af35a910338381f753e8a985eb5daab' -> (Import Result ID: 'fc49569651cc7b30f65743e4c018033a') in 0.001 seconds [static dependencies only]. Details - ImportResultOutputID=38b55a11ad75d8d562e364a238f3edd6 DependenciesID=31de37ff8b9a96f332a1fe4c4b17e97a StaticDependenciesID=b97217f7ec03d510a9073c02c264b8d7 
Importing 'GUID: 2adec19fac7df68adf1fd6eb83197bb1 - Path: Packages/com.unity.modules.wind/package.ModuleCompilationTrigger' with importer (DefaultImporter)
Imported 'GUID: 2adec19fac7df68adf1fd6eb83197bb1' -> (Import Result ID: '6f5329e3c0cac076202f7a8638885e2a') in 0.001 seconds [static dependencies only]. Details - ImportResultOutputID=7f18c13849c24c83cffeb627f22214a1 DependenciesID=0282cb2b50e52649b51b1218e25d341f StaticDependenciesID=eacd0b75a9f702da0584600b1d54bde7 
Importing 'GUID: 8a752aaaadd2410dd9a84e01c1bace9f - Path: Packages/com.unity.modules.uielements/package.ModuleCompilationTrigger' with importer (DefaultImporter)
Imported 'GUID: 8a752aaaadd2410dd9a84e01c1bace9f' -> (Import Result ID: 'dc6f24ef124e8a1d93aeb4a49c9f2f2f') in 0.001 seconds [static dependencies only]. Details - ImportResultOutputID=058332d648d7f8084d1da6808467f61f DependenciesID=2d44fed7f892601fa61b2fed977658e7 StaticDependenciesID=ebedc7cdf67042358e558fc7d3cb11d5 
Importing 'GUID: 1b6246f2248883964991eac9e9b4817c - Path: Packages/com.unity.modules.umbra/package.ModuleCompilationTrigger' with importer (DefaultImporter)
Imported 'GUID: 1b6246f2248883964991eac9e9b4817c' -> (Import Result ID: 'e584efd2346a6fcd345a9419a0e8a578') in 0.001 seconds [static dependencies only]. Details - ImportResultOutputID=b67f1a35dabb3a69e999ed6262ee3706 DependenciesID=acae37db5af4c558d67e981e08dc71f4 StaticDependenciesID=4c307308065751d30c0501355fc00317 
Importing 'GUID: 4bf139fc5e9d9240edc107e25d67d398 - Path: Packages/com.unity.modules.tetgen/package.ModuleCompilationTrigger' with importer (DefaultImporter)
Imported 'GUID: 4bf139fc5e9d9240edc107e25d67d398' -> (Import Result ID: '32c0a5c247b7d4630e34dc8a23b68bbe') in 0.001 seconds [static dependencies only]. Details - ImportResultOutputID=65cbec6ab1d9e8bebe15b1d11261c757 DependenciesID=f8e401a0bd87c3dc127a91c1ab3cd02f StaticDependenciesID=bcf844a6408d7a7017ee86bb65031aa6 
Importing 'GUID: cbb1a39d56ce4d9ac1a46ac505893fa7 - Path: Packages/com.unity.modules.terrainphysics/package.ModuleCompilationTrigger' with importer (DefaultImporter)
Imported 'GUID: cbb1a39d56ce4d9ac1a46ac505893fa7' -> (Import Result ID: '0015779f9cd014ade85ffd7046bb2285') in 0.001 seconds [static dependencies only]. Details - ImportResultOutputID=55421b023a735b0064eb2b4eb850448a DependenciesID=f66c66036bb2a04dc531dade5a20af10 StaticDependenciesID=9281758ea84e1fefc5eeb8796f201f8d 
Importing 'GUID: db8e609a39b9b231fccc54e5fa4cbd1b - Path: Packages/com.unity.modules.animation/package.ModuleCompilationTrigger' with importer (DefaultImporter)
Imported 'GUID: db8e609a39b9b231fccc54e5fa4cbd1b' -> (Import Result ID: '64bdd471f684b7215418c8ebb98646e6') in 0.001 seconds [static dependencies only]. Details - ImportResultOutputID=bd54157e641a087b027334797ac1bb4e DependenciesID=63ee899a18461a3d707a245c13219acd StaticDependenciesID=45113d4b06d87e4212ca0fd971c6f675 
Importing 'GUID: 3cc1ebf2abb7fef6871ad48f499b6e21 - Path: Packages/com.unity.modules.vectorgraphics/package.ModuleCompilationTrigger' with importer (DefaultImporter)
Imported 'GUID: 3cc1ebf2abb7fef6871ad48f499b6e21' -> (Import Result ID: '691e04633c45bc3a459c56548c37507c') in 0.001 seconds [static dependencies only]. Details - ImportResultOutputID=f888f024258c75377d48b95d8eccd14d DependenciesID=8afc27de05790c97bc976e3bb8e1a82d StaticDependenciesID=27d17b554dfb7e9c29707348538cb25c 
Importing 'GUID: 5c1ee4056d0ac7ad3c5a16597fcaa38a - Path: Packages/com.unity.modules.physics/package.ModuleCompilationTrigger' with importer (DefaultImporter)
Imported 'GUID: 5c1ee4056d0ac7ad3c5a16597fcaa38a' -> (Import Result ID: '0f78740e1b0faf652d13359c837630fa') in 0.001 seconds [static dependencies only]. Details - ImportResultOutputID=0711ed6008a670c121290dcbcce4e191 DependenciesID=1deaa0db5f99f0028b0739739357e86b StaticDependenciesID=93b97e97dbe87d17a699457ed0c8bfdb 
Importing 'GUID: 8d4bc6bfa28760b29f13174d6b6ea710 - Path: Packages/com.unity.modules.subsystems/package.ModuleCompilationTrigger' with importer (DefaultImporter)
Imported 'GUID: 8d4bc6bfa28760b29f13174d6b6ea710' -> (Import Result ID: '5ba628f7dd061e6c6125f1d10a64f3cc') in 0.001 seconds [static dependencies only]. Details - ImportResultOutputID=506707270f0b52336d3dc2706a7b00f3 DependenciesID=b542271c0169491e5e8c11b6ca61744b StaticDependenciesID=f8416302fe8f15d94abef2ac59f5532a 
Importing 'GUID: cd561f5f687aed43bf280c27a84f79e3 - Path: Packages/com.unity.modules.screencapture/package.ModuleCompilationTrigger' with importer (DefaultImporter)
Imported 'GUID: cd561f5f687aed43bf280c27a84f79e3' -> (Import Result ID: '44b7856086d9635bc03bb42d4968c411') in 0.001 seconds [static dependencies only]. Details - ImportResultOutputID=c0a8303c6754efb32cd09ffd146f4f49 DependenciesID=c0c206a2785c8acb2042240a2f88798b StaticDependenciesID=ffe48f33e27a5f63f50b47fe4620e5e4 
Importing 'GUID: ae87256f29d9c8b50490f4caf75b2c41 - Path: Packages/com.unity.modules.unitywebrequestwww/package.ModuleCompilationTrigger' with importer (DefaultImporter)
Imported 'GUID: ae87256f29d9c8b50490f4caf75b2c41' -> (Import Result ID: '04c5ca5b57cafa76228e9ce9042e8863') in 0.001 seconds [static dependencies only]. Details - ImportResultOutputID=e6bac705e462011a5c14df84abae17b9 DependenciesID=313bca068a82967cd7169028c09e9c78 StaticDependenciesID=794bf6e576894272110ccdcb72c79620 
Importing 'GUID: be13c398521e3c1ad21fb9da30ab2ab6 - Path: Packages/com.unity.modules.imgui/package.ModuleCompilationTrigger' with importer (DefaultImporter)
Imported 'GUID: be13c398521e3c1ad21fb9da30ab2ab6' -> (Import Result ID: 'f88617f8755f3cc7c522b80bad4b2bff') in 0.001 seconds [static dependencies only]. Details - ImportResultOutputID=bbfcda24188a78ea8f934cd6f1d77d47 DependenciesID=1676049d7bfc560c2876453352831559 StaticDependenciesID=1484f2e44d4504480cf87fd155816ecc 
Importing 'GUID: fe6a6957b37b61417b457a1e0541791d - Path: Packages/com.unity.modules.physics2d/package.ModuleCompilationTrigger' with importer (DefaultImporter)
Imported 'GUID: fe6a6957b37b61417b457a1e0541791d' -> (Import Result ID: '277c9d9c9443fa4d20de51563b0d83a5') in 0.001 seconds [static dependencies only]. Details - ImportResultOutputID=0029339c38fd9ee58145f1e3cabdd15e DependenciesID=adeb826391ab9c6ccdea71424fa76aa4 StaticDependenciesID=a2616f4ea2d94c01ce1fa3af66244439 
Native extension for WindowsStandalone target not found
Native extension for WebGL target not found
ScheduleIndexationOnStartup MainProcess:True IndexOnStartup:True
Scripting: successfully reloaded assembly
- Finished resetting the current domain, in  0.751 seconds
Domain Reload Profiling: 1673ms
	BeginReloadAssembly (468ms)
		DisableScriptedObjects (30ms)
		CreateAndSetChildDomain (162ms)
	RebuildCommonClasses (11ms)
	RebuildNativeTypeToScriptingClass (17ms)
	initialDomainReloadingComplete (104ms)
	LoadAllAssembliesAndSetupDomain (321ms)
		LoadAssemblies (345ms)
		TypeCache.Refresh (17ms)
			TypeCache.ScanAssembly (12ms)
		AnalyzeDomain (7ms)
			BuildScriptInfoCaches (6ms)
	FinalizeReload (753ms)
		SetupLoadedEditorAssemblies (0ms)
			InitializePlatformSupportModulesInManaged (3ms)
			BeforeProcessingInitializeOnLoad (170ms)
			ProcessInitializeOnLoadAttributes (138ms)
			ProcessInitializeOnLoadMethodAttributes (57ms)
			AfterProcessingInitializeOnLoad (28ms)
		AwakeInstancesAfterBackupRestoration (49ms)
Starting new worker id: 0 with log in D:/GitHub/turnbased/Turn-based-combat/Logs/AssetImportWorkerHW0.log
Importing 'GUID: 00000000000000005000000000000000 - Path: Library/BuildPlayer.prefs' with importer (DefaultImporter)
Imported 'GUID: 00000000000000005000000000000000' -> (Import Result ID: 'e7fde0b61ad1bb905306708466de98ff') in 0.010 seconds [static dependencies only]. Details - ImportResultOutputID=5acc0d65895b3924819acc0f7e0e29d2 DependenciesID=59ca58ea3aedb06da41e45fbc07180ca StaticDependenciesID=37539b702cdc10d1395751c96f99732e 
Importing 'GUID: 585c3fb85b32bd64e8814074e754163e - Path: Packages/com.unity.ide.visualstudio/Editor/VSWhere/vswhere.exe' with importer (DefaultImporter)
Imported 'GUID: 585c3fb85b32bd64e8814074e754163e' -> (Import Result ID: '701e5b472d57295940ce3e5e00167b53') in 0.007 seconds [static dependencies only]. Details - ImportResultOutputID=fd84ef82b906939aad1911d355b2029d DependenciesID=a9c3f6abe0e86ff7a75e134f5648d5a7 StaticDependenciesID=41bf4a9549fbc4054f90b893523d36b2 
Importing 'GUID: cb67edc1800c2ec4ba8dfb1cf0dfc84a - Path: Packages/com.unity.ide.visualstudio/Editor/COMIntegration/Release/COMIntegration.exe' with importer (DefaultImporter)
Imported 'GUID: cb67edc1800c2ec4ba8dfb1cf0dfc84a' -> (Import Result ID: '90829e31db53b07a994dc2fadb541224') in 0.001 seconds [static dependencies only]. Details - ImportResultOutputID=b9c287c27e0f1bb4e3c7a5e560e89af8 DependenciesID=b092e555a70bb69d0dae40a46a793207 StaticDependenciesID=06d3555c8fa1daca7c820cb967bf7888 
Importing 'GUID: 30b312a167534621b316172253b08723 - Path: Packages/com.unity.modules.subsystems/package.json' with importer (PackageManifestImporter)
Imported 'GUID: 30b312a167534621b316172253b08723' -> (Import Result ID: '91cadbda1f4551ba4ae374b5d4ebbb95') in 0.001 seconds [static dependencies only]. Details - ImportResultOutputID=f12373219448441b0341099e7af5eb41 DependenciesID=c3a1a64a1ed707356763ac5780bfff54 StaticDependenciesID=b0c5384f3a63b37ff1cc33155b308e39 
Importing 'GUID: 40bf3cec17fa0b49fe04443c8332d638 - Path: Packages/com.unity.modules.jsonserialize/package.json' with importer (PackageManifestImporter)
Imported 'GUID: 40bf3cec17fa0b49fe04443c8332d638' -> (Import Result ID: '062926dc2f811d5fa649e1a6cf35b2be') in 0.001 seconds [static dependencies only]. Details - ImportResultOutputID=d715bb69eb97158ae78ee98bcdc249c8 DependenciesID=4e6f9b5b81636b56298af5228107b3cb StaticDependenciesID=0fc633a2d442bf1460b6d27ccd581959 
Importing 'GUID: 6022bdd5b2896a54f94123b812705321 - Path: Packages/com.unity.ide.visualstudio/CHANGELOG.md' with importer (TextScriptImporter)
Imported 'GUID: 6022bdd5b2896a54f94123b812705321' -> (Import Result ID: 'ef287330416445f6e6232585ee0948a3') in 0.001 seconds [static dependencies only]. Details - ImportResultOutputID=c0e58df697d8d3aed0a3958a0ae37c00 DependenciesID=5dae0207f906ef7c56008bf3abe2c0ab StaticDependenciesID=3bc5f93312d6c771c47ec3111a32a56e 
Importing 'GUID: 80beef77cb19e713c7c2d481b65ed485 - Path: Packages/com.unity.modules.screencapture/package.json' with importer (PackageManifestImporter)
Imported 'GUID: 80beef77cb19e713c7c2d481b65ed485' -> (Import Result ID: '43371bca79999413678980d6fc470d9b') in 0.001 seconds [static dependencies only]. Details - ImportResultOutputID=b4ffc84b5928a9d8fa48bb1ab9ca0965 DependenciesID=c066d8070b2f6fb0d766951c3eb71b2b StaticDependenciesID=39cc6ec39bb1615df8637c27727a4672 
Importing 'GUID: 906c12bc9cd95d3963c6d58f62522c78 - Path: Packages/com.unity.modules.cloth/package.json' with importer (PackageManifestImporter)
Imported 'GUID: 906c12bc9cd95d3963c6d58f62522c78' -> (Import Result ID: '20459150db32dbf40baebe3351f8536a') in 0.001 seconds [static dependencies only]. Details - ImportResultOutputID=40599719a159f2424dc6caf7e57b374b DependenciesID=fa4d36e58cf5cfff9338af3c71e3bcd4 StaticDependenciesID=0cc8c8dd8d90fcd1bb3a740f254ee7cb 
Importing 'GUID: d0e3ad91972c66f5238f5b9b7d5ae58a - Path: Packages/com.unity.modules.unitywebrequesttexture/package.json' with importer (PackageManifestImporter)
Imported 'GUID: d0e3ad91972c66f5238f5b9b7d5ae58a' -> (Import Result ID: '29c257d3f95ab1385a113e0721079503') in 0.001 seconds [static dependencies only]. Details - ImportResultOutputID=f9819a2814b9d346b95c32cadc86b95f DependenciesID=519cc091285c3f57de53fce00a91dff1 StaticDependenciesID=de4675f32f28c25d668fe6a485729132 
Importing 'GUID: f0f13f2ab3d6d13cfc6e4656824bfca8 - Path: Packages/com.unity.modules.ai/package.json' with importer (PackageManifestImporter)
Imported 'GUID: f0f13f2ab3d6d13cfc6e4656824bfca8' -> (Import Result ID: 'e8ffbb81041722dd8a51842cf8aa5b1a') in 0.001 seconds [static dependencies only]. Details - ImportResultOutputID=6c1e1e68cc352ca0c8f4fa95c3c80fe9 DependenciesID=0836e57675788e3b5d3d53f00dfdf241 StaticDependenciesID=ef62caa18b85eae761e5b71f9a8f42c6 
Importing 'GUID: 8143d3a8390f2c64685e3bc272bd9e90 - Path: Packages/com.unity.ext.nunit/package.json' with importer (PackageManifestImporter)
Imported 'GUID: 8143d3a8390f2c64685e3bc272bd9e90' -> (Import Result ID: '348e755bcd88ed4be531481a0e37aaa3') in 0.001 seconds [static dependencies only]. Details - ImportResultOutputID=47b4f14681140d9bb1e09b9c9db18de3 DependenciesID=2695f3a8acff006aa04eff3e4dc77303 StaticDependenciesID=cf644d6770398a85ed11d59f3fc82bcf 
Importing 'GUID: e1ef8466c8fd01a549f10baa4d51fa17 - Path: Packages/com.unity.modules.assetbundle/package.json' with importer (PackageManifestImporter)
Imported 'GUID: e1ef8466c8fd01a549f10baa4d51fa17' -> (Import Result ID: '748132f011a260c8df556b8cee535e4c') in 0.001 seconds [static dependencies only]. Details - ImportResultOutputID=cfe9da6d42ce96a22193f1d8b2af86ad DependenciesID=16c55702c0aaaab1de43bc36cec08d92 StaticDependenciesID=7a1bc9322701c6205e280c430adfb524 
Importing 'GUID: 42fe78c8fe682715a2cb531422e6ccb3 - Path: Packages/com.unity.modules.imgui/package.json' with importer (PackageManifestImporter)
Imported 'GUID: 42fe78c8fe682715a2cb531422e6ccb3' -> (Import Result ID: '38d3bb719d37ec99f8a9f6c14d39c414') in 0.001 seconds [static dependencies only]. Details - ImportResultOutputID=a5346159d22bce0395fd3c3cfff1d1a1 DependenciesID=bb3e0f71c194a791f04bcb82e59b0e77 StaticDependenciesID=fcba81c59960cbb5fd08016f128ba1a0 
Importing 'GUID: 92a378669877c05c6071d0fed687bb95 - Path: Packages/com.unity.modules.tilemap/package.json' with importer (PackageManifestImporter)
Imported 'GUID: 92a378669877c05c6071d0fed687bb95' -> (Import Result ID: '08175b43d19d068c3d070bec5e4db444') in 0.001 seconds [static dependencies only]. Details - ImportResultOutputID=23dd1249d007cf65d61b546a4fe02828 DependenciesID=d50bdc650850cd95506663c9d7227b68 StaticDependenciesID=7ba57acf13f14af7fe4f557b15547504 
Importing 'GUID: 43674d438e19b89d7fe6af07234f3252 - Path: Packages/com.unity.modules.accessibility/package.json' with importer (PackageManifestImporter)
Imported 'GUID: 43674d438e19b89d7fe6af07234f3252' -> (Import Result ID: 'f8c87b4fbc6298e300bc3ef00722b65a') in 0.001 seconds [static dependencies only]. Details - ImportResultOutputID=09acbb368a6bac60c9ab3566ee7106ae DependenciesID=921d601850da1ec9b05f1f468436ab0e StaticDependenciesID=c19d0189e83c9cd3e5aa4d1c325afb07 
Importing 'GUID: 939b89fc6b924ea2e821fc1be1b09f56 - Path: Packages/com.unity.modules.tetgen/package.json' with importer (PackageManifestImporter)
Imported 'GUID: 939b89fc6b924ea2e821fc1be1b09f56' -> (Import Result ID: '11768157ac485b2639961b8822c46966') in 0.001 seconds [static dependencies only]. Details - ImportResultOutputID=29fa5e06454fd7d4a3de4ebaad1b9fb3 DependenciesID=c1b4948256745152fc2049e828600095 StaticDependenciesID=85fe6b83da180efd3b8a71f4f73ea1d2 
Importing 'GUID: a3f71b076c36a204a864f8c44142b3a9 - Path: Packages/com.unity.ide.visualstudio/ValidationConfig.json' with importer (TextScriptImporter)
Imported 'GUID: a3f71b076c36a204a864f8c44142b3a9' -> (Import Result ID: '6bc194c0e5cf2c0ea377129ee0200221') in 0.001 seconds [static dependencies only]. Details - ImportResultOutputID=cff9390ab0252068bea3e095f4d8ef8d DependenciesID=9d8b025ffb710ac31101c22b75c904b3 StaticDependenciesID=cb892ee866859957be28e6dcd81741fb 
Importing 'GUID: d3cbe921f7b3d9a3257e7c61a5761796 - Path: Packages/com.unity.modules.terrainphysics/package.json' with importer (PackageManifestImporter)
Imported 'GUID: d3cbe921f7b3d9a3257e7c61a5761796' -> (Import Result ID: 'c6962603b20062c5a3d8cbe46638f06b') in 0.001 seconds [static dependencies only]. Details - ImportResultOutputID=dd1e3adb7083a3027e8e76a0f466a653 DependenciesID=6517e97cccb0ebb2f51518d264d97ccd StaticDependenciesID=89337a2390f409565d8be9f960167083 
Importing 'GUID: 2479a4656ed89570ebd1de1fdda3dae5 - Path: Packages/com.unity.modules.timelinefoundation/package.json' with importer (PackageManifestImporter)
Imported 'GUID: 2479a4656ed89570ebd1de1fdda3dae5' -> (Import Result ID: '0302208327ef60b38a6c6ef73efb8e67') in 0.001 seconds [static dependencies only]. Details - ImportResultOutputID=46a2b4bb43d4824a41d6c5129c0be0e9 DependenciesID=da2ed76247ab9d845fc0bddff5663209 StaticDependenciesID=89e750f67239ef258d2e24cbb0e9b393 
Importing 'GUID: f49bbe06ffa5ae24abe32abdab430c24 - Path: Packages/com.unity.ext.nunit/CHANGELOG.md' with importer (TextScriptImporter)
Imported 'GUID: f49bbe06ffa5ae24abe32abdab430c24' -> (Import Result ID: 'cd4dff66c699a226bf55f5e7c0a1f4b0') in 0.001 seconds [static dependencies only]. Details - ImportResultOutputID=01168eb68a0f3be6f532fd87433b1d0d DependenciesID=410372227720ae096651114bf4c0a19e StaticDependenciesID=afa1787e8d8c28cb672470fcab17a9b6 
Importing 'GUID: 05f7f519769978b79b31d063a7fc6fa1 - Path: Packages/com.unity.modules.unitywebrequestassetbundle/package.json' with importer (PackageManifestImporter)
Imported 'GUID: 05f7f519769978b79b31d063a7fc6fa1' -> (Import Result ID: '4e7f058c964e1e63e1c953b992af019b') in 0.001 seconds [static dependencies only]. Details - ImportResultOutputID=bc2c97e74faeca88ac7413fb1ab6bdad DependenciesID=4922d3f5480f1c735012b971dc672e06 StaticDependenciesID=d86e0c2d1b53ce6b8f92e493f4765894 
Importing 'GUID: 5598b14661b5f4c43bed757f34b6d172 - Path: Packages/com.unity.ide.rider/LICENSE.md' with importer (TextScriptImporter)
Imported 'GUID: 5598b14661b5f4c43bed757f34b6d172' -> (Import Result ID: 'edf5f386fa5935ba76146f2e667a75ce') in 0.001 seconds [static dependencies only]. Details - ImportResultOutputID=327a019b016b061199b139089c9f7588 DependenciesID=26e7eae126c0167609ad958f04cf5999 StaticDependenciesID=9b3fb3b79c2968dbd1c57f75c7eec358 
Importing 'GUID: 656f74f6edaa396458412b9e3903d8cd - Path: Packages/com.unity.ide.visualstudio/package.json' with importer (PackageManifestImporter)
Imported 'GUID: 656f74f6edaa396458412b9e3903d8cd' -> (Import Result ID: '026fbff18d6d8ccd2105aaf4207fab86') in 0.001 seconds [static dependencies only]. Details - ImportResultOutputID=c6c234ec4788ad4daafb8100490de712 DependenciesID=e856ee9d89f09216e15ef763c814698e StaticDependenciesID=d58099b9ef64c5201453a22746692171 
Importing 'GUID: 953fab16d15d5885b3600fcd6388b2ad - Path: Packages/com.unity.modules.imageconversion/package.json' with importer (PackageManifestImporter)
Imported 'GUID: 953fab16d15d5885b3600fcd6388b2ad' -> (Import Result ID: 'f429bdfb79f913ce8c501a82d8358497') in 0.001 seconds [static dependencies only]. Details - ImportResultOutputID=0e4995c3f3dd5769464d8a543795eb59 DependenciesID=65c452b17df9a2ed2f86b3ad31f5fd59 StaticDependenciesID=3a87574dc1bf2139ab2e833c570d41ac 
Importing 'GUID: b5930dbc378b45d406aeb881f06b6dfa - Path: Packages/com.unity.modules.physicscore2d/package.json' with importer (PackageManifestImporter)
Imported 'GUID: b5930dbc378b45d406aeb881f06b6dfa' -> (Import Result ID: '2a94add01761f8fc65c922a501319370') in 0.001 seconds [static dependencies only]. Details - ImportResultOutputID=af44914a33c884dc4608f0447aad1ab8 DependenciesID=bbce0d58c26795613a52965175925ea9 StaticDependenciesID=920f07d595124003c9dbccbb35574a76 
Importing 'GUID: 26a4f29db434fd79025c91f6126382cc - Path: Packages/com.unity.modules.unityanalytics/package.json' with importer (PackageManifestImporter)
Imported 'GUID: 26a4f29db434fd79025c91f6126382cc' -> (Import Result ID: '1f638ec50865121ee10f404e14c75ab5') in 0.001 seconds [static dependencies only]. Details - ImportResultOutputID=d24cdca416056c3767c03f6739fd11b9 DependenciesID=8bdea4c5466816daf6e8103cf30828da StaticDependenciesID=4ebdb3799ab953706fae87a220b5817b 
Importing 'GUID: 66c95bb3c74257f41bae2622511dc02d - Path: Packages/com.unity.ide.rider/package.json' with importer (PackageManifestImporter)
Imported 'GUID: 66c95bb3c74257f41bae2622511dc02d' -> (Import Result ID: '2d48b3247060e80247497281f12a74d8') in 0.001 seconds [static dependencies only]. Details - ImportResultOutputID=f89ff0383dd1cd9973d5836fc09a4be8 DependenciesID=71ba70c35d6bc9f6ffbb1a3f64b3d602 StaticDependenciesID=af2497d9d1327f4cf331ec0b6078f68f 
Importing 'GUID: 8645aa9c3c74fb34ba9499e14fb332b5 - Path: Packages/com.unity.ide.rider/CHANGELOG.md' with importer (TextScriptImporter)
Imported 'GUID: 8645aa9c3c74fb34ba9499e14fb332b5' -> (Import Result ID: 'ca2f202aafa234975268fc06aed9535b') in 0.001 seconds [static dependencies only]. Details - ImportResultOutputID=dd3c231205f1535e4e5415aae999a968 DependenciesID=11a9b17e0d5c1acc8c70bad97de3a745 StaticDependenciesID=58ddf74d8480a0ce5936b8187118a61f 
Importing 'GUID: 96d14b71b907bb52333b2886e665aba6 - Path: Packages/com.unity.modules.video/package.json' with importer (PackageManifestImporter)
Imported 'GUID: 96d14b71b907bb52333b2886e665aba6' -> (Import Result ID: '6b4f50a4e00b550b15fbd8f3ac5e84b5') in 0.001 seconds [static dependencies only]. Details - ImportResultOutputID=0a5bae1cac69280d6b37914850384cc6 DependenciesID=77125f870918faa373ab6ef5167113de StaticDependenciesID=68f521bd5c1f61d426b3051a918c6b9e 
Importing 'GUID: b6029123aa4ab4e0481a4b3ad8a15af9 - Path: Packages/com.unity.ide.rider/ValidationExceptions.json' with importer (TextScriptImporter)
Imported 'GUID: b6029123aa4ab4e0481a4b3ad8a15af9' -> (Import Result ID: 'bae1c1b0434e288081f0fd8719c30c3d') in 0.001 seconds [static dependencies only]. Details - ImportResultOutputID=6f52e86b1f5116132a8a30131b940fa4 DependenciesID=6a83c3389cff2b6a1a377c08c7d8e8ac StaticDependenciesID=699685fe34e51757b946cd0401fbce0a 
Importing 'GUID: d691174143fd3774ba63d7c493633b99 - Path: Packages/com.unity.test-framework/CHANGELOG.md' with importer (TextScriptImporter)
Imported 'GUID: d691174143fd3774ba63d7c493633b99' -> (Import Result ID: 'c3fca394a9cc09d5d88d3d5a76ec5eb4') in 0.002 seconds [static dependencies only]. Details - ImportResultOutputID=574d6ecf949752cdaa9f864cbd026df1 DependenciesID=3ebce2b7a7e20f8a29d788af81daa402 StaticDependenciesID=3db3ee678f4ead70f7573c01750b7294 
Importing 'GUID: d6a2e6e4803de7b43baacdc355fc144d - Path: Packages/com.unity.test-framework/package.json' with importer (PackageManifestImporter)
Imported 'GUID: d6a2e6e4803de7b43baacdc355fc144d' -> (Import Result ID: '4b899eafef6618b34266f7fa52222bf0') in 0.002 seconds [static dependencies only]. Details - ImportResultOutputID=8016505d6f82683b7a680276e2efcb9a DependenciesID=0ec88bb72c4f9ee5507e3a35aa7adfc4 StaticDependenciesID=40dee2580fdace20e4fd62895bc53e8f 
Importing 'GUID: 87d720faa37005c08600090e04d8c739 - Path: Packages/com.unity.modules.particlesystem/package.json' with importer (PackageManifestImporter)
Imported 'GUID: 87d720faa37005c08600090e04d8c739' -> (Import Result ID: '15ba545013c55640b4ce8e0d94e20d46') in 0.001 seconds [static dependencies only]. Details - ImportResultOutputID=af5c3885a5831dbe4c34a3756290e84a DependenciesID=bbdc17fc46e2a3d1111a4d4e4153fb2a StaticDependenciesID=06de8909aa29b12b2795f90e8aee05d2 
Importing 'GUID: f7a8357347c80dc69c08d0b1a05e2122 - Path: Packages/com.unity.modules.physics2d/package.json' with importer (PackageManifestImporter)
Imported 'GUID: f7a8357347c80dc69c08d0b1a05e2122' -> (Import Result ID: '8e18bbb66b2b3d8f7842ee3a260e5e45') in 0.001 seconds [static dependencies only]. Details - ImportResultOutputID=ffdd5cf71990097dc8e67f888e336b27 DependenciesID=68187d32eb6aebb86cb290844636b6d9 StaticDependenciesID=f56b4961831f9b23bfaa0e5ff6985f7e 
Importing 'GUID: 78e5667e52329c3ceef41288763404ae - Path: Packages/com.unity.modules.vectorgraphics/package.json' with importer (PackageManifestImporter)
Imported 'GUID: 78e5667e52329c3ceef41288763404ae' -> (Import Result ID: '09f01d89e95ac1113032cda9f5947657') in 0.001 seconds [static dependencies only]. Details - ImportResultOutputID=ef5e6b3fee8048647d8f25b6cde53588 DependenciesID=cc5ecf416d7daecaadaacc0456f35c38 StaticDependenciesID=084b183a4b093193949ce92dec6e1dc4 
Importing 'GUID: 7809f42f64c877f4b90ac233e5ec2372 - Path: Packages/com.unity.ide.visualstudio/ThirdPartyNotices.md' with importer (TextScriptImporter)
Imported 'GUID: 7809f42f64c877f4b90ac233e5ec2372' -> (Import Result ID: 'a28aa1402ac8e637190ddf8440cc5e87') in 0.001 seconds [static dependencies only]. Details - ImportResultOutputID=f154d8c91844fe25266ca0011028e787 DependenciesID=5c2ffb1af8d1a639e99b218df7f42831 StaticDependenciesID=43742991ad5fb88fc39b2047e4b47ea1 
Importing 'GUID: 788fbcfc0abc6c54b9504cfee3176c22 - Path: Packages/com.unity.ide.visualstudio/ValidationExceptions.json' with importer (TextScriptImporter)
Imported 'GUID: 788fbcfc0abc6c54b9504cfee3176c22' -> (Import Result ID: '81135997c364631328a054147938fac8') in 0.001 seconds [static dependencies only]. Details - ImportResultOutputID=99c9b320b2a231cc13cad939eaabe428 DependenciesID=6dad5110de8a6794f881a3e6a17a8b63 StaticDependenciesID=9764ead717ca00dc09d6f901b9296d05 
Importing 'GUID: b83f06ac0c0696e9563230865ca72b81 - Path: Packages/com.unity.modules.wind/package.json' with importer (PackageManifestImporter)
Imported 'GUID: b83f06ac0c0696e9563230865ca72b81' -> (Import Result ID: '9dc79958c73e3a55e2560d2ec74ff90d') in 0.001 seconds [static dependencies only]. Details - ImportResultOutputID=86a5be3d0a8a6444c0847994148a04c5 DependenciesID=95d8fc5d2bbd997a55ecfbddefb96c80 StaticDependenciesID=66cc94a4346663330b5c6298f2e148dc 
Importing 'GUID: d85e5eeaf8f135aeaaebdc8aa3cff6c3 - Path: Packages/com.unity.modules.umbra/package.json' with importer (PackageManifestImporter)
Imported 'GUID: d85e5eeaf8f135aeaaebdc8aa3cff6c3' -> (Import Result ID: 'ee2615399b279152b0335e685f9e4f21') in 0.001 seconds [static dependencies only]. Details - ImportResultOutputID=6667220eaf37b9411d76bda967a29351 DependenciesID=bb715ffc975102cf4a247ccc967a7412 StaticDependenciesID=eb37a685219cb5aef5fbd5df60eae697 
Importing 'GUID: e9df95f53f1c1d0c9199e235d6c42b50 - Path: Packages/com.unity.modules.audio/package.json' with importer (PackageManifestImporter)
Imported 'GUID: e9df95f53f1c1d0c9199e235d6c42b50' -> (Import Result ID: '3da0abae5321bad105734fca4c4bca28') in 0.001 seconds [static dependencies only]. Details - ImportResultOutputID=9e7a8ca17c9ada176ee8f9feaacb145a DependenciesID=b61383e346dbc8a029c6c7d93da0c63e StaticDependenciesID=a6ba264de710eb848c1def723963e3cc 
Importing 'GUID: f91a00d2dca52b843b2d50ccf750737d - Path: Packages/com.unity.ext.nunit/LICENSE.md' with importer (TextScriptImporter)
Imported 'GUID: f91a00d2dca52b843b2d50ccf750737d' -> (Import Result ID: '4a79da6677dd67cc5d5f747357bc40de') in 0.001 seconds [static dependencies only]. Details - ImportResultOutputID=d854dc97e3ddfb1399f46d637df03eb9 DependenciesID=4a66b8c1e54c8eb3ce2459fec3d8a4ef StaticDependenciesID=4e9ac9040dec2c3da17f383824ffe8cc 
Importing 'GUID: 1a4266815e998967becf686f9c71f0a6 - Path: Packages/com.unity.modules.physics/package.json' with importer (PackageManifestImporter)
Imported 'GUID: 1a4266815e998967becf686f9c71f0a6' -> (Import Result ID: '7b29e9278b7ae7ab0bcead621cf46af3') in 0.001 seconds [static dependencies only]. Details - ImportResultOutputID=a2d6f3bfd9bb75782461acb9a5eb4f5a DependenciesID=bd4510c5c9c050edfefb2c84c95abf90 StaticDependenciesID=ff880c4980be6e10637516ee80719398 
Importing 'GUID: 6afb166a156df2d20433d981f4bb2832 - Path: Packages/com.unity.modules.vehicles/package.json' with importer (PackageManifestImporter)
Imported 'GUID: 6afb166a156df2d20433d981f4bb2832' -> (Import Result ID: '8b13c179e857afa8bd8b8fea88399ef0') in 0.001 seconds [static dependencies only]. Details - ImportResultOutputID=913c781524e2f88f1f61dedb313e4c06 DependenciesID=76d2c74133d94ef22145f285a1490df1 StaticDependenciesID=0ea68813f79d4edf8309ce9abbe27516 
Importing 'GUID: fa27413e9edb06a6058d6c894eca0338 - Path: Packages/com.unity.modules.unitywebrequestwww/package.json' with importer (PackageManifestImporter)
Imported 'GUID: fa27413e9edb06a6058d6c894eca0338' -> (Import Result ID: '9a74feef4dcfee670a5eb21bda97016d') in 0.001 seconds [static dependencies only]. Details - ImportResultOutputID=5205eed9bc215ff67b1f0174ef8ee9e2 DependenciesID=5bcd3dbd358387d2ec18d64b6a8aac49 StaticDependenciesID=63a1a8073e35af2c81c07d08e1454c22 
Importing 'GUID: 4b518b37798c97b0f860962cbf615533 - Path: Packages/com.unity.modules.unitywebrequestaudio/package.json' with importer (PackageManifestImporter)
Imported 'GUID: 4b518b37798c97b0f860962cbf615533' -> (Import Result ID: 'e725fec144678b00eb2da485abf6a653') in 0.001 seconds [static dependencies only]. Details - ImportResultOutputID=3ac3d29a7b2daa2a646425d6f9137196 DependenciesID=2e46841df581e962aa2293fc9a833445 StaticDependenciesID=593560aa1b7a7af813f7b98c268e79f8 
Importing 'GUID: 9b1a5759726ef9d39a0ab82047b615f1 - Path: Packages/com.unity.modules.hierarchycore/package.json' with importer (PackageManifestImporter)
Imported 'GUID: 9b1a5759726ef9d39a0ab82047b615f1' -> (Import Result ID: 'e2f2a4dc1806eafb567812fa13071323') in 0.001 seconds [static dependencies only]. Details - ImportResultOutputID=1dea4a637fffff459a716aab2b4544dc DependenciesID=d8bebc9a9b7a84bd405ce0fcce71b5c8 StaticDependenciesID=882b96a1432b49929b6e23cde2929d1c 
Importing 'GUID: 2c814623cb42764d304be0c5ddd03ceb - Path: Packages/com.unity.modules.xr/package.json' with importer (PackageManifestImporter)
Imported 'GUID: 2c814623cb42764d304be0c5ddd03ceb' -> (Import Result ID: '3da53f8cacc6be07556e579b152a3075') in 0.001 seconds [static dependencies only]. Details - ImportResultOutputID=1262664d19c2258369288d30beb2cdb6 DependenciesID=57697ae4248f807eca533f4fde7c490c StaticDependenciesID=50443b01181fb4ffad09dd60cbe10d44 
Importing 'GUID: 4c413a81cadcce7038e446e56570117e - Path: Packages/com.unity.modules.adaptiveperformance/package.json' with importer (PackageManifestImporter)
Imported 'GUID: 4c413a81cadcce7038e446e56570117e' -> (Import Result ID: '6bc9096e03b526a234bd93df8e40474d') in 0.001 seconds [static dependencies only]. Details - ImportResultOutputID=1f07c1ff1eeefc2532264b0ab169267a DependenciesID=2824091591b7cc56042c6ee0b731bf44 StaticDependenciesID=1a42c6fc11b3b4a5a41df228177a979d 
Importing 'GUID: ec02776fe29df900b897106d61977735 - Path: Packages/com.unity.modules.director/package.json' with importer (PackageManifestImporter)
Imported 'GUID: ec02776fe29df900b897106d61977735' -> (Import Result ID: '492a653eef361c2234f2ab95b5e32efa') in 0.001 seconds [static dependencies only]. Details - ImportResultOutputID=e6c46672aaf283c4f268e9bb004b543a DependenciesID=c278012f0e730bd8614bf4ae12d7f0cf StaticDependenciesID=e4ecc0992a31879a4dc5fafeaa443773 
Importing 'GUID: 5da62a0c1c5218c4aa16b74546a7822d - Path: Packages/com.unity.ext.nunit/README.md' with importer (TextScriptImporter)
Imported 'GUID: 5da62a0c1c5218c4aa16b74546a7822d' -> (Import Result ID: '592d9dd6a64470a9f8e825fd6229006b') in 0.001 seconds [static dependencies only]. Details - ImportResultOutputID=c8657eaa0cd2cb7909b75292d5c2cac7 DependenciesID=a0989442b53f21c8891136d7e7395d08 StaticDependenciesID=2412cf4b705c843d874bb0f8c90adae9 
Importing 'GUID: 6d56244f8c39a851975d3c0bd432c66f - Path: Packages/com.unity.modules.terrain/package.json' with importer (PackageManifestImporter)
Imported 'GUID: 6d56244f8c39a851975d3c0bd432c66f' -> (Import Result ID: 'acdf629200802dc846f4b01de6f3d421') in 0.001 seconds [static dependencies only]. Details - ImportResultOutputID=5e40d0b8d35162ad5eb9813bcce344e1 DependenciesID=0fdc6c03230f00196d66509291acf7a7 StaticDependenciesID=98ac750c63e45666278d0decee7f0873 
Importing 'GUID: bd1af0a6633ee94ae21c7d1d702cdc12 - Path: Packages/com.unity.modules.androidjni/package.json' with importer (PackageManifestImporter)
Imported 'GUID: bd1af0a6633ee94ae21c7d1d702cdc12' -> (Import Result ID: 'c66b3a289a73bbec2fda23e48bc08026') in 0.001 seconds [static dependencies only]. Details - ImportResultOutputID=7126a0377f515e9a6995b9946f69e957 DependenciesID=3460a296a7931240235c48d675c04d07 StaticDependenciesID=766670ff5734e879714b6e5bd1fc3fee 
Importing 'GUID: cd78ce5b75b8be84d8b94cd99903161f - Path: Packages/com.unity.ide.visualstudio/CONTRIBUTING.md' with importer (TextScriptImporter)
Imported 'GUID: cd78ce5b75b8be84d8b94cd99903161f' -> (Import Result ID: '90ce997c7b0b9a72c1a4bbc8359255a1') in 0.001 seconds [static dependencies only]. Details - ImportResultOutputID=2e903f86b6274379e888bf8205a28a62 DependenciesID=70fad9e9c5fb93c90ae3bc1cfaf55621 StaticDependenciesID=83a52b79b18beab5b489fe9907122b65 
Importing 'GUID: 3ec7596410385054a9e0bc90377fbe63 - Path: Packages/com.unity.test-framework/LICENSE.md' with importer (TextScriptImporter)
Imported 'GUID: 3ec7596410385054a9e0bc90377fbe63' -> (Import Result ID: '3a1c9d30bdeada97253cfb6695045bc3') in 0.002 seconds [static dependencies only]. Details - ImportResultOutputID=bba2943017dac050fc7c7408db0545e8 DependenciesID=2a5c50339c505478545b9a6b332308d4 StaticDependenciesID=979fcfe7b19f9d33c0758a6b2a5be9b4 
Importing 'GUID: 5e83f8baac96eaa47bdd9ca781cd2002 - Path: Packages/com.unity.ide.rider/CONTRIBUTING.md' with importer (TextScriptImporter)
Imported 'GUID: 5e83f8baac96eaa47bdd9ca781cd2002' -> (Import Result ID: 'df0cebd9447d1612751bd7af1f3a21de') in 0.001 seconds [static dependencies only]. Details - ImportResultOutputID=299398a35b0d6ab073c07e25e1931264 DependenciesID=4420fbc427b51d1f4f4759a393a225ad StaticDependenciesID=dbd5140748e3c8e099a6a3e5d2e4ab08 
Importing 'GUID: 7ef8348b8ea834d7e1bc214b07f7fb87 - Path: Packages/com.unity.modules.animation/package.json' with importer (PackageManifestImporter)
Imported 'GUID: 7ef8348b8ea834d7e1bc214b07f7fb87' -> (Import Result ID: '82e086625e3caaa7556c47741779fbbd') in 0.001 seconds [static dependencies only]. Details - ImportResultOutputID=b91668c34ad33289ab3788464c3773fc DependenciesID=0065dbae8c760ef394d86b185f8b83a2 StaticDependenciesID=a1cddf4511130d831d577e406d2312e6 
Importing 'GUID: 1fe9e6e1ae93cf64bbdfbd29300752e1 - Path: Packages/com.unity.ide.visualstudio/LICENSE.md' with importer (TextScriptImporter)
Imported 'GUID: 1fe9e6e1ae93cf64bbdfbd29300752e1' -> (Import Result ID: '3810f04e5a6dea9d7192322c518317fc') in 0.001 seconds [static dependencies only]. Details - ImportResultOutputID=59b2bdb7a2a944bdd850427bde77d577 DependenciesID=63009f1a6fb1b534e5b44aa1d21f03d3 StaticDependenciesID=cfdc7fb9a1450b6ca3a201af1edec05b 
Importing 'GUID: 3fdd83b151eb8d25c5e2f82fc39dcb04 - Path: Packages/com.unity.modules.unitywebrequest/package.json' with importer (PackageManifestImporter)
Imported 'GUID: 3fdd83b151eb8d25c5e2f82fc39dcb04' -> (Import Result ID: '92635879e69b098a24aed6b11124d6af') in 0.001 seconds [static dependencies only]. Details - ImportResultOutputID=c3fdc439e8f1f75cc7a0e86c4c6ba96d DependenciesID=af541476494a73d8e0e3c25128f3ed67 StaticDependenciesID=7d8ffda6dfec0ff398f84144af32c448 
Importing 'GUID: 4f0f9b9f3ed97ad2b9ba8f1a8e4666c2 - Path: Packages/com.unity.modules.uielements/package.json' with importer (PackageManifestImporter)
Imported 'GUID: 4f0f9b9f3ed97ad2b9ba8f1a8e4666c2' -> (Import Result ID: '184794dd62116f07f31b8718f7db4388') in 0.001 seconds [static dependencies only]. Details - ImportResultOutputID=c6edeb5d9bc578ffca7fbf049f13618e DependenciesID=55e8d1ec6ce87a14c2bd6ab2efec80b4 StaticDependenciesID=6a093705c82ba59492894df208618d92 
Importing 'GUID: bfd567a3d1631a761bca9e99fa53d86d - Path: Packages/com.unity.modules.ui/package.json' with importer (PackageManifestImporter)
Imported 'GUID: bfd567a3d1631a761bca9e99fa53d86d' -> (Import Result ID: '4dd710bbce123bc757f4a8a01bdf269a') in 0.001 seconds [static dependencies only]. Details - ImportResultOutputID=2c146ae310e14069b7968d16cdff2b0b DependenciesID=b1c5e489db4e32517744613cffb974f4 StaticDependenciesID=9d4c7cf74df7148af2e86e5b6924c57c 
Importing 'GUID: bfcb3ba499f7d452b92d9a9cc3378788 - Path: Packages/com.unity.ext.nunit/Third Party Notices.md' with importer (TextScriptImporter)
Imported 'GUID: bfcb3ba499f7d452b92d9a9cc3378788' -> (Import Result ID: 'e6cfe1d808178a6dfdb4b89ccfc62c2a') in 0.001 seconds [static dependencies only]. Details - ImportResultOutputID=13e034fa650cd897dd3935828cea6abc DependenciesID=75baafcacaf8f610432359dceece7d61 StaticDependenciesID=c41ef689649a42705725ae0c14ba6db5 
No restricted APIs configured; Validation skipped.
Checking 2 assemblies for restricted APIs found 0 usage(s) in 6 ms
Launched and connected shader compiler UnityShaderCompiler.exe after 0.03 seconds
Loading style catalogs (6)
	StyleSheets/Extensions/base/common.uss
	UIPackageResources/StyleSheets/Default/Variables/Public/common.uss
	StyleSheets/Northstar/common.uss
	StyleSheets/Extensions/fonts/inter.uss
	StyleSheets/Extensions/base/dark.uss
	UIPackageResources/StyleSheets/Default/Northstar/Palette/dark.uss

Asset Pipeline Refresh (id=1836b285a5cdf354fbfd9e1555633683): Total: 20.677 seconds - Initiated by InitialRefreshV2(ForceSynchronousImport)
	(Values over 0.05ms)
	Summary:
		Imports: total=230 (actual=230, local cache=0, cache server=0)
		Asset DB Process Time: managed=15 ms, native=1855 ms
		Asset DB Callback time: managed=177 ms, native=7591 ms
		Scripting: domain reloads=1, domain reload time=1033 ms, compile time=9987 ms, other=16 ms
		Project Asset Count: scripts=169, non-scripts=61
		Asset File Changes: new=713, changed=713, moved=0, deleted=0
		Scan Filter Count: 0
	InvokePackagesCallback: 7024.011ms
	ApplyChangesToAssetFolders: 0.706ms
	Scan: 642.480ms
	Collect global state as custom dependencies: 13.138ms
	OnSourceAssetsModified: 1.439ms
	CategorizeScriptCompilationAssets: 4.352ms
	ProcessAssetsWithTransientArtifactChanges: 4.941ms
	CategorizeAssets: 1.940ms
	CompileScripts: 9986.523ms
	ImportOutOfDateAssets: 1098.119ms (758.218ms without children)
		ImportManagerImport: 317.651ms (10.443ms without children)
			UpdateCategorizedAssets: 0.823ms
		UnloadImportedAssets: 0.190ms
		ReloadImportedAssets: 0.058ms
		EnsureUptoDateAssetsAreRegisteredWithGuidPM: 0.053ms
		ImportSchedulerStart: 22.001ms
	PostProcessAllAssets: 756.503ms
		VersionControlSettings.HiddenFilePostprocess 2.129ms
		PostProcessCallbackCreateDeferredMaterials 1.929ms
		AssemblyValidation.PostprocessAllAssets 1.594ms
		ShaderAssetModifiedCallback 1.236ms
		RaytracingShaderImportPostprocess 1.126ms
		ComputeShaderImportPostprocess 0.820ms
		SpeedTreeImporter.PostprocessAllAssets 0.499ms
		LocalizationDatabase.AssetDatabasePostprocessCallback 0.493ms
		BlockShaderImporter.PostprocessAllAssets 0.272ms
		MonoPostProcessAllAssets: 176.215ms
			StyleCatalogPostProcessor.OnPostprocessAllAssets 108.526ms
			AssetPostprocessor.OnPostprocessAllAssets 12.159ms
			AssetChangedListener.OnPostprocessAllAssets 10.654ms
			WindowAssetPostprocessingWatcher.OnPostprocessAllAssets 8.998ms
			BuilderAssetPostprocessor.OnPostprocessAllAssets 6.414ms
			EditModeScopePostprocessor.OnPostprocessAllAssets 4.066ms
			TextAssetPostProcessor.OnPostprocessAllAssets 4.005ms
			SpeedTree9Postprocessor.OnPostprocessAllAssets 2.076ms
			RetainedModeAssetPostprocessor.OnPostprocessAllAssets 1.481ms
			ArtifactBrowserPostProcessor.OnPostprocessAllAssets 0.568ms
			ThemePostprocessor.OnPostprocessAllAssets 0.434ms
			SpeedTreePostProcessor.OnPostprocessAllAssets 0.343ms
			TerrainToolbarOverlayPostProcessor.OnPostprocessAllAssets 0.338ms
			ReferencedClipsPostProcessor.OnPostprocessAllAssets 0.320ms
			AudioMixerPostprocessor.OnPostprocessAllAssets 0.314ms
			ScenarioDriftAssetsTracker.OnPostprocessAllAssets 0.267ms
			AssetEvents.OnPostprocessAllAssets 0.222ms
			SyncVS.PostprocessSyncProject 0.216ms
			ConfigAssetsTracker.OnPostprocessAllAssets 0.190ms
			AssetDatabaseCallbacks.OnPostprocessAllAssets 0.179ms
			RenderPipelineGlobalSettingsPostprocessor.OnPostprocessAllAssets 0.101ms
			AudioContainerPostProcessor.OnPostprocessAllAssets 0.070ms
	PostAssetChangesProfiler: 1.298ms
	UnloadStreamsBegin: 1.190ms
	PersistCurrentRevisions: 0.333ms
	Untracked: 1112.622ms

Application.AssetDatabase Initial Refresh End
Scanning for USB devices : 3.347ms
Initializing Unity extensions:
[MODES] ModeService[none].Initialize
[MODES] ModeService[none].LoadModes
[MODES] Loading mode Default (0) for mode-current-id-Turn-based-combat
Unloading 3 Unused Serialized files (Serialized files now loaded: 0)
Unloading 497 unused Assets / (0.5 MB). Loaded Objects now: 1245.
Memory consumption went from 247.8 MB to 247.3 MB.
Total: 4.808900 ms (FindLiveObjects: 0.171500 ms CreateObjectMapping: 0.020500 ms MarkObjects: 4.222300 ms  DeleteObjects: 0.260200 ms)

[LAYOUT] About to load C:/Users/User/AppData/Roaming/Unity/Editor-5.x/Preferences\Layouts\current\default-6000.dwlt, keepMainWindow=False
[LAYOUT] About to save layout D:\GitHub\turnbased\Turn-based-combat\UserSettings\Layouts\default-6000.dwlt
[LAYOUT] About to save layout C:/Users/User/AppData/Roaming/Unity/Editor-5.x/Preferences\Layouts\current\default-6000.dwlt
[MODES] ModeService[default].InitializeCurrentMode
[MODES] ModeService[default].RaiseModeChanged(default, default)
This project uses Input Manager, which is marked for deprecation. To manage input in your project, use the <a href="https://docs.unity3d.com/Packages/com.unity.inputsystem@latest">Input System package</a> instead.
<RI> Initializing input.
<RI> Input initialized.
[Project] Loading completed in 35.292 seconds
	Project init time: 				33.966 seconds
		Template init time: 		0.000 seconds
		Package Manager init time: 		0.366 seconds
		Asset Database init time: 		11.010 seconds
		Global illumination init time: 	0.004 seconds
		Assemblies load time: 			1.551 seconds
		Unity extensions init time: 	0.001 seconds
		Asset Database refresh time: 	20.677 seconds
	Scene opening time: 			0.950 seconds
##utp:{"type":"ProjectInfo","version":2,"phase":"Immediate","time":1788875036323,"processId":11504,"projectLoad":35.2921553,"projectInit":33.9664984,"templateInit":0.0,"packageManagerInit":0.3655943,"assetDatabaseInit":11.0095499,"globalIlluminationInit":0.0041,"assembliesLoad":1.5508029,"unityExtensionsInit":0.0007658,"assetDatabaseRefresh":20.6768303,"sceneOpening":0.9497247}
##utp:{"type":"EditorInfo","version":2,"phase":"Immediate","time":1788875036323,"processId":11504,"editorVersion":"6000.6.0f1 (f7f8ed4d1e24)","branch":"6000.6/respin/6000.6.0f1-fa21a270ab12","buildType":"Release","platform":"Windows"}
Worker ready: AssetImportWorkerHW0 0
[MODES] ModeService[default].LoadModes
[Licensing::Client] Successfully resolved entitlement details
Created GICache directory at C:/Users/User/AppData/LocalLow/Unity/Caches/GiCache. Took: 0.064s, timestamps: [36.181 - 36.246]
[Licensing::Client] Successfully updated the access token
[Licensing::Module] Successfully updated access token: "BwHd8CNQ"... (expires: 2026-09-08T15:00:59Z)
[Licensing::Client] Successfully resolved entitlement details
[Licensing::Client] Successfully resolved entitlement details
[Licensing::Client] Successfully resolved entitlement details
[Licensing::Client] Successfully resolved entitlement details
[Licensing::Client] Successfully resolved entitlement details
[Licensing::Client] Successfully resolved entitlement details
[Licensing::Client] Successfully resolved entitlement details
[Licensing::Client] Successfully resolved entitlement details
[Licensing::Client] Successfully resolved entitlement details
[Licensing::Client] Successfully resolved entitlement details
TrimDiskCacheJob: Current cache size 0mb
Asset Pipeline Refresh (id=28cbc0e5afe15484b96c7bf88fc49270): Total: 0.024 seconds - Initiated by RefreshV2(AllowForceSynchronousImport)
Start Indexing on Editor startup
[Indexing] Starting Initial Indexing for Assets
Starting new worker id: 1 with log in D:/GitHub/turnbased/Turn-based-combat/Logs/AssetImportWorkerHW1.log
[Worker0] Imported GUID: b73b3de0d473d4a1c887ab31f69b1a8d - Path: Packages/com.unity.ide.visualstudio/Editor/Testing/TestAdaptor.cs - Importer: ScriptedImporter/UnityEditor.QuickSearchModule:UnityEditor.Search:ASIAI0B -> (ImportResultId: '29c77d339475f3d8e6929843be365261') in 0.1057814 seconds
Starting new worker id: 2 with log in D:/GitHub/turnbased/Turn-based-combat/Logs/AssetImportWorkerHW2.log
[Worker0] Imported GUID: fbbb1ee655846b043baf6c3502b5ce49 - Path: Packages/com.unity.ide.visualstudio/Editor/SolutionParser.cs - Importer: ScriptedImporter/UnityEditor.QuickSearchModule:UnityEditor.Search:ASIAI0B -> (ImportResultId: '278920dc41dcd6e91ab3fd5ea75e544e') in 0.0037597 seconds
[Worker0] Imported GUID: a3f71b076c36a204a864f8c44142b3a9 - Path: Packages/com.unity.ide.visualstudio/ValidationConfig.json - Importer: ScriptedImporter/UnityEditor.QuickSearchModule:UnityEditor.Search:ASIAI0B -> (ImportResultId: '2a68adc67a7c421dc6bae61c2e0942d3') in 0.0040745 seconds
[Worker0] Imported GUID: 5c1b8a755d2c97640bbb207c43f4cf61 - Path: Packages/com.unity.ide.visualstudio/Editor/SolutionProjectEntry.cs - Importer: ScriptedImporter/UnityEditor.QuickSearchModule:UnityEditor.Search:ASIAI0B -> (ImportResultId: '5d5bda283501fdb40782c29b3e76f704') in 0.0021944 seconds
[Worker0] Imported GUID: f7b5530092b3a7646bdc7865f1f6ee94 - Path: Packages/com.unity.ide.visualstudio/Editor/Cli.cs - Importer: ScriptedImporter/UnityEditor.QuickSearchModule:UnityEditor.Search:ASIAI0B -> (ImportResultId: '1c5484ca7d288baf98c3ce17e77c0f26') in 0.0018632 seconds
[Worker0] Imported GUID: 3070b6395b0f5f04faaab13164c6256d - Path: Packages/com.unity.ide.visualstudio/Editor/ProjectGeneration/LegacyStyleProjectGeneration.cs - Importer: ScriptedImporter/UnityEditor.QuickSearchModule:UnityEditor.Search:ASIAI0B -> (ImportResultId: '18e4885ed5066cc42df43d3b156dfcce') in 0.0022573 seconds
[Worker0] Imported GUID: b9308b762484008498bb5cd1886aa491 - Path: Packages/com.unity.ide.visualstudio/Editor/Symbols.cs - Importer: ScriptedImporter/UnityEditor.QuickSearchModule:UnityEditor.Search:ASIAI0B -> (ImportResultId: 'c7b1cf5d867c3a7cd81744f065e28edf') in 0.001931 seconds
[Worker0] Imported GUID: cd78ce5b75b8be84d8b94cd99903161f - Path: Packages/com.unity.ide.visualstudio/CONTRIBUTING.md - Importer: ScriptedImporter/UnityEditor.QuickSearchModule:UnityEditor.Search:ASIAI0B -> (ImportResultId: '1fe498b074216e92168f61796f8f5340') in 0.001835 seconds
[Worker0] Imported GUID: ffe1bdf971d321f4db593c4c6ebd6e47 - Path: Packages/com.unity.ide.visualstudio/Editor/VersionPair.cs - Importer: ScriptedImporter/UnityEditor.QuickSearchModule:UnityEditor.Search:ASIAI0B -> (ImportResultId: '22a4ac3ab47f48818647c760b5a978d1') in 0.0021481 seconds
[Worker0] Imported GUID: 0173aff8c07e06b42af07ebdd7f08032 - Path: Packages/com.unity.ide.visualstudio/Editor/VisualStudioEditor.cs - Importer: ScriptedImporter/UnityEditor.QuickSearchModule:UnityEditor.Search:ASIAI0B -> (ImportResultId: 'c306d059043ef4a56b948dcf2d682f72') in 0.0018162 seconds
[Worker0] Imported GUID: 48fcd6ebd5ce8fd4cbe931895233677d - Path: Packages/com.unity.ide.visualstudio/Editor/VisualStudioIntegration.cs - Importer: ScriptedImporter/UnityEditor.QuickSearchModule:UnityEditor.Search:ASIAI0B -> (ImportResultId: 'a6cb4a50388c6c208a5d66f7aae1ce8b') in 0.0014423 seconds
[Worker0] Imported GUID: 553737203d61a8109f9544a97201e1aa - Path: Packages/com.unity.modules.unitywebrequestaudio/package.ModuleCompilationTrigger - Importer: ScriptedImporter/UnityEditor.QuickSearchModule:UnityEditor.Search:ASIAI0B -> (ImportResultId: 'f7bf969e25f24b1bec57928a2c1d0290') in 0.0027882 seconds
[Worker0] Imported GUID: fa7011e2ea1ff024083fea2179f3df08 - Path: Packages/com.unity.ide.visualstudio/Editor/ProjectGeneration/ProjectProperties.cs - Importer: ScriptedImporter/UnityEditor.QuickSearchModule:UnityEditor.Search:ASIAI0B -> (ImportResultId: '885e1dc291f5796d270185ae4e805004') in 0.0022049 seconds
[Worker0] Imported GUID: ed8e7c93c781e48df93d063a3c0d2972 - Path: Packages/com.unity.ide.visualstudio/Editor/SimpleJSON.cs - Importer: ScriptedImporter/UnityEditor.QuickSearchModule:UnityEditor.Search:ASIAI0B -> (ImportResultId: 'd521747ebc650f69e6e52c81e0e1626a') in 0.0044618 seconds
[Worker0] Imported GUID: 369c09afe05d2c346af49faef943c773 - Path: Packages/com.unity.ide.visualstudio/Editor/Messaging/Serializer.cs - Importer: ScriptedImporter/UnityEditor.QuickSearchModule:UnityEditor.Search:ASIAI0B -> (ImportResultId: '917d2cdfb18e9979fd193c6ddf918092') in 0.0023723 seconds
[Worker0] Imported GUID: af4c2c762e1d8e949a6bc458973df6e7 - Path: Packages/com.unity.ide.visualstudio/Editor/Solution.cs - Importer: ScriptedImporter/UnityEditor.QuickSearchModule:UnityEditor.Search:ASIAI0B -> (ImportResultId: '09d932074daf8097001fa4ed145be480') in 0.0022422 seconds
[Worker0] Imported GUID: a8c76505bcc613640ade706bdb0f1cba - Path: Packages/com.unity.ide.visualstudio/Editor/UnityInstallation.cs - Importer: ScriptedImporter/UnityEditor.QuickSearchModule:UnityEditor.Search:ASIAI0B -> (ImportResultId: '2f960a4c8caddab61a332a63cadcef8f') in 0.0025451 seconds
[Worker0] Imported GUID: 555fcccd6b79a864f83e7a319daa1c3e - Path: Packages/com.unity.ide.visualstudio/Editor/ProjectGeneration/ProjectGenerationFlag.cs - Importer: ScriptedImporter/UnityEditor.QuickSearchModule:UnityEditor.Search:ASIAI0B -> (ImportResultId: '01b2d493afe4789ff89cc5b9fda937f0') in 0.0025009 seconds
[Worker0] Imported GUID: 6022bdd5b2896a54f94123b812705321 - Path: Packages/com.unity.ide.visualstudio/CHANGELOG.md - Importer: ScriptedImporter/UnityEditor.QuickSearchModule:UnityEditor.Search:ASIAI0B -> (ImportResultId: '13688f29e8580638f91cdf421db22b4e') in 0.0038459 seconds
[Worker0] Imported GUID: 917a51fff055ce547b4ad1215321f3da - Path: Packages/com.unity.ide.visualstudio/Editor/Messaging/ExceptionEventArgs.cs - Importer: ScriptedImporter/UnityEditor.QuickSearchModule:UnityEditor.Search:ASIAI0B -> (ImportResultId: 'f2348a2839062a5f092ed4229778b6e5') in 0.0022708 seconds
[Worker0] Imported GUID: cbccb6292dce08a489e6e742243154e7 - Path: Packages/com.unity.ide.visualstudio/Editor/KnownAssemblies.cs - Importer: ScriptedImporter/UnityEditor.QuickSearchModule:UnityEditor.Search:ASIAI0B -> (ImportResultId: 'dcee04faf1e7616ea028c90e03c0cd4d') in 0.0037779 seconds
[Worker0] Imported GUID: 1fe9e6e1ae93cf64bbdfbd29300752e1 - Path: Packages/com.unity.ide.visualstudio/LICENSE.md - Importer: ScriptedImporter/UnityEditor.QuickSearchModule:UnityEditor.Search:ASIAI0B -> (ImportResultId: 'f382150968f8eb05274c24dfdb255065') in 0.0022508 seconds
[Worker0] Imported GUID: ec80b1fb8938b3b4ab442d10390c5315 - Path: Packages/com.unity.ide.visualstudio/Editor/ProjectGeneration/FileIOProvider.cs - Importer: ScriptedImporter/UnityEditor.QuickSearchModule:UnityEditor.Search:ASIAI0B -> (ImportResultId: '41ac2243b729fe7a1ea77fa2a6d084b2') in 0.0025291 seconds
[Worker0] Imported GUID: 788fbcfc0abc6c54b9504cfee3176c22 - Path: Packages/com.unity.ide.visualstudio/ValidationExceptions.json - Importer: ScriptedImporter/UnityEditor.QuickSearchModule:UnityEditor.Search:ASIAI0B -> (ImportResultId: '58c38942849bb4fb9684f37a51a3346b') in 0.0024097 seconds
[Worker0] Imported GUID: 829d4d6bc39fd1044ba4c5fc2a9c911f - Path: Packages/com.unity.ide.visualstudio/Editor/SolutionProperties.cs - Importer: ScriptedImporter/UnityEditor.QuickSearchModule:UnityEditor.Search:ASIAI0B -> (ImportResultId: '9bda2d42c3ac03772b4358e9e0573ae9') in 0.0024929 seconds
[Worker0] Imported GUID: e8aed47cdce10fd4cae32fefa2c34f8f - Path: Packages/com.unity.ide.visualstudio/Editor/ProjectGeneration/SdkStyleProjectGeneration.cs - Importer: ScriptedImporter/UnityEditor.QuickSearchModule:UnityEditor.Search:ASIAI0B -> (ImportResultId: 'a24aa39fd1125786ecae6791a9e7aea5') in 0.0027617 seconds
[Worker0] Imported GUID: a31a332ce3485f00f7df8d987302a29c - Path: Packages/com.unity.modules.unitywebrequesttexture/package.ModuleCompilationTrigger - Importer: ScriptedImporter/UnityEditor.QuickSearchModule:UnityEditor.Search:ASIAI0B -> (ImportResultId: 'fe497bb29ea2dffba3b43d042bcd9afb') in 0.0018975 seconds
[Worker0] Imported GUID: d791d407901442e49862d3aa783ce8af - Path: Packages/com.unity.ide.visualstudio/Editor/AssemblyInfo.cs - Importer: ScriptedImporter/UnityEditor.QuickSearchModule:UnityEditor.Search:ASIAI0B -> (ImportResultId: '847267da0cf3533c751363fc4f3c3a33') in 0.0023118 seconds
[Worker0] Imported GUID: 5e249ae353801f043a6e4173410c6152 - Path: Packages/com.unity.ide.visualstudio/Editor/Messaging/Messenger.cs - Importer: ScriptedImporter/UnityEditor.QuickSearchModule:UnityEditor.Search:ASIAI0B -> (ImportResultId: '196355c8a2b17271cc38dd438b54fc0d') in 0.0024063 seconds
[Worker0] Imported GUID: be7ef402265a7a549b2e43c11d1a22c5 - Path: Packages/com.unity.ide.visualstudio/Editor/VisualStudioForWindowsInstallation.cs - Importer: ScriptedImporter/UnityEditor.QuickSearchModule:UnityEditor.Search:ASIAI0B -> (ImportResultId: '22a47bd3e36cffb18bdc96bdd167a408') in 0.0023917 seconds
[Worker0] Imported GUID: 4b518b37798c97b0f860962cbf615533 - Path: Packages/com.unity.modules.unitywebrequestaudio/package.json - Importer: ScriptedImporter/UnityEditor.QuickSearchModule:UnityEditor.Search:ASIAI0B -> (ImportResultId: '3c021ad6ff168b8869521895158207bb') in 0.0019195 seconds
[Worker0] Imported GUID: 656f74f6edaa396458412b9e3903d8cd - Path: Packages/com.unity.ide.visualstudio/package.json - Importer: ScriptedImporter/UnityEditor.QuickSearchModule:UnityEditor.Search:ASIAI0B -> (ImportResultId: '43f20710807c7fe41a30040b7d78732e') in 0.0033223 seconds
[Worker0] Imported GUID: 8e6c7ea7c059fb547b6723aaf225900b - Path: Packages/com.unity.ide.visualstudio/Editor/Image.cs - Importer: ScriptedImporter/UnityEditor.QuickSearchModule:UnityEditor.Search:ASIAI0B -> (ImportResultId: '78eaada39cde528183c4452f4f11f292') in 0.0027028 seconds
[Worker0] Imported GUID: de1c9ea7b82c9904d9e5fba2ee70a998 - Path: Packages/com.unity.ide.visualstudio/Editor/Messaging/Message.cs - Importer: ScriptedImporter/UnityEditor.QuickSearchModule:UnityEditor.Search:ASIAI0B -> (ImportResultId: '64f2e43f1bdcc65343cf2f6c00283b35') in 0.0021499 seconds
[Worker0] Imported GUID: a1c42005fe7c5d78585a77ce396a5eea - Path: Packages/com.unity.modules.tilemap/package.ModuleCompilationTrigger - Importer: ScriptedImporter/UnityEditor.QuickSearchModule:UnityEditor.Search:ASIAI0B -> (ImportResultId: '34e8182791251c5cd340c936dbfc3862') in 0.0020319 seconds
[Worker0] Imported GUID: fae6007c1ac2cc744b2891fd4d279c96 - Path: Packages/com.unity.ide.visualstudio/Editor/Testing/TestRunnerCallbacks.cs - Importer: ScriptedImporter/UnityEditor.QuickSearchModule:UnityEditor.Search:ASIAI0B -> (ImportResultId: 'c63285cf38a2ad34b4503c978db52e5b') in 0.0017074 seconds
[Worker0] Imported GUID: ded625cf0d03fa94c9f939fd13ced18d - Path: Packages/com.unity.ide.visualstudio/Editor/Messaging/TcpListener.cs - Importer: ScriptedImporter/UnityEditor.QuickSearchModule:UnityEditor.Search:ASIAI0B -> (ImportResultId: 'ca56dc87068480a1c0a6a5a6242b1fdc') in 0.0015066 seconds
[Worker0] Imported GUID: cbb1a39d56ce4d9ac1a46ac505893fa7 - Path: Packages/com.unity.modules.terrainphysics/package.ModuleCompilationTrigger - Importer: ScriptedImporter/UnityEditor.QuickSearchModule:UnityEditor.Search:ASIAI0B -> (ImportResultId: '5ef4d10d171b79e5134c8212d8a47543') in 0.0019786 seconds
[Worker0] Imported GUID: bb86eea06f54fb24caa7046a8a764945 - Path: Packages/com.unity.ide.visualstudio/Editor/VisualStudioInstallation.cs - Importer: ScriptedImporter/UnityEditor.QuickSearchModule:UnityEditor.Search:ASIAI0B -> (ImportResultId: '1cb20c2e423f2b1d576465ed2a2d8874') in 0.0034899 seconds
[Worker0] Imported GUID: c6c8b2f6152bd1348ae35f9f95719f75 - Path: Packages/com.unity.ide.visualstudio/Editor/AsyncOperation.cs - Importer: ScriptedImporter/UnityEditor.QuickSearchModule:UnityEditor.Search:ASIAI0B -> (ImportResultId: 'a50324a56e4f20ad2f7a471dafbfe69c') in 0.0017331 seconds
[Worker0] Imported GUID: 40bf3cec17fa0b49fe04443c8332d638 - Path: Packages/com.unity.modules.jsonserialize/package.json - Importer: ScriptedImporter/UnityEditor.QuickSearchModule:UnityEditor.Search:ASIAI0B -> (ImportResultId: '0047bf2b06c9dffcfea0a72f794b3a2d') in 0.0019065 seconds
[Worker0] Imported GUID: 0b59b40c84c6a5348a188c16b17c7b40 - Path: Packages/com.unity.ide.visualstudio/Editor/Testing/TestRunnerApiListener.cs - Importer: ScriptedImporter/UnityEditor.QuickSearchModule:UnityEditor.Search:ASIAI0B -> (ImportResultId: '5beb4c07c0437458a50ed79010fe3854') in 0.0016633 seconds
[Worker0] Imported GUID: f3edbdc86577af648a23263aa75161e1 - Path: Packages/com.unity.ide.visualstudio/Editor/Messaging/MessageType.cs - Importer: ScriptedImporter/UnityEditor.QuickSearchModule:UnityEditor.Search:ASIAI0B -> (ImportResultId: 'b9134a4a0294a1ed91f49ac5b6fa9100') in 0.0016637 seconds
[Worker0] Imported GUID: 5a7aba2d3d458e04eb4210c0303fbf64 - Path: Packages/com.unity.ide.visualstudio/Editor/UsageUtility.cs - Importer: ScriptedImporter/UnityEditor.QuickSearchModule:UnityEditor.Search:ASIAI0B -> (ImportResultId: 'c01ebcc7f26d599b3bb27febf35cdbaf') in 0.0022456 seconds
[Worker0] Imported GUID: d3cbe921f7b3d9a3257e7c61a5761796 - Path: Packages/com.unity.modules.terrainphysics/package.json - Importer: ScriptedImporter/UnityEditor.QuickSearchModule:UnityEditor.Search:ASIAI0B -> (ImportResultId: '03d1e818463bcd0e9c326919da34419d') in 0.0025957 seconds
[Worker0] Imported GUID: 9f3705b95d031e84c82f140d8e980867 - Path: Packages/com.unity.ide.visualstudio/Editor/ProjectGeneration/ProjectGeneration.cs - Importer: ScriptedImporter/UnityEditor.QuickSearchModule:UnityEditor.Search:ASIAI0B -> (ImportResultId: '4a0b558660a9e100bd9c26af357f99c2') in 0.0018633 seconds
[Worker0] Imported GUID: abe003ac6fee32e4892100a78f555011 - Path: Packages/com.unity.ide.visualstudio/Editor/Discovery.cs - Importer: ScriptedImporter/UnityEditor.QuickSearchModule:UnityEditor.Search:ASIAI0B -> (ImportResultId: '1e369ee1b2acb98f5df9bfbb1b8752de') in 0.0019228 seconds
[Worker0] Imported GUID: 6f1dc05fb6e7d3e4f89ae9ca482735be - Path: Packages/com.unity.ide.visualstudio/Editor/FileUtility.cs - Importer: ScriptedImporter/UnityEditor.QuickSearchModule:UnityEditor.Search:ASIAI0B -> (ImportResultId: '254ac340fc1550ef39591d2d506a22d7') in 0.0017153 seconds
[Worker0] Imported GUID: c94f13e05ef0a7a49bdd39f197f39e5e - Path: Packages/com.unity.ide.visualstudio/Editor/ProjectGeneration/GeneratorFactory.cs - Importer: ScriptedImporter/UnityEditor.QuickSearchModule:UnityEditor.Search:ASIAI0B -> (ImportResultId: 'd72bb2ac20b85c7d1bedddd24f4e875c') in 0.0015901 seconds
[Worker0] Imported GUID: 7809f42f64c877f4b90ac233e5ec2372 - Path: Packages/com.unity.ide.visualstudio/ThirdPartyNotices.md - Importer: ScriptedImporter/UnityEditor.QuickSearchModule:UnityEditor.Search:ASIAI0B -> (ImportResultId: '3fece453d219a4cb00192b2427e227b7') in 0.002224 seconds
[Worker0] Imported GUID: f6674c38820d12a49ac116d416521d85 - Path: Packages/com.unity.ide.visualstudio/Editor/Messaging/TcpClient.cs - Importer: ScriptedImporter/UnityEditor.QuickSearchModule:UnityEditor.Search:ASIAI0B -> (ImportResultId: '4c0eddb1017d0c1cfc55ec1fb4c35abf') in 0.001769 seconds
[Worker0] Imported GUID: d0e3ad91972c66f5238f5b9b7d5ae58a - Path: Packages/com.unity.modules.unitywebrequesttexture/package.json - Importer: ScriptedImporter/UnityEditor.QuickSearchModule:UnityEditor.Search:ASIAI0B -> (ImportResultId: 'cbe64211de167107d13b7c155c42b31e') in 0.0020051 seconds
[Worker0] Imported GUID: 1be5c96ff30e6ec40876f28fd9ab7e24 - Path: Packages/com.unity.ide.visualstudio/Editor/VisualStudioCodeInstallation.cs - Importer: ScriptedImporter/UnityEditor.QuickSearchModule:UnityEditor.Search:ASIAI0B -> (ImportResultId: 'e2b475127a37d9782e6fe8036cf34224') in 0.0016343 seconds
[Worker0] Imported GUID: 3eda7a83649158546826efb3ffe6c1e3 - Path: Packages/com.unity.ide.visualstudio/Editor/Messaging/Deserializer.cs - Importer: ScriptedImporter/UnityEditor.QuickSearchModule:UnityEditor.Search:ASIAI0B -> (ImportResultId: '51277882c0248055d233f53769e4ce50') in 0.0017147 seconds
[Worker0] Imported GUID: e6a135e3ea9cb46795d1b0e05ac3e1e5 - Path: Packages/com.unity.modules.jsonserialize/package.ModuleCompilationTrigger - Importer: ScriptedImporter/UnityEditor.QuickSearchModule:UnityEditor.Search:ASIAI0B -> (ImportResultId: 'a0ab281ade15378644dd380840e12ae3') in 0.0021113 seconds
[Worker0] Imported GUID: f47f2d030bc1d415a8d15a51dbcc39a2 - Path: Packages/com.unity.ide.visualstudio/Editor/Testing/TestResultAdaptor.cs - Importer: ScriptedImporter/UnityEditor.QuickSearchModule:UnityEditor.Search:ASIAI0B -> (ImportResultId: '27327367b9efe745e2b843389dfb627a') in 0.0026261 seconds
[Worker0] Imported GUID: 957a5f2d2660a894d926660de2a9d577 - Path: Packages/com.unity.ide.visualstudio/Editor/ProcessRunner.cs - Importer: ScriptedImporter/UnityEditor.QuickSearchModule:UnityEditor.Search:ASIAI0B -> (ImportResultId: 'e46d36d196e130192fb9ed02e084429a') in 0.0027882 seconds
[Worker0] Imported GUID: b93f844d45cfcc44fa2b0eed5c9ec6bb - Path: Packages/com.unity.ide.visualstudio/Editor/com.unity.ide.visualstudio.asmdef - Importer: ScriptedImporter/UnityEditor.QuickSearchModule:UnityEditor.Search:ASIAI0B -> (ImportResultId: 'b9cdf6acd6e1d06c5b8b57a69934d23c') in 0.0043022 seconds
[Worker0] Imported GUID: eeb21ffd7b0188542b348935f4b04fe8 - Path: Packages/com.unity.ide.visualstudio/Editor/ProjectGeneration/TypeCacheHelper.cs - Importer: ScriptedImporter/UnityEditor.QuickSearchModule:UnityEditor.Search:ASIAI0B -> (ImportResultId: 'da55f5421d9307ce61f7852415185146') in 0.0022964 seconds
[Worker0] Imported GUID: 275143c81d816ef4286fdc67aabc20c8 - Path: Packages/com.unity.ide.visualstudio/Editor/Messaging/MessageEventArgs.cs - Importer: ScriptedImporter/UnityEditor.QuickSearchModule:UnityEditor.Search:ASIAI0B -> (ImportResultId: '496459a371506510c39a6748c8787a5a') in 0.0025272 seconds
[Worker0] Imported GUID: 7652904b1008e324fb7cfb952ea87656 - Path: Packages/com.unity.ide.visualstudio/Editor/ProjectGeneration/GUIDProvider.cs - Importer: ScriptedImporter/UnityEditor.QuickSearchModule:UnityEditor.Search:ASIAI0B -> (ImportResultId: '5ad9b59c1ad655c01b23b844845139be') in 0.0023755 seconds
[Worker0] Imported GUID: 38cb3a4a17d2cfd41926da95ce675934 - Path: Packages/com.unity.ide.visualstudio/Editor/Messaging/UdpSocket.cs - Importer: ScriptedImporter/UnityEditor.QuickSearchModule:UnityEditor.Search:ASIAI0B -> (ImportResultId: 'a086d73f716fabd10e4bffe78a751c95') in 0.0016485 seconds
[Worker0] Imported GUID: 57537f08f8e923f488e4aadabb831c9b - Path: Packages/com.unity.ide.visualstudio/Editor/ProjectGeneration/AssemblyNameProvider.cs - Importer: ScriptedImporter/UnityEditor.QuickSearchModule:UnityEditor.Search:ASIAI0B -> (ImportResultId: '33e9d691cb7015864a503f0f278047af') in 0.0039984 seconds
[Worker0] Imported GUID: 92a378669877c05c6071d0fed687bb95 - Path: Packages/com.unity.modules.tilemap/package.json - Importer: ScriptedImporter/UnityEditor.QuickSearchModule:UnityEditor.Search:ASIAI0B -> (ImportResultId: '27e832298874225fb0cb30715965e1b6') in 0.0024288 seconds
[Worker0] Imported GUID: 2b301b727225f1941974d69e61a55620 - Path: Packages/com.unity.test-framework/UnityEditor.TestRunner/TestRunnerWindowSettings.cs - Importer: ScriptedImporter/UnityEditor.QuickSearchModule:UnityEditor.Search:ASIAI0B -> (ImportResultId: 'dd9c846620b127cb3dde957b35548ec4') in 0.001549 seconds
[Worker0] Imported GUID: 3ec7596410385054a9e0bc90377fbe63 - Path: Packages/com.unity.test-framework/LICENSE.md - Importer: ScriptedImporter/UnityEditor.QuickSearchModule:UnityEditor.Search:ASIAI0B -> (ImportResultId: '47358e72c17985c6db4995bcac244c4a') in 0.0016492 seconds
[Worker0] Imported GUID: be13c398521e3c1ad21fb9da30ab2ab6 - Path: Packages/com.unity.modules.imgui/package.ModuleCompilationTrigger - Importer: ScriptedImporter/UnityEditor.QuickSearchModule:UnityEditor.Search:ASIAI0B -> (ImportResultId: 'cf2c9b7703fb099510a69456868a9588') in 0.0017256 seconds
[Worker0] Imported GUID: 585c3fb85b32bd64e8814074e754163e - Path: Packages/com.unity.ide.visualstudio/Editor/VSWhere/vswhere.exe - Importer: ScriptedImporter/UnityEditor.QuickSearchModule:UnityEditor.Search:ASIAI0B -> (ImportResultId: '8ab818b2d104f858e60ec163438dab6a') in 0.0015659 seconds
[Worker0] Imported GUID: 9db19a04003fca7439552acd4de9baa1 - Path: Packages/com.unity.test-framework/UnityEditor.TestRunner/AssemblyInfo.cs - Importer: ScriptedImporter/UnityEditor.QuickSearchModule:UnityEditor.Search:ASIAI0B -> (ImportResultId: 'a4c4e49d5fe111f5b3d533a35d84874a') in 0.0015745 seconds
[Worker0] Imported GUID: 222fc39b0c85d800342910da2cd64781 - Path: Packages/com.unity.modules.assetbundle/package.ModuleCompilationTrigger - Importer: ScriptedImporter/UnityEditor.QuickSearchModule:UnityEditor.Search:ASIAI0B -> (ImportResultId: '18df6b9bf6eddd1542f49f7979e85bbd') in 0.0016218 seconds
[Worker0] Imported GUID: e1ef8466c8fd01a549f10baa4d51fa17 - Path: Packages/com.unity.modules.assetbundle/package.json - Importer: ScriptedImporter/UnityEditor.QuickSearchModule:UnityEditor.Search:ASIAI0B -> (ImportResultId: 'c5301061367ce8aad8b25d36ceab8d46') in 0.0017773 seconds
[Worker0] Imported GUID: 3411e19edd44cfd46b548b058c3bc36c - Path: Packages/com.unity.test-framework/UnityEditor.TestRunner/TestBuildAssemblyFilter.cs - Importer: ScriptedImporter/UnityEditor.QuickSearchModule:UnityEditor.Search:ASIAI0B -> (ImportResultId: 'ff63faed4a3b517e6ddb7d2273731ca6') in 0.0019352 seconds
[Worker0] Imported GUID: 939b89fc6b924ea2e821fc1be1b09f56 - Path: Packages/com.unity.modules.tetgen/package.json - Importer: ScriptedImporter/UnityEditor.QuickSearchModule:UnityEditor.Search:ASIAI0B -> (ImportResultId: '577a8d327a442eb55dfc77999b599e44') in 0.0021874 seconds
[Worker0] Imported GUID: 5c1ee4056d0ac7ad3c5a16597fcaa38a - Path: Packages/com.unity.modules.physics/package.ModuleCompilationTrigger - Importer: ScriptedImporter/UnityEditor.QuickSearchModule:UnityEditor.Search:ASIAI0B -> (ImportResultId: 'fac53610882b3dcc9e552147fe50b21a') in 0.0019128 seconds
[Worker0] Imported GUID: a667f6654ad7a9548b8c8e68b51c8895 - Path: Packages/com.unity.test-framework/UnityEditor.TestRunner/RequireApiProfileAttribute.cs - Importer: ScriptedImporter/UnityEditor.QuickSearchModule:UnityEditor.Search:ASIAI0B -> (ImportResultId: '77f4d7ea9542b31a2e98c505c8f4a8fc') in 0.0025754 seconds
[Worker0] Imported GUID: 0719f1a8b2a284e1182b352e6c8c3c60 - Path: Packages/com.unity.ide.visualstudio/Editor/Testing/TestStatusAdaptor.cs - Importer: ScriptedImporter/UnityEditor.QuickSearchModule:UnityEditor.Search:ASIAI0B -> (ImportResultId: '3f4f1dffe72e7725f701dcb50d9bcc85') in 0.0016576 seconds
[Worker0] Imported GUID: db8e609a39b9b231fccc54e5fa4cbd1b - Path: Packages/com.unity.modules.animation/package.ModuleCompilationTrigger - Importer: ScriptedImporter/UnityEditor.QuickSearchModule:UnityEditor.Search:ASIAI0B -> (ImportResultId: '40097d9f9f035d7f6b7245d5f4868c0a') in 0.002138 seconds
[Worker0] Imported GUID: 27619889b8ba8c24980f49ee34dbb44a - Path: Packages/com.unity.test-framework/UnityEngine.TestRunner/UnityEngine.TestRunner.asmdef - Importer: ScriptedImporter/UnityEditor.QuickSearchModule:UnityEditor.Search:ASIAI0B -> (ImportResultId: '366bd1dccbe13b01564d69d473e30e4b') in 0.001695 seconds
[Worker0] Imported GUID: 80beef77cb19e713c7c2d481b65ed485 - Path: Packages/com.unity.modules.screencapture/package.json - Importer: ScriptedImporter/UnityEditor.QuickSearchModule:UnityEditor.Search:ASIAI0B -> (ImportResultId: 'f0bb6b7c9bbe842330ae16aac8eebd4e') in 0.0017708 seconds
[Worker0] Imported GUID: 85dd7af03f02aea4aae13a3945e3b313 - Path: Packages/com.unity.test-framework/UnityEditor.TestRunner/Api/ITestAdaptor.cs - Importer: ScriptedImporter/UnityEditor.QuickSearchModule:UnityEditor.Search:ASIAI0B -> (ImportResultId: '23b81ed1d3b0fb1f2cf7c4d57cd66a03') in 0.0022919 seconds
[Worker0] Imported GUID: 1a4266815e998967becf686f9c71f0a6 - Path: Packages/com.unity.modules.physics/package.json - Importer: ScriptedImporter/UnityEditor.QuickSearchModule:UnityEditor.Search:ASIAI0B -> (ImportResultId: '554ed4a88f3f917359a48e622e17c2d1') in 0.0014615 seconds
[Worker0] Imported GUID: ec02776fe29df900b897106d61977735 - Path: Packages/com.unity.modules.director/package.json - Importer: ScriptedImporter/UnityEditor.QuickSearchModule:UnityEditor.Search:ASIAI0B -> (ImportResultId: '0e8f7585f88ed5f6cc3324a113dcdf77') in 0.0013692 seconds
[Worker0] Imported GUID: 71e7167b55a3448b38774a3bb6e05bac - Path: Packages/com.unity.modules.timelinefoundation/package.ModuleCompilationTrigger - Importer: ScriptedImporter/UnityEditor.QuickSearchModule:UnityEditor.Search:ASIAI0B -> (ImportResultId: 'a73fa2245670258b5e4ab649f0b6c73e') in 0.0014513 seconds
[Worker0] Imported GUID: c82e859b16636ddd2ca4a1f63fd34938 - Path: Packages/com.unity.modules.androidjni/package.ModuleCompilationTrigger - Importer: ScriptedImporter/UnityEditor.QuickSearchModule:UnityEditor.Search:ASIAI0B -> (ImportResultId: '7a02d557ab4fae463722bacb412ae3db') in 0.0017535 seconds
[Worker0] Imported GUID: 559482fe33c79e44882d3a6cedc55fb5 - Path: Packages/com.unity.test-framework/UnityEditor.TestRunner/TestResultSerializer.cs - Importer: ScriptedImporter/UnityEditor.QuickSearchModule:UnityEditor.Search:ASIAI0B -> (ImportResultId: '1208bcbd1fe55878a44877b17fadbed9') in 0.0016312 seconds
[Worker0] Imported GUID: 4c413a81cadcce7038e446e56570117e - Path: Packages/com.unity.modules.adaptiveperformance/package.json - Importer: ScriptedImporter/UnityEditor.QuickSearchModule:UnityEditor.Search:ASIAI0B -> (ImportResultId: '7c4b730db5e96b20aa01fa1c32c84ab9') in 0.0016896 seconds
[Worker0] Imported GUID: eea34a28297f9bc4c9f4c573bc8d5d1c - Path: Packages/com.unity.test-framework/UnityEditor.TestRunner/Api/ExecutionSettings.cs - Importer: ScriptedImporter/UnityEditor.QuickSearchModule:UnityEditor.Search:ASIAI0B -> (ImportResultId: 'b5d5af4c70f83b7c9cb0bcbbfb3d6f59') in 0.0016146 seconds
[Worker0] Imported GUID: bd1af0a6633ee94ae21c7d1d702cdc12 - Path: Packages/com.unity.modules.androidjni/package.json - Importer: ScriptedImporter/UnityEditor.QuickSearchModule:UnityEditor.Search:ASIAI0B -> (ImportResultId: 'dd445982283ec014bad0e546bfacd259') in 0.0015887 seconds
[Worker0] Imported GUID: 2479a4656ed89570ebd1de1fdda3dae5 - Path: Packages/com.unity.modules.timelinefoundation/package.json - Importer: ScriptedImporter/UnityEditor.QuickSearchModule:UnityEditor.Search:ASIAI0B -> (ImportResultId: '878dd28fe644cd61013e64275e95fdbd') in 0.0016911 seconds
[Worker0] Imported GUID: 93eea84e53d0226479c9a584f19427b5 - Path: Packages/com.unity.test-framework/UnityEditor.TestRunner/Api/ICallbacks.cs - Importer: ScriptedImporter/UnityEditor.QuickSearchModule:UnityEditor.Search:ASIAI0B -> (ImportResultId: '922e9c36a3e41c96cb3725ba33dd24ec') in 0.0017237 seconds
[Worker0] Imported GUID: 4dfcd3a631f61d248b7cc0b845d40345 - Path: Packages/com.unity.test-framework/UnityEditor.TestRunner/TestRunnerWindow.cs - Importer: ScriptedImporter/UnityEditor.QuickSearchModule:UnityEditor.Search:ASIAI0B -> (ImportResultId: 'c13e5b8af8a6ad6783615634f1d929df') in 0.0012845 seconds
[Worker0] Imported GUID: 1a06c562b0c5eb046bcb876a29f93c98 - Path: Packages/com.unity.test-framework/UnityEditor.TestRunner/Api/IErrorCallbacks.cs - Importer: ScriptedImporter/UnityEditor.QuickSearchModule:UnityEditor.Search:ASIAI0B -> (ImportResultId: '6b8916ba6d0834708393d47605fbd704') in 0.0032066 seconds
[Worker0] Imported GUID: 7ef8348b8ea834d7e1bc214b07f7fb87 - Path: Packages/com.unity.modules.animation/package.json - Importer: ScriptedImporter/UnityEditor.QuickSearchModule:UnityEditor.Search:ASIAI0B -> (ImportResultId: 'b5272597026f33013e7e8b35387f13c7') in 0.0014884 seconds
[Worker0] Imported GUID: 082fbee38a82835433261a5e9c00e267 - Path: Packages/com.unity.modules.cloth/package.ModuleCompilationTrigger - Importer: ScriptedImporter/UnityEditor.QuickSearchModule:UnityEditor.Search:ASIAI0B -> (ImportResultId: '44029b1434ced77931daef539b58003a') in 0.0014493 seconds
[Worker0] Imported GUID: b5930dbc378b45d406aeb881f06b6dfa - Path: Packages/com.unity.modules.physicscore2d/package.json - Importer: ScriptedImporter/UnityEditor.QuickSearchModule:UnityEditor.Search:ASIAI0B -> (ImportResultId: '74a03d984380b572a599a8d8b721744d') in 0.001309 seconds
[Worker0] Imported GUID: 51fa60bb2bd1e5bc74e8cc95a7bfd5b7 - Path: Packages/com.unity.modules.ui/package.ModuleCompilationTrigger - Importer: ScriptedImporter/UnityEditor.QuickSearchModule:UnityEditor.Search:ASIAI0B -> (ImportResultId: '3251eb41485582055e5afc7bb68cc339') in 0.0020182 seconds
[Worker0] Imported GUID: d742f2caefd9f934d9f19dad07a08e6f - Path: Packages/com.unity.test-framework/UnityEditor.TestRunner/Api/ICallbacksHolder.cs - Importer: ScriptedImporter/UnityEditor.QuickSearchModule:UnityEditor.Search:ASIAI0B -> (ImportResultId: '910341a13e1dbd0d4f27a4dbdae382b9') in 0.0016638 seconds
[Worker0] Imported GUID: cd561f5f687aed43bf280c27a84f79e3 - Path: Packages/com.unity.modules.screencapture/package.ModuleCompilationTrigger - Importer: ScriptedImporter/UnityEditor.QuickSearchModule:UnityEditor.Search:ASIAI0B -> (ImportResultId: 'ac47f58986efa696199885615e42904f') in 0.001532 seconds
[Worker0] Imported GUID: b83f06ac0c0696e9563230865ca72b81 - Path: Packages/com.unity.modules.wind/package.json - Importer: ScriptedImporter/UnityEditor.QuickSearchModule:UnityEditor.Search:ASIAI0B -> (ImportResultId: 'ea2b184129665da873691bd5b9c80dcb') in 0.0016599 seconds
[Worker0] Imported GUID: 4bf139fc5e9d9240edc107e25d67d398 - Path: Packages/com.unity.modules.tetgen/package.ModuleCompilationTrigger - Importer: ScriptedImporter/UnityEditor.QuickSearchModule:UnityEditor.Search:ASIAI0B -> (ImportResultId: '0637a2a75e5f30e47d75f646cbab22f6') in 0.0015278 seconds
[Worker0] Imported GUID: 803abab0f7e17044db56f8760186dbd1 - Path: Packages/com.unity.test-framework/UnityEditor.TestRunner/Api/ITestAdaptorFactory.cs - Importer: ScriptedImporter/UnityEditor.QuickSearchModule:UnityEditor.Search:ASIAI0B -> (ImportResultId: '3cd8de3eb605d7117effbdcaa4850dc7') in 0.0018564 seconds
[Worker0] Imported GUID: 14e86f88e9a8c9c448d7e7df92f2aeec - Path: Packages/com.unity.modules.physicscore2d/package.ModuleCompilationTrigger - Importer: ScriptedImporter/UnityEditor.QuickSearchModule:UnityEditor.Search:ASIAI0B -> (ImportResultId: '76f47ee30a615c935daf3ebd073c9b1a') in 0.0017553 seconds
[Worker0] Imported GUID: 0acc523941302664db1f4e527237feb3 - Path: Packages/com.unity.test-framework/UnityEditor.TestRunner/UnityEditor.TestRunner.asmdef - Importer: ScriptedImporter/UnityEditor.QuickSearchModule:UnityEditor.Search:ASIAI0B -> (ImportResultId: '5a63e6ad3a7f5fbd90d3c7420550d2df') in 0.0017564 seconds
[Worker0] Imported GUID: c88e90bad18cceb5d182d0c805883056 - Path: Packages/com.unity.modules.director/package.ModuleCompilationTrigger - Importer: ScriptedImporter/UnityEditor.QuickSearchModule:UnityEditor.Search:ASIAI0B -> (ImportResultId: '52c82cf3b3db7419bfb6e7d5f733d528') in 0.0017071 seconds
[Worker0] Imported GUID: cb67edc1800c2ec4ba8dfb1cf0dfc84a - Path: Packages/com.unity.ide.visualstudio/Editor/COMIntegration/Release/COMIntegration.exe - Importer: ScriptedImporter/UnityEditor.QuickSearchModule:UnityEditor.Search:ASIAI0B -> (ImportResultId: '5d166254333ac2f08848c12381b4ea33') in 0.0015216 seconds
[Worker0] Imported GUID: 42fe78c8fe682715a2cb531422e6ccb3 - Path: Packages/com.unity.modules.imgui/package.json - Importer: ScriptedImporter/UnityEditor.QuickSearchModule:UnityEditor.Search:ASIAI0B -> (ImportResultId: '1b4fb1ee6e15665ed7fd20193b01d7bb') in 0.0014988 seconds
[Worker0] Imported GUID: 0de03ebd74e2b474fa23d05ab42d0cd8 - Path: Packages/com.unity.test-framework/UnityEditor.TestRunner/Api/CallbacksDelegator.cs - Importer: ScriptedImporter/UnityEditor.QuickSearchModule:UnityEditor.Search:ASIAI0B -> (ImportResultId: '1d367b0fdadebcc0aff480798d42abd0') in 0.0017502 seconds
[Worker0] Imported GUID: 8f8f74fe8e363da42875d9cab025d3b2 - Path: Packages/com.unity.test-framework/UnityEditor.TestRunner/Api/ICallbacksDelegator.cs - Importer: ScriptedImporter/UnityEditor.QuickSearchModule:UnityEditor.Search:ASIAI0B -> (ImportResultId: '181f28612a424ebff5ccaa480a751e9f') in 0.0012793 seconds
[Worker0] Imported GUID: 906c12bc9cd95d3963c6d58f62522c78 - Path: Packages/com.unity.modules.cloth/package.json - Importer: ScriptedImporter/UnityEditor.QuickSearchModule:UnityEditor.Search:ASIAI0B -> (ImportResultId: '46f27a7659881cf7f67baf5c697c2507') in 0.0014238 seconds
[Worker0] Imported GUID: cc22cc13b69c1094c85e176c008b9ef8 - Path: Packages/com.unity.test-framework/UnityEngine.TestRunner/AssemblyInfo.cs - Importer: ScriptedImporter/UnityEditor.QuickSearchModule:UnityEditor.Search:ASIAI0B -> (ImportResultId: 'fbc6d8cf6fce459baefdbcbe4ddaf943') in 0.0017908 seconds
[Worker0] Imported GUID: 71136fc5cf34f2cc10be0e33c0b08019 - Path: Packages/com.unity.modules.unityanalytics/package.ModuleCompilationTrigger - Importer: ScriptedImporter/UnityEditor.QuickSearchModule:UnityEditor.Search:ASIAI0B -> (ImportResultId: 'cd23c55fe935f5a4862b2d54c806634f') in 0.0016814 seconds
[Worker0] Imported GUID: a785dd14005a471483d6732fabeee0ea - Path: Packages/com.unity.test-framework/UnityEditor.TestRunner/Api/IgnoreTest.cs - Importer: ScriptedImporter/UnityEditor.QuickSearchModule:UnityEditor.Search:ASIAI0B -> (ImportResultId: '799b9303cb8240fe85ccce11284277a5') in 0.0016852 seconds
[Worker0] Imported GUID: 1af35a910338381f753e8a985eb5daab - Path: Packages/com.unity.modules.adaptiveperformance/package.ModuleCompilationTrigger - Importer: ScriptedImporter/UnityEditor.QuickSearchModule:UnityEditor.Search:ASIAI0B -> (ImportResultId: '7b7065f548d789c43816ee7bd4910513') in 0.0018322 seconds
[Worker0] Imported GUID: 4884ccc3528cb2e40a0e6f0a19a2b35b - Path: Packages/com.unity.test-framework/UnityEditor.TestRunner/Api/CallbacksHolder.cs - Importer: ScriptedImporter/UnityEditor.QuickSearchModule:UnityEditor.Search:ASIAI0B -> (ImportResultId: '03f8975ffeb2209f994c5cbf725461b1') in 0.0017267 seconds
[Worker0] Imported GUID: 05f92e4a2414cb144a92157752dfa324 - Path: Packages/com.unity.test-framework/UnityEditor.TestRunner/Api/Filter.cs - Importer: ScriptedImporter/UnityEditor.QuickSearchModule:UnityEditor.Search:ASIAI0B -> (ImportResultId: 'f04aa4a83fdf814dc98dfb2aad98e3bd') in 0.0019039 seconds
[Worker0] Imported GUID: 2adec19fac7df68adf1fd6eb83197bb1 - Path: Packages/com.unity.modules.wind/package.ModuleCompilationTrigger - Importer: ScriptedImporter/UnityEditor.QuickSearchModule:UnityEditor.Search:ASIAI0B -> (ImportResultId: '4f068462f9fec388ecb08d8eaa25d130') in 0.0015327 seconds
[Worker0] Imported GUID: bfd567a3d1631a761bca9e99fa53d86d - Path: Packages/com.unity.modules.ui/package.json - Importer: ScriptedImporter/UnityEditor.QuickSearchModule:UnityEditor.Search:ASIAI0B -> (ImportResultId: '4099e2565edcfbe7d25d3757c61815c6') in 0.0013439 seconds
[Worker0] Imported GUID: 26a4f29db434fd79025c91f6126382cc - Path: Packages/com.unity.modules.unityanalytics/package.json - Importer: ScriptedImporter/UnityEditor.QuickSearchModule:UnityEditor.Search:ASIAI0B -> (ImportResultId: 'b574cd97a67f22abf60e7d59175082f3') in 0.0015929 seconds
[Worker0] Imported GUID: d2146428d3f1ad54eb7326c9a44b3284 - Path: Packages/com.unity.test-framework/UnityEditor.TestRunner/RequirePlatformSupportAttribute.cs - Importer: ScriptedImporter/UnityEditor.QuickSearchModule:UnityEditor.Search:ASIAI0B -> (ImportResultId: 'd737d4772e4c8ed278e0ce2d4f69ed57') in 0.0021129 seconds
[Worker0] Imported GUID: d6a2e6e4803de7b43baacdc355fc144d - Path: Packages/com.unity.test-framework/package.json - Importer: ScriptedImporter/UnityEditor.QuickSearchModule:UnityEditor.Search:ASIAI0B -> (ImportResultId: 'd59c6284158b7eae5d68e9a09f1916aa') in 0.0026208 seconds
[Worker0] Imported GUID: d691174143fd3774ba63d7c493633b99 - Path: Packages/com.unity.test-framework/CHANGELOG.md - Importer: ScriptedImporter/UnityEditor.QuickSearchModule:UnityEditor.Search:ASIAI0B -> (ImportResultId: 'f584089154fbb7b86b457ceb0afe00d8') in 0.0017282 seconds
[Worker0] Imported GUID: fd57cf917f61bbb42b8f030436426ddd - Path: Packages/com.unity.test-framework/UnityEditor.TestRunner/GUI/IGuiHelper.cs - Importer: ScriptedImporter/UnityEditor.QuickSearchModule:UnityEditor.Search:ASIAI0B -> (ImportResultId: '9202aa0103e351bdf03fa724766799d0') in 0.0017134 seconds
[Worker0] Imported GUID: 1ebc1994f9a3d5649a1201d3a84b38df - Path: Packages/com.unity.test-framework/UnityEditor.TestRunner/TestRunner/EditorEnumeratorTestWorkItem.cs - Importer: ScriptedImporter/UnityEditor.QuickSearchModule:UnityEditor.Search:ASIAI0B -> (ImportResultId: '69a66511fb3295d5f8c3a4bc08013f8f') in 0.0023639 seconds
[Worker0] Imported GUID: 9ec94545c5b00344c9bd8e691f15d799 - Path: Packages/com.unity.test-framework/UnityEditor.TestRunner/Api/TestStatus.cs - Importer: ScriptedImporter/UnityEditor.QuickSearchModule:UnityEditor.Search:ASIAI0B -> (ImportResultId: '3c76bdf42829a97ff32ff8c657634367') in 0.001644 seconds
[Worker0] Imported GUID: c3a75354f6ceac94ca15ca9d96593290 - Path: Packages/com.unity.test-framework/UnityEditor.TestRunner/CommandLineTest/ExecutionSettings.cs - Importer: ScriptedImporter/UnityEditor.QuickSearchModule:UnityEditor.Search:ASIAI0B -> (ImportResultId: '17b640be4d43e512e54e0ab618274126') in 0.0018244 seconds
[Worker0] Imported GUID: 0b677ddfd54046c498a20446baa4f932 - Path: Packages/com.unity.test-framework/UnityEditor.TestRunner/TestRun/TestJobRunner.cs - Importer: ScriptedImporter/UnityEditor.QuickSearchModule:UnityEditor.Search:ASIAI0B -> (ImportResultId: '12d3460d7d8f5b674fc637108ce4152d') in 0.0015137 seconds
[Worker0] Imported GUID: c1cba6f3ed484514097080a3bb835958 - Path: Packages/com.unity.test-framework/UnityEditor.TestRunner/TestLaunchers/PlayerLauncherTestRunSettings.cs - Importer: ScriptedImporter/UnityEditor.QuickSearchModule:UnityEditor.Search:ASIAI0B -> (ImportResultId: 'ef5169f7b0c4a4f5f919a8035c4763f8') in 0.0019231 seconds
[Worker0] Imported GUID: 68993ba529ae04440916cb7c23bf3279 - Path: Packages/com.unity.test-framework/UnityEditor.TestRunner/Api/TestRunnerApi.cs - Importer: ScriptedImporter/UnityEditor.QuickSearchModule:UnityEditor.Search:ASIAI0B -> (ImportResultId: '5088bd4c012ea6ed03ab74365f1ce138') in 0.0015527 seconds
[Worker0] Imported GUID: 6965880f76f40194593cb53a88f74005 - Path: Packages/com.unity.test-framework/UnityEditor.TestRunner/TestLaunchers/PlayerLauncherContextSettings.cs - Importer: ScriptedImporter/UnityEditor.QuickSearchModule:UnityEditor.Search:ASIAI0B -> (ImportResultId: '1ad202d0ac8a42e472252118072b613d') in 0.0023594 seconds
[Worker0] Imported GUID: d061ada5d3169454daf54243390b5fdb - Path: Packages/com.unity.test-framework/UnityEditor.TestRunner/Api/TestResultAdaptor.cs - Importer: ScriptedImporter/UnityEditor.QuickSearchModule:UnityEditor.Search:ASIAI0B -> (ImportResultId: '917c6e4782100fb8d18a59072a193c75') in 0.0023305 seconds
[Worker0] Imported GUID: 0efb23ecb373b6d4bbe5217485785138 - Path: Packages/com.unity.test-framework/UnityEditor.TestRunner/TestLaunchers/RuntimeTestLauncherBase.cs - Importer: ScriptedImporter/UnityEditor.QuickSearchModule:UnityEditor.Search:ASIAI0B -> (ImportResultId: '14ca75d2450a4b4b6ccb295ffbe31392') in 0.0014629 seconds
[Worker0] Imported GUID: 317f06562c344e22991ba4117cf7b71c - Path: Packages/com.unity.test-framework/UnityEditor.TestRunner/CommandLineTest/TestState.cs - Importer: ScriptedImporter/UnityEditor.QuickSearchModule:UnityEditor.Search:ASIAI0B -> (ImportResultId: '2e80b2ef71f6ea0ae05d715eae127c80') in 0.0013507 seconds
[Worker0] Imported GUID: d56e34a052c646e39a3317c404303e5f - Path: Packages/com.unity.test-framework/UnityEditor.TestRunner/CommandLineTest/IRunData.cs - Importer: ScriptedImporter/UnityEditor.QuickSearchModule:UnityEditor.Search:ASIAI0B -> (ImportResultId: 'a29552e17c7a26943f20a9eeed3408dc') in 0.0015963 seconds
[Worker0] Imported GUID: 8d20eedbe40f0ce41a4c4f633f225de8 - Path: Packages/com.unity.test-framework/UnityEditor.TestRunner/CommandLineTest/LogSavingCallbacks.cs - Importer: ScriptedImporter/UnityEditor.QuickSearchModule:UnityEditor.Search:ASIAI0B -> (ImportResultId: 'ed2fd353a0c0e8165fcc6ff3003fc294') in 0.0021162 seconds
[Worker0] Imported GUID: 416b65350c010294db54ceca7fd02072 - Path: Packages/com.unity.test-framework/UnityEditor.TestRunner/TestRun/RequiredTestRunDataMissingException.cs - Importer: ScriptedImporter/UnityEditor.QuickSearchModule:UnityEditor.Search:ASIAI0B -> (ImportResultId: 'f0449782690c4c705a5b7c40b02a7f1e') in 0.0012098 seconds
[Worker0] Imported GUID: d0663d520c26b7c48a4135599e66acf8 - Path: Packages/com.unity.test-framework/UnityEditor.TestRunner/Api/TestAdaptorFactory.cs - Importer: ScriptedImporter/UnityEditor.QuickSearchModule:UnityEditor.Search:ASIAI0B -> (ImportResultId: '4cc534e9c0407e3ae0cd2a202a197484') in 0.0024538 seconds
[Worker0] Imported GUID: edd2a1fe1acbbde43aad39862bb3f4a8 - Path: Packages/com.unity.test-framework/UnityEditor.TestRunner/TestLaunchers/RemotePlayerLogController.cs - Importer: ScriptedImporter/UnityEditor.QuickSearchModule:UnityEditor.Search:ASIAI0B -> (ImportResultId: '951647a0a67a8adffaebb29e8948b5a9') in 0.0012253 seconds
[Worker0] Imported GUID: 8bb59cb2f66d156418ca1bd1e2703233 - Path: Packages/com.unity.test-framework/UnityEditor.TestRunner/Api/RunState.cs - Importer: ScriptedImporter/UnityEditor.QuickSearchModule:UnityEditor.Search:ASIAI0B -> (ImportResultId: '035c60ce8eb8f7f1dc0c5d867830e5ab') in 0.0022562 seconds
[Worker0] Imported GUID: b7468a027a77337478e133b40b42b4f9 - Path: Packages/com.unity.test-framework/UnityEditor.TestRunner/CommandLineTest/SettingsBuilder.cs - Importer: ScriptedImporter/UnityEditor.QuickSearchModule:UnityEditor.Search:ASIAI0B -> (ImportResultId: 'd7da10df9f9bd947af2269f3ee8ee6e6') in 0.0011875 seconds
[Worker0] Imported GUID: 208e46d59ff6e304db0318377d20f5a1 - Path: Packages/com.unity.test-framework/UnityEditor.TestRunner/GUI/IAssetsDatabaseHelper.cs - Importer: ScriptedImporter/UnityEditor.QuickSearchModule:UnityEditor.Search:ASIAI0B -> (ImportResultId: 'ceb64b15e87bb00e96eb9cd545207a68') in 0.0019071 seconds
[Worker0] Imported GUID: d973fc1524e4d724081553934c55958c - Path: Packages/com.unity.test-framework/UnityEditor.TestRunner/TestLaunchers/PlayerLauncher.cs - Importer: ScriptedImporter/UnityEditor.QuickSearchModule:UnityEditor.Search:ASIAI0B -> (ImportResultId: '520da479667eb03eca2d257fc8ad0c15') in 0.0014991 seconds
[Worker0] Imported GUID: 05778dd1de4433d418793b6f3d3c18cf - Path: Packages/com.unity.test-framework/UnityEditor.TestRunner/CommandLineTest/LogWriter.cs - Importer: ScriptedImporter/UnityEditor.QuickSearchModule:UnityEditor.Search:ASIAI0B -> (ImportResultId: '3fbcffaa2ce64c42237311b8c26521e6') in 0.0033074 seconds
[Worker0] Imported GUID: 740b3785866edda4b8d1e1a05570a5f8 - Path: Packages/com.unity.test-framework/UnityEditor.TestRunner/GUI/AssetsDatabaseHelper.cs - Importer: ScriptedImporter/UnityEditor.QuickSearchModule:UnityEditor.Search:ASIAI0B -> (ImportResultId: '389511d165e57344ecc34712ff6ecaaf') in 0.0016353 seconds
[Worker0] Imported GUID: 7d36034e63ad8254b9b2f55280fcc040 - Path: Packages/com.unity.test-framework/UnityEditor.TestRunner/TestLaunchers/RemotePlayerTestController.cs - Importer: ScriptedImporter/UnityEditor.QuickSearchModule:UnityEditor.Search:ASIAI0B -> (ImportResultId: '8f0ae58ea4f558a024427c7817e92126') in 0.0013856 seconds
[Worker0] Imported GUID: 241a47157da9420aaafa8cda2afd41a0 - Path: Packages/com.unity.test-framework/UnityEditor.TestRunner/TestRun/WaitForPlayerRunTask.cs - Importer: ScriptedImporter/UnityEditor.QuickSearchModule:UnityEditor.Search:ASIAI0B -> (ImportResultId: '613f36d0d339a2080a0fe75217b82e6a') in 0.0023329 seconds
[Worker0] Imported GUID: f445ca0c614a846449fcd8ae648c24e2 - Path: Packages/com.unity.test-framework/UnityEditor.TestRunner/CommandLineParser/ICommandLineOption.cs - Importer: ScriptedImporter/UnityEditor.QuickSearchModule:UnityEditor.Search:ASIAI0B -> (ImportResultId: 'db45621f322f00b94a03dbc8a380f9eb') in 0.0016341 seconds
[Worker0] Imported GUID: 3dde15f260b0dd1469e60d16eaa795dc - Path: Packages/com.unity.test-framework/UnityEditor.TestRunner/TestRunner/EditmodeWorkItemFactory.cs - Importer: ScriptedImporter/UnityEditor.QuickSearchModule:UnityEditor.Search:ASIAI0B -> (ImportResultId: '3f36c45bd9dadf85eb286940f8533854') in 0.0019184 seconds
[Worker0] Imported GUID: 1d45b9d3cf85bee4f99c1492fca8438a - Path: Packages/com.unity.test-framework/UnityEditor.TestRunner/TestRun/TestRunCanceledException.cs - Importer: ScriptedImporter/UnityEditor.QuickSearchModule:UnityEditor.Search:ASIAI0B -> (ImportResultId: '8c858df420849681ccbb584d9a1ffa6a') in 0.0011958 seconds
[Worker0] Imported GUID: 83eda34b7da01e04aa894f268158b0c0 - Path: Packages/com.unity.test-framework/UnityEditor.TestRunner/TestSettings/ITestSettings.cs - Importer: ScriptedImporter/UnityEditor.QuickSearchModule:UnityEditor.Search:ASIAI0B -> (ImportResultId: '6a3030b18cc47505c6b7bbb3d7a43553') in 0.0014457 seconds
[Worker0] Imported GUID: 8a13cbeb2099aca47bb456f49845f86c - Path: Packages/com.unity.test-framework/UnityEditor.TestRunner/CommandLineTest/ISettingsBuilder.cs - Importer: ScriptedImporter/UnityEditor.QuickSearchModule:UnityEditor.Search:ASIAI0B -> (ImportResultId: 'f6519ae189c907c38e23b2dbc1a222c7') in 0.0022817 seconds
[Worker0] Imported GUID: 15f870c6975ad6449b5b52514b90dc2b - Path: Packages/com.unity.test-framework/UnityEditor.TestRunner/GUI/TestRunnerUIFilter.cs - Importer: ScriptedImporter/UnityEditor.QuickSearchModule:UnityEditor.Search:ASIAI0B -> (ImportResultId: 'dc30440b20130818ec5014a06b1356f2') in 0.0015568 seconds
[Worker0] Imported GUID: 2ae2ce6274819484fa8747a28cebdf3a - Path: Packages/com.unity.test-framework/UnityEditor.TestRunner/Api/ITestRunSettings.cs - Importer: ScriptedImporter/UnityEditor.QuickSearchModule:UnityEditor.Search:ASIAI0B -> (ImportResultId: '4eaf2de71b11d4feceef29404582d886') in 0.0020172 seconds
[Worker0] Imported GUID: b1516a46a16d458e8debc6b459b107ea - Path: Packages/com.unity.test-framework/UnityEditor.TestRunner/TestRun/TaskList.cs - Importer: ScriptedImporter/UnityEditor.QuickSearchModule:UnityEditor.Search:ASIAI0B -> (ImportResultId: 'df3ec142717de1486a635ad7704af0e4') in 0.0022436 seconds
[Worker0] Imported GUID: 29d603e0a726a9043b3503112271844a - Path: Packages/com.unity.test-framework/UnityEditor.TestRunner/Api/ResultsWriter.cs - Importer: ScriptedImporter/UnityEditor.QuickSearchModule:UnityEditor.Search:ASIAI0B -> (ImportResultId: '0537f85a9ef02cd0e86215c2d49dd653') in 0.0019789 seconds
[Worker0] Imported GUID: 6d16f2e78a356d34c9a32108929de932 - Path: Packages/com.unity.test-framework/UnityEditor.TestRunner/TestRunner/EditModePCHelper.cs - Importer: ScriptedImporter/UnityEditor.QuickSearchModule:UnityEditor.Search:ASIAI0B -> (ImportResultId: '7e4e4be92f59968be3f2905d5da6a958') in 0.0021874 seconds
[Worker0] Imported GUID: 8069e1fc631e461ababf11f19a9c0df3 - Path: Packages/com.unity.test-framework/UnityEditor.TestRunner/GUI/UITestRunnerFilter.cs - Importer: ScriptedImporter/UnityEditor.QuickSearchModule:UnityEditor.Search:ASIAI0B -> (ImportResultId: '357cc36d6526a88dbb412b0d6f4fbcd7') in 0.0023541 seconds
[Worker0] Imported GUID: c9219e99d466b7741a057132d1994f35 - Path: Packages/com.unity.test-framework/UnityEditor.TestRunner/TestRunner/EditModeRunner.cs - Importer: ScriptedImporter/UnityEditor.QuickSearchModule:UnityEditor.Search:ASIAI0B -> (ImportResultId: '4c434a42ed3beb3874c5e016a0150046') in 0.0022369 seconds
[Worker0] Imported GUID: 8a06b6fbaa6f4191aa47b7e31242f061 - Path: Packages/com.unity.test-framework/UnityEditor.TestRunner/Api/TestRunProgress.cs - Importer: ScriptedImporter/UnityEditor.QuickSearchModule:UnityEditor.Search:ASIAI0B -> (ImportResultId: 'cf89344698adf40d41bd109d2d8f17d1') in 0.0020838 seconds
[Worker0] Imported GUID: d0138170d24533e47b8e6c250c6d7fbc - Path: Packages/com.unity.test-framework/UnityEditor.TestRunner/GUI/GuiHelper.cs - Importer: ScriptedImporter/UnityEditor.QuickSearchModule:UnityEditor.Search:ASIAI0B -> (ImportResultId: 'd754a5dc4eb8c03f24c9e51ddd9ed260') in 0.001558 seconds
[Worker0] Imported GUID: ef563c5a6ecf64d4193dc144cb7d472a - Path: Packages/com.unity.test-framework/UnityEditor.TestRunner/CommandLineTest/ResultsSavingCallbacks.cs - Importer: ScriptedImporter/UnityEditor.QuickSearchModule:UnityEditor.Search:ASIAI0B -> (ImportResultId: '53c0db7da29e7e42700f4937726edec1') in 0.0024798 seconds
[Worker0] Imported GUID: a3529368f4cd0424a89aa51080a16b06 - Path: Packages/com.unity.test-framework/UnityEditor.TestRunner/CommandLineParser/CommandLineOption.cs - Importer: ScriptedImporter/UnityEditor.QuickSearchModule:UnityEditor.Search:ASIAI0B -> (ImportResultId: 'ddfb17a04fcaab06c066e1eaf07c0d4a') in 0.0025534 seconds
[Worker0] Imported GUID: 5a0dfda606a24736913c00edd76e55f6 - Path: Packages/com.unity.test-framework/UnityEditor.TestRunner/GUI/TestRunnerGUI.cs - Importer: ScriptedImporter/UnityEditor.QuickSearchModule:UnityEditor.Search:ASIAI0B -> (ImportResultId: '4baba1067f46a721a19447c5a248db06') in 0.0015287 seconds
[Worker0] Imported GUID: a582090813554df479fb9ca03e9857d3 - Path: Packages/com.unity.test-framework/UnityEditor.TestRunner/TestLaunchers/EditModeLauncherContextSettings.cs - Importer: ScriptedImporter/UnityEditor.QuickSearchModule:UnityEditor.Search:ASIAI0B -> (ImportResultId: '49fb7dd2ddf43108d7d524fdc76e69f3') in 0.0015626 seconds
[Worker0] Imported GUID: 083c6a3a5426382449369ddc12b691d8 - Path: Packages/com.unity.test-framework/UnityEditor.TestRunner/CommandLineTest/Executer.cs - Importer: ScriptedImporter/UnityEditor.QuickSearchModule:UnityEditor.Search:ASIAI0B -> (ImportResultId: 'a2b945f63c1ed5ab932961d508f0e285') in 0.0021748 seconds
[Worker0] Imported GUID: d3217d58bbd1d2b4aaee933e2e8b9195 - Path: Packages/com.unity.test-framework/UnityEditor.TestRunner/TestLaunchers/PlaymodeLauncher.cs - Importer: ScriptedImporter/UnityEditor.QuickSearchModule:UnityEditor.Search:ASIAI0B -> (ImportResultId: 'd37df70acece33ee74d135d21dd045e5') in 0.0058272 seconds
[Worker0] Imported GUID: 1cddf785b0d07434d8e0607c97b09135 - Path: Packages/com.unity.test-framework/UnityEditor.TestRunner/TestLaunchers/TestLauncherBase.cs - Importer: ScriptedImporter/UnityEditor.QuickSearchModule:UnityEditor.Search:ASIAI0B -> (ImportResultId: '6ea336ef4bb404d84584ff9d3ea86cfb') in 0.002454 seconds
[Worker0] Imported GUID: 124533853216377448d786fd7c725701 - Path: Packages/com.unity.test-framework/UnityEditor.TestRunner/NUnitExtension/TestRunnerStateSerializer.cs - Importer: ScriptedImporter/UnityEditor.QuickSearchModule:UnityEditor.Search:ASIAI0B -> (ImportResultId: 'd4975e83e867a1af14c8e6dc8deb72af') in 0.0020893 seconds
[Worker0] Imported GUID: 3297738ef11b478a8b7ee802953ae768 - Path: Packages/com.unity.test-framework/UnityEditor.TestRunner/CommandLineTest/IExecuter.cs - Importer: ScriptedImporter/UnityEditor.QuickSearchModule:UnityEditor.Search:ASIAI0B -> (ImportResultId: 'c6b473a5d89004e1e6725b4336a97ce9') in 0.0022401 seconds
[Worker0] Imported GUID: 4230e406313f1db43a4b548e7a3ad2e2 - Path: Packages/com.unity.test-framework/UnityEditor.TestRunner/Api/ITestTreeRebuildCallbacks.cs - Importer: ScriptedImporter/UnityEditor.QuickSearchModule:UnityEditor.Search:ASIAI0B -> (ImportResultId: '714d70853bfb85a98f1a156e42441369') in 0.0033908 seconds
[Worker0] Imported GUID: a7842a837a4b13e41ae16193db753418 - Path: Packages/com.unity.test-framework/UnityEditor.TestRunner/Api/ITestRunnerApi.cs - Importer: ScriptedImporter/UnityEditor.QuickSearchModule:UnityEditor.Search:ASIAI0B -> (ImportResultId: 'b2186fbecc632143e9a7f243497c7843') in 0.0012986 seconds
[Worker0] Imported GUID: cad095eccea17b741bc4cd264e7441cd - Path: Packages/com.unity.test-framework/UnityEditor.TestRunner/Api/TestMode.cs - Importer: ScriptedImporter/UnityEditor.QuickSearchModule:UnityEditor.Search:ASIAI0B -> (ImportResultId: '28c4defc3a2c23d0f0180c81d5ba2ab5') in 0.001436 seconds
[Worker0] Imported GUID: 4f90cfe4bf5cfb44f84a5b11387f2a42 - Path: Packages/com.unity.test-framework/UnityEditor.TestRunner/Api/ITestResultAdaptor.cs - Importer: ScriptedImporter/UnityEditor.QuickSearchModule:UnityEditor.Search:ASIAI0B -> (ImportResultId: '8797bcfec13b6311eeaa60a8a9a44b76') in 0.0024159 seconds
[Worker0] Imported GUID: 4d616d1a494edd144b262cf6cd5e5fda - Path: Packages/com.unity.test-framework/UnityEditor.TestRunner/CommandLineTest/TestStarter.cs - Importer: ScriptedImporter/UnityEditor.QuickSearchModule:UnityEditor.Search:ASIAI0B -> (ImportResultId: 'ed143ed7f1f28827f1c6307b519e0787') in 0.0025441 seconds
[Worker0] Imported GUID: a04a45bbed9e1714f9902fc9443669b9 - Path: Packages/com.unity.test-framework/UnityEditor.TestRunner/GUI/TestRunnerResult.cs - Importer: ScriptedImporter/UnityEditor.QuickSearchModule:UnityEditor.Search:ASIAI0B -> (ImportResultId: 'efa602ae92ad9c910c2c120ac736d314') in 0.0016 seconds
[Worker0] Imported GUID: 8173ba5b162e4e5882521d173c36acec - Path: Packages/com.unity.test-framework/UnityEditor.TestRunner/TestRun/ITestJobRunner.cs - Importer: ScriptedImporter/UnityEditor.QuickSearchModule:UnityEditor.Search:ASIAI0B -> (ImportResultId: '7cce79e4cc867d66bc1ff9e53388eaef') in 0.0015237 seconds
[Worker0] Imported GUID: 3f8c1075884df0249b80e23a0598f9c1 - Path: Packages/com.unity.test-framework/UnityEditor.TestRunner/CommandLineTest/RunData.cs - Importer: ScriptedImporter/UnityEditor.QuickSearchModule:UnityEditor.Search:ASIAI0B -> (ImportResultId: '1ab049f009bba4de825a5f77b7d0b70f') in 0.0016158 seconds
[Worker0] Imported GUID: 63572993f2104574099a48392460b211 - Path: Packages/com.unity.test-framework/UnityEditor.TestRunner/CommandLineTest/SetupException.cs - Importer: ScriptedImporter/UnityEditor.QuickSearchModule:UnityEditor.Search:ASIAI0B -> (ImportResultId: 'ac83734c52ecc2e2c80bd00fab4c32cb') in 0.0021158 seconds
[Worker0] Imported GUID: 6e0e62db88935c74288c97c907243bd0 - Path: Packages/com.unity.test-framework/UnityEditor.TestRunner/Api/TestAdaptor.cs - Importer: ScriptedImporter/UnityEditor.QuickSearchModule:UnityEditor.Search:ASIAI0B -> (ImportResultId: 'd86062586c7606f89501811f8d3b0bde') in 0.0016421 seconds
[Worker0] Imported GUID: 43db38ca7188900429bf8be95ebbe197 - Path: Packages/com.unity.test-framework/UnityEditor.TestRunner/CommandLineTest/RunStateCallbacks.cs - Importer: ScriptedImporter/UnityEditor.QuickSearchModule:UnityEditor.Search:ASIAI0B -> (ImportResultId: '41eda4ed1783656132375a26c1bc1dbb') in 0.0015353 seconds
[Worker0] Imported GUID: 7d0a7ea6062a4f42bcea6cb642817537 - Path: Packages/com.unity.test-framework/UnityEditor.TestRunner/TestRun/ITestJobDataHolder.cs - Importer: ScriptedImporter/UnityEditor.QuickSearchModule:UnityEditor.Search:ASIAI0B -> (ImportResultId: 'ab0ae091e912ca775fc972d2c3290d70') in 0.0015283 seconds
[Worker0] Imported GUID: 901b761c5c1e22d4e8a3ba7d95bc1f5d - Path: Packages/com.unity.test-framework/UnityEditor.TestRunner/TestRunner/EnumeratorStepHelper.cs - Importer: ScriptedImporter/UnityEditor.QuickSearchModule:UnityEditor.Search:ASIAI0B -> (ImportResultId: 'b91d88f4cb0848c16658f96b39db9359') in 0.0027198 seconds
[Worker0] Imported GUID: 59d3f5586b341a74c84c8f72144a4568 - Path: Packages/com.unity.test-framework/UnityEditor.TestRunner/CommandLineTest/RunSettings.cs - Importer: ScriptedImporter/UnityEditor.QuickSearchModule:UnityEditor.Search:ASIAI0B -> (ImportResultId: 'd6b4905cdde393c6f54de929f524d03c') in 0.0020588 seconds
[Worker0] Imported GUID: 612b00d793cac3c49808ab3ee5428f16 - Path: Packages/com.unity.test-framework/UnityEditor.TestRunner/TestRun/TestJobDataHolder.cs - Importer: ScriptedImporter/UnityEditor.QuickSearchModule:UnityEditor.Search:ASIAI0B -> (ImportResultId: '7267cc0e78b62384bc0c2c0bed2126ea') in 0.0019419 seconds
[Worker0] Imported GUID: 139c5eac101a4dc4fb3098e30c29f15e - Path: Packages/com.unity.test-framework/UnityEditor.TestRunner/CommandLineParser/CommandLineOptionSet.cs - Importer: ScriptedImporter/UnityEditor.QuickSearchModule:UnityEditor.Search:ASIAI0B -> (ImportResultId: '2f70d52f4f9472d86694a02878de4ae3') in 0.0022863 seconds
[Worker0] Imported GUID: d208a1684f8aa6a40ad91d6aa9600c14 - Path: Packages/com.unity.test-framework/UnityEditor.TestRunner/TestSettings/ITestSettingsDeserializer.cs - Importer: ScriptedImporter/UnityEditor.QuickSearchModule:UnityEditor.Search:ASIAI0B -> (ImportResultId: '3e4667cdc84b5231b7ce5ba85c1d34f2') in 0.0019787 seconds
[Worker0] Imported GUID: 621fd19bcb071b64aa1d68f0271aa780 - Path: Packages/com.unity.test-framework/UnityEngine.TestRunner/Utils/PostBuildCleanupAttribute.cs - Importer: ScriptedImporter/UnityEditor.QuickSearchModule:UnityEditor.Search:ASIAI0B -> (ImportResultId: 'faad125aae974d9bb472fb000cf03cf5') in 0.0023943 seconds
[Worker0] Imported GUID: 68a48d1900320ed458e118415857faf6 - Path: Packages/com.unity.test-framework/UnityEngine.TestRunner/Assertions/ConstraintsExtensions.cs - Importer: ScriptedImporter/UnityEditor.QuickSearchModule:UnityEditor.Search:ASIAI0B -> (ImportResultId: 'b142149d5770fdbdb270185a5c0d9ad4') in 0.0021574 seconds
[Worker0] Imported GUID: 6a3af79041a1431ab3a2a9395a7ed2ae - Path: Packages/com.unity.test-framework/UnityEngine.TestRunner/NUnitExtensions/OrderedTestSuiteModifier.cs - Importer: ScriptedImporter/UnityEditor.QuickSearchModule:UnityEditor.Search:ASIAI0B -> (ImportResultId: 'cd2cecc88268b373f415435c3e641cb8') in 0.0020951 seconds
[Worker0] Imported GUID: d0abdd8cb6b29a24c8ee19626ef741b9 - Path: Packages/com.unity.test-framework/UnityEditor.TestRunner/UnityTestProtocol/UtpDebuglogger.cs - Importer: ScriptedImporter/UnityEditor.QuickSearchModule:UnityEditor.Search:ASIAI0B -> (ImportResultId: 'c60264f4e890e1fc1ab76f6a3abd39fd') in 0.0020102 seconds
[Worker0] Imported GUID: 2fcdb9402e0a4427bd5bd01f71ecf6d5 - Path: Packages/com.unity.test-framework/UnityEngine.TestRunner/Assertions/OutOfOrderExpectedLogMessageException.cs - Importer: ScriptedImporter/UnityEditor.QuickSearchModule:UnityEditor.Search:ASIAI0B -> (ImportResultId: '81cc5d2a6c3fca61ebf1a2872add81e5') in 0.0022154 seconds
[Worker0] Imported GUID: b9aec9d3b0a86466ab4647d01e8fc87d - Path: Packages/com.unity.test-framework/UnityEngine.TestRunner/TestRunner/SynchronousFilter.cs - Importer: ScriptedImporter/UnityEditor.QuickSearchModule:UnityEditor.Search:ASIAI0B -> (ImportResultId: '4ce35dac0b15eeedefdfc31f4522bf4d') in 0.0042314 seconds
[Worker0] Imported GUID: 1dd36da2e4e5540d5b2e44fc928a9d50 - Path: Packages/com.unity.test-framework/UnityEngine.TestRunner/Utils/IPostbuildCleanupWithTestData.cs - Importer: ScriptedImporter/UnityEditor.QuickSearchModule:UnityEditor.Search:ASIAI0B -> (ImportResultId: '44ffac6fde1da7779403f07e7abca162') in 0.0019218 seconds
[Worker0] Imported GUID: 4c006cc4132f4e2d8b3e7208af3e208c - Path: Packages/com.unity.test-framework/UnityEngine.TestRunner/NUnitExtensions/ITestSuiteModifier.cs - Importer: ScriptedImporter/UnityEditor.QuickSearchModule:UnityEditor.Search:ASIAI0B -> (ImportResultId: 'e9cdbe8ef87357ef219919de2825ffea') in 0.0017359 seconds
[Worker0] Imported GUID: d1b534518943030499685344fd1d476d - Path: Packages/com.unity.test-framework/UnityEngine.TestRunner/TestRunner/ITestRunnerListener.cs - Importer: ScriptedImporter/UnityEditor.QuickSearchModule:UnityEditor.Search:ASIAI0B -> (ImportResultId: '8a9fc8fd5c3c5474bf3aa58877ccf64d') in 0.0019086 seconds
[Worker0] Imported GUID: 1c15a1275ff24d1092facf3f75065ab6 - Path: Packages/com.unity.test-framework/UnityEngine.TestRunner/UnityTestProtocol/MessageForRetryRepeat.cs - Importer: ScriptedImporter/UnityEditor.QuickSearchModule:UnityEditor.Search:ASIAI0B -> (ImportResultId: 'de7f64710410201dd0d326cf0daf2073') in 0.0022043 seconds
[Worker0] Imported GUID: d09858396dd7adb4bbdb22ea0c8c3a37 - Path: Packages/com.unity.test-framework/UnityEngine.TestRunner/Assertions/AllocatingGCMemoryConstraint.cs - Importer: ScriptedImporter/UnityEditor.QuickSearchModule:UnityEditor.Search:ASIAI0B -> (ImportResultId: '1fa874d34223c9331752c482276e50e3') in 0.0018235 seconds
[Worker0] Imported GUID: acc16f0c684508f44813662a300c574b - Path: Packages/com.unity.test-framework/UnityEngine.TestRunner/Utils/IPrebuildSetup.cs - Importer: ScriptedImporter/UnityEditor.QuickSearchModule:UnityEditor.Search:ASIAI0B -> (ImportResultId: '6d1a98a30dac61d9223f52bbdc0ca1fc') in 0.0024326 seconds
[Worker0] Imported GUID: 78776d25d6504b16a629856dba391764 - Path: Packages/com.unity.test-framework/UnityEditor.TestRunner/UnityTestProtocol/DeterministicGuid.cs - Importer: ScriptedImporter/UnityEditor.QuickSearchModule:UnityEditor.Search:ASIAI0B -> (ImportResultId: '76c7875e3040ae09aaa41e8a28f60ebc') in 0.0023576 seconds
[Worker0] Imported GUID: 8bc74398aa3944646ade4ee78cd57484 - Path: Packages/com.unity.test-framework/UnityEngine.TestRunner/NUnitExtensions/TestExtensions.cs - Importer: ScriptedImporter/UnityEditor.QuickSearchModule:UnityEditor.Search:ASIAI0B -> (ImportResultId: '9185c7eb8726f03b9890200ae41a5801') in 0.0022165 seconds
[Worker0] Imported GUID: 26d207ea119f34117a1dc1a439e285e3 - Path: Packages/com.unity.test-framework/UnityEngine.TestRunner/Utils/PrebuildSetupWithTestDataAttribute.cs - Importer: ScriptedImporter/UnityEditor.QuickSearchModule:UnityEditor.Search:ASIAI0B -> (ImportResultId: 'eb63897aaf04cbddd355c557e20aac9b') in 0.0014701 seconds
[Worker0] Imported GUID: ebcc5f899d9277642868aeda9a17cbaf - Path: Packages/com.unity.test-framework/UnityEditor.TestRunner/UnityTestProtocol/UtpMessageReporter.cs - Importer: ScriptedImporter/UnityEditor.QuickSearchModule:UnityEditor.Search:ASIAI0B -> (ImportResultId: '6079b3c52b0261879007fd78d23bcbd1') in 0.0025994 seconds
[Worker0] Imported GUID: ae8ce3ffe04ac2c42945fd27e0291fc3 - Path: Packages/com.unity.test-framework/UnityEngine.TestRunner/Utils/AttributeHelper.cs - Importer: ScriptedImporter/UnityEditor.QuickSearchModule:UnityEditor.Search:ASIAI0B -> (ImportResultId: '4936a893bd7519f97baff721fc04f479') in 0.002933 seconds
[Worker0] Imported GUID: 7dc341f3ffc346738912e0ae5aa6c7e4 - Path: Packages/com.unity.test-framework/UnityEditor.TestRunner/UnityTestProtocol/TesRunDataHolder.cs - Importer: ScriptedImporter/UnityEditor.QuickSearchModule:UnityEditor.Search:ASIAI0B -> (ImportResultId: '08a69d80fa188c40a22b179bd94bc5fb') in 0.0023646 seconds
[Worker0] Imported GUID: 900aac3710bc14542a8d164e3f0ff820 - Path: Packages/com.unity.test-framework/UnityEditor.TestRunner/UnityTestProtocol/UnityTestProtocolListener.cs - Importer: ScriptedImporter/UnityEditor.QuickSearchModule:UnityEditor.Search:ASIAI0B -> (ImportResultId: 'fc71cdc744366a82bac1f853b7ad8ace') in 0.003027 seconds
[Worker0] Imported GUID: 319fe8cda376431bb7987d94f916819b - Path: Packages/com.unity.test-framework/UnityEditor.TestRunner/UnityTestProtocol/UtpMessageBuilder.cs - Importer: ScriptedImporter/UnityEditor.QuickSearchModule:UnityEditor.Search:ASIAI0B -> (ImportResultId: '20619332b6a04f0beb7e7caa18fe6111') in 0.0026566 seconds
[Worker0] Imported GUID: 6d5833966abeadb429de247e4316eef4 - Path: Packages/com.unity.test-framework/UnityEngine.TestRunner/Assertions/Is.cs - Importer: ScriptedImporter/UnityEditor.QuickSearchModule:UnityEditor.Search:ASIAI0B -> (ImportResultId: 'f18ed6dbd2298edd4c494b68208d681f') in 0.0020504 seconds
[Worker0] Imported GUID: 38d0b8a87b967304da08a2ae9b955066 - Path: Packages/com.unity.test-framework/UnityEngine.TestRunner/Utils/ITestRunCallback.cs - Importer: ScriptedImporter/UnityEditor.QuickSearchModule:UnityEditor.Search:ASIAI0B -> (ImportResultId: '6d8d29cf1e4cac66339574835df0dd4d') in 0.0026481 seconds
[Worker0] Imported GUID: 98ba0396e4b4ee8498a8f097affcfddf - Path: Packages/com.unity.test-framework/UnityEngine.TestRunner/NUnitExtensions/UnityTestAssemblyBuilder.cs - Importer: ScriptedImporter/UnityEditor.QuickSearchModule:UnityEditor.Search:ASIAI0B -> (ImportResultId: '11ea0a4b82854c938efe1c7a8b3ba399') in 0.0026683 seconds
[Worker0] Imported GUID: af5042802f06c804c8abddd544b77a4a - Path: Packages/com.unity.test-framework/UnityEngine.TestRunner/Utils/FloatEqualityComparer.cs - Importer: ScriptedImporter/UnityEditor.QuickSearchModule:UnityEditor.Search:ASIAI0B -> (ImportResultId: '9f57d5bca10e46347d34be88fc4833e7') in 0.0015166 seconds
[Worker0] Imported GUID: 102e512f651ee834f951a2516c1ea3b8 - Path: Packages/com.unity.test-framework/UnityEngine.TestRunner/TestRunner/PlaymodeTestsController.cs - Importer: ScriptedImporter/UnityEditor.QuickSearchModule:UnityEditor.Search:ASIAI0B -> (ImportResultId: '1813256cbb3794b2a36184dcd03383d2') in 0.0018848 seconds
[Worker0] Imported GUID: 58082d6ef6fd84b288e832c55741961e - Path: Packages/com.unity.test-framework/UnityEngine.TestRunner/Utils/IPrebuildSetupWithTestData.cs - Importer: ScriptedImporter/UnityEditor.QuickSearchModule:UnityEditor.Search:ASIAI0B -> (ImportResultId: 'f95972f2ca01bf39f508ea54883235ff') in 0.0022922 seconds
[Worker0] Imported GUID: 0fc9f45e5db884c07b28ac7207622a4b - Path: Packages/com.unity.test-framework/UnityEditor.TestRunner/UnityTestProtocol/TestRunData.cs - Importer: ScriptedImporter/UnityEditor.QuickSearchModule:UnityEditor.Search:ASIAI0B -> (ImportResultId: 'e8608e7ce9aa8ff4d212d60132032eb8') in 0.0030061 seconds
[Worker0] Imported GUID: 2011a59d3f76b3d4a85cb53f945fceee - Path: Packages/com.unity.test-framework/UnityEditor.TestRunner/UnityTestProtocol/TestRunnerApiMapper.cs - Importer: ScriptedImporter/UnityEditor.QuickSearchModule:UnityEditor.Search:ASIAI0B -> (ImportResultId: '245e37f33afd3183e416bc449a643c7c') in 0.0030217 seconds
[Worker0] Imported GUID: fc748d99f1f0d484a811a566fc7915ec - Path: Packages/com.unity.test-framework/UnityEngine.TestRunner/Utils/StacktraceFilter.cs - Importer: ScriptedImporter/UnityEditor.QuickSearchModule:UnityEditor.Search:ASIAI0B -> (ImportResultId: 'f6f871bc48e421e2ab2bbe9425b44d96') in 0.0015732 seconds
[Worker0] Imported GUID: 77f432980bb30084299a138e15c6f571 - Path: Packages/com.unity.test-framework/UnityEditor.TestRunner/UnityTestProtocol/TestState.cs - Importer: ScriptedImporter/UnityEditor.QuickSearchModule:UnityEditor.Search:ASIAI0B -> (ImportResultId: '1c543188d1930a66152b6d340ac30d61') in 0.0019404 seconds
[Worker0] Imported GUID: c97b794b51780d349a16826a4c7898d7 - Path: Packages/com.unity.test-framework/UnityEngine.TestRunner/Assertions/LogAssert.cs - Importer: ScriptedImporter/UnityEditor.QuickSearchModule:UnityEditor.Search:ASIAI0B -> (ImportResultId: '4d0a9c3c963ff8f323dc3a352e69266b') in 0.0018037 seconds
[Worker0] Imported GUID: 1ac58cb55fc8daf4abd3945a2bbbb0c5 - Path: Packages/com.unity.test-framework/UnityEditor.TestRunner/UnityTestProtocol/UnityTestProtocolStarter.cs - Importer: ScriptedImporter/UnityEditor.QuickSearchModule:UnityEditor.Search:ASIAI0B -> (ImportResultId: 'bf63a25c728954dec9f5c4f291e99c85') in 0.0014255 seconds
[Worker0] Imported GUID: e64067e4f2ec4e818dba53b3d31847b8 - Path: Packages/com.unity.test-framework/UnityEngine.TestRunner/UnityTestProtocol/DeterministicGuid.cs - Importer: ScriptedImporter/UnityEditor.QuickSearchModule:UnityEditor.Search:ASIAI0B -> (ImportResultId: '8ea7f9c3040e6f6479be051a33b5b158') in 0.0023881 seconds
[Worker0] Imported GUID: e440d63dae5d049ca83c823c9f246b17 - Path: Packages/com.unity.test-framework/UnityEngine.TestRunner/Utils/PostBuildCleanupWithTestDataAttribute.cs - Importer: ScriptedImporter/UnityEditor.QuickSearchModule:UnityEditor.Search:ASIAI0B -> (ImportResultId: 'bfc86911950f14ca5bed829b307d0b00') in 0.001639 seconds
[Worker0] Imported GUID: a8ed4063f2beecd41a234a582202f3c4 - Path: Packages/com.unity.test-framework/UnityEngine.TestRunner/Assertions/UnhandledLogMessageException.cs - Importer: ScriptedImporter/UnityEditor.QuickSearchModule:UnityEditor.Search:ASIAI0B -> (ImportResultId: '02b0db589c1d5a914022a1ad7f68e1c7') in 0.0021459 seconds
[Worker0] Imported GUID: db9a20ff62f649c7b64172ebec68370c - Path: Packages/com.unity.test-framework/UnityEngine.TestRunner/UnityTestProtocol/TestStartedMessage.cs - Importer: ScriptedImporter/UnityEditor.QuickSearchModule:UnityEditor.Search:ASIAI0B -> (ImportResultId: 'ed5ba3e410bc1965ddd925e898a572af') in 0.001527 seconds
[Worker0] Imported GUID: 4f939b9e23a0946439b812551e07ac81 - Path: Packages/com.unity.test-framework/UnityEngine.TestRunner/NUnitExtensions/ActionDelegator.cs - Importer: ScriptedImporter/UnityEditor.QuickSearchModule:UnityEditor.Search:ASIAI0B -> (ImportResultId: 'e20d57eab325ec21a10c2fb66b59550b') in 0.0020504 seconds
[Worker0] Imported GUID: ff67c526455160f4690a44f74dee4cbe - Path: Packages/com.unity.test-framework/UnityEngine.TestRunner/Utils/IPostBuildCleanup.cs - Importer: ScriptedImporter/UnityEditor.QuickSearchModule:UnityEditor.Search:ASIAI0B -> (ImportResultId: 'bbc356db7b3386ffe2c8f89384467283') in 0.0026335 seconds
[Worker0] Imported GUID: d6105bc8cf5ce544487daca4cbc62583 - Path: Packages/com.unity.test-framework/UnityEngine.TestRunner/Utils/ColorEqualityComparer.cs - Importer: ScriptedImporter/UnityEditor.QuickSearchModule:UnityEditor.Search:ASIAI0B -> (ImportResultId: '593f633ed69d7362d429a7da482b924d') in 0.0017885 seconds
[Worker0] Imported GUID: 37cea569bfefafe49a1513c4d7f0e9eb - Path: Packages/com.unity.test-framework/UnityEngine.TestRunner/NUnitExtensions/BaseDelegator.cs - Importer: ScriptedImporter/UnityEditor.QuickSearchModule:UnityEditor.Search:ASIAI0B -> (ImportResultId: '94a96c55f3a192a09a823a93a45a2c4e') in 0.0016287 seconds
[Worker0] Imported GUID: 9650d910fcaefb34cb45f121c1993892 - Path: Packages/com.unity.test-framework/UnityEngine.TestRunner/Assertions/InvalidSignatureException.cs - Importer: ScriptedImporter/UnityEditor.QuickSearchModule:UnityEditor.Search:ASIAI0B -> (ImportResultId: '938857a285015e759c456f72a3d61702') in 0.0017798 seconds
[Worker0] Imported GUID: 5aec7938f118041779fb739b38477100 - Path: Packages/com.unity.test-framework/UnityEngine.TestRunner/TestRunner/TestTaskWrapper.cs - Importer: ScriptedImporter/UnityEditor.QuickSearchModule:UnityEditor.Search:ASIAI0B -> (ImportResultId: '72cbe78510310faef1b521e3009b3a97') in 0.0023961 seconds
[Worker0] Imported GUID: 2799eb4c84e72e54092a292cf626936b - Path: Packages/com.unity.test-framework/UnityEngine.TestRunner/TestRunner/PlaymodeTestsControllerSettings.cs - Importer: ScriptedImporter/UnityEditor.QuickSearchModule:UnityEditor.Search:ASIAI0B -> (ImportResultId: '0ed357050d25dc69669b2a079c51e6b3') in 0.0027081 seconds
[Worker0] Imported GUID: 9ad0b0c865b01af4ca1b414689e71259 - Path: Packages/com.unity.test-framework/UnityEngine.TestRunner/TestRunner/TestEnumeratorWrapper.cs - Importer: ScriptedImporter/UnityEditor.QuickSearchModule:UnityEditor.Search:ASIAI0B -> (ImportResultId: 'd6c5cf6553b1b6ea545fb5b57bf77d85') in 0.002071 seconds
[Worker0] Imported GUID: 24a158219395ebf44a60547b97784ddc - Path: Packages/com.unity.test-framework/UnityEngine.TestRunner/Utils/CoroutineRunner.cs - Importer: ScriptedImporter/UnityEditor.QuickSearchModule:UnityEditor.Search:ASIAI0B -> (ImportResultId: '4d08c5547002faa52a1e142aeab0f626') in 0.002468 seconds
[Worker0] Imported GUID: 5f875a14565308a40a5262d2504da705 - Path: Packages/com.unity.test-framework/UnityEngine.TestRunner/NUnitExtensions/IStateSerializer.cs - Importer: ScriptedImporter/UnityEditor.QuickSearchModule:UnityEditor.Search:ASIAI0B -> (ImportResultId: 'e8c4f195946245ba08b5874154ce5de7') in 0.0014665 seconds
[Worker0] Imported GUID: 5b2eeca598284bd4abb4a15c30df1576 - Path: Packages/com.unity.test-framework/UnityEngine.TestRunner/Assertions/UnexpectedLogMessageException.cs - Importer: ScriptedImporter/UnityEditor.QuickSearchModule:UnityEditor.Search:ASIAI0B -> (ImportResultId: 'ebb2a882941f7ffd983e6565d4d98084') in 0.0018751 seconds
[Worker0] Imported GUID: 75e7d7a9a57458841a85fe42d9c9141f - Path: Packages/com.unity.test-framework/UnityEditor.TestRunner/TestSettings/TestSettingsDeserializer.cs - Importer: ScriptedImporter/UnityEditor.QuickSearchModule:UnityEditor.Search:ASIAI0B -> (ImportResultId: '914a627534bbec49867d0c85a230b58c') in 0.0027422 seconds
[Worker0] Imported GUID: 65fb6da362a78334ab360a125cfafdaf - Path: Packages/com.unity.test-framework/UnityEngine.TestRunner/NUnitExtensions/TestResultExtensions.cs - Importer: ScriptedImporter/UnityEditor.QuickSearchModule:UnityEditor.Search:ASIAI0B -> (ImportResultId: 'bf4e7fcb205c62961f5b79b87ab5e00d') in 0.0037133 seconds
[Worker0] Imported GUID: c3aa5c3d59b94854e843f10b75b3ad63 - Path: Packages/com.unity.test-framework/UnityEngine.TestRunner/NUnitExtensions/IAsyncTestAssemblyBuilder.cs - Importer: ScriptedImporter/UnityEditor.QuickSearchModule:UnityEditor.Search:ASIAI0B -> (ImportResultId: 'abb5fa8a5ca0022edeb45f7165a61960') in 0.0016839 seconds
[Worker0] Imported GUID: ffb335140c799c4408411d81789fb05c - Path: Packages/com.unity.test-framework/UnityEngine.TestRunner/Assertions/UnityTestTimeoutException.cs - Importer: ScriptedImporter/UnityEditor.QuickSearchModule:UnityEditor.Search:ASIAI0B -> (ImportResultId: '47250155c2132c0d38033131784c4049') in 0.0016327 seconds
[Worker0] Imported GUID: d1b7ce919aa8864409412e809073cf96 - Path: Packages/com.unity.test-framework/UnityEngine.TestRunner/Utils/PrebuildSetupAttribute.cs - Importer: ScriptedImporter/UnityEditor.QuickSearchModule:UnityEditor.Search:ASIAI0B -> (ImportResultId: '2cdcabc4ae8529b343b335d5261faf03') in 0.0015526 seconds
[Worker0] Imported GUID: 73deb9b8722aa284eab27c4dc90956c6 - Path: Packages/com.unity.test-framework/UnityEngine.TestRunner/TestRunner/TestListenerWrapper.cs - Importer: ScriptedImporter/UnityEditor.QuickSearchModule:UnityEditor.Search:ASIAI0B -> (ImportResultId: '208de26fe8b771151b870c9e1a3d6b1e') in 0.0026798 seconds
[Worker0] Imported GUID: b42e1db66fe9c634798674cb9e1df2ca - Path: Packages/com.unity.test-framework/UnityEngine.TestRunner/NUnitExtensions/ConstructDelegator.cs - Importer: ScriptedImporter/UnityEditor.QuickSearchModule:UnityEditor.Search:ASIAI0B -> (ImportResultId: '914e6d1f6373c2022080474a93868bf6') in 0.0015238 seconds
[Worker0] Imported GUID: a025ba7ee40d0104db8d08b1d9eabb0d - Path: Packages/com.unity.test-framework/UnityEngine.TestRunner/TestRunner/RuntimeTestRunnerFilter.cs - Importer: ScriptedImporter/UnityEditor.QuickSearchModule:UnityEditor.Search:ASIAI0B -> (ImportResultId: 'fafc7228fbad34e1927f76cc2608d5d0') in 0.0015755 seconds
[Worker0] Imported GUID: b9c2a6302985d3846b7b9f6fd9e2da9a - Path: Packages/com.unity.test-framework/UnityEngine.TestRunner/Utils/IOuterUnityTestAction.cs - Importer: ScriptedImporter/UnityEditor.QuickSearchModule:UnityEditor.Search:ASIAI0B -> (ImportResultId: '27e44c998236cb150ad760c0b2c2650a') in 0.0024861 seconds
[Worker0] Imported GUID: 2cc8cb8ea0b84a54b6caf6601d63ece6 - Path: Packages/com.unity.test-framework/UnityEngine.TestRunner/UnityTestProtocol/TestFinishMessage.cs - Importer: ScriptedImporter/UnityEditor.QuickSearchModule:UnityEditor.Search:ASIAI0B -> (ImportResultId: 'b12e5c637193f2e5c088d90efc11898c') in 0.0025958 seconds
[Worker0] Imported GUID: c3a9378562b345c4ac08e605d35c0d93 - Path: Packages/com.unity.test-framework/UnityEngine.TestRunner/UnityTestProtocol/TestState.cs - Importer: ScriptedImporter/UnityEditor.QuickSearchModule:UnityEditor.Search:ASIAI0B -> (ImportResultId: '84c626993e803436523cf44c423340bd') in 0.0015966 seconds
[Worker0] Imported GUID: 6de79ae237e51554da96fd28f68b66a6 - Path: Packages/com.unity.test-framework/UnityEditor.TestRunner/UnityTestProtocol/ITestRunnerApiMapper.cs - Importer: ScriptedImporter/UnityEditor.QuickSearchModule:UnityEditor.Search:ASIAI0B -> (ImportResultId: '7e977dd328e0630c6db9e731324a7464') in 0.0015674 seconds
[Worker0] Imported GUID: 952b3dc7b47846947b37c8d3ae46579a - Path: Packages/com.unity.test-framework/UnityEditor.TestRunner/UnityTestProtocol/IUtpMessageReporter.cs - Importer: ScriptedImporter/UnityEditor.QuickSearchModule:UnityEditor.Search:ASIAI0B -> (ImportResultId: 'f545cc76ba213a722a343b9421439d50') in 0.0015783 seconds
[Worker0] Imported GUID: 3b28913f21577de429da928d6d05219f - Path: Packages/com.unity.test-framework/UnityEngine.TestRunner/Utils/QuaternionEqualityComparer.cs - Importer: ScriptedImporter/UnityEditor.QuickSearchModule:UnityEditor.Search:ASIAI0B -> (ImportResultId: 'afa17ce932ddcf39ef24dbb64f576e38') in 0.0023051 seconds
[Worker0] Imported GUID: 743879b4db4bc1a4b829aae4386f4acf - Path: Packages/com.unity.test-framework/UnityEngine.TestRunner/TestRunner/TestPlatform.cs - Importer: ScriptedImporter/UnityEditor.QuickSearchModule:UnityEditor.Search:ASIAI0B -> (ImportResultId: 'f4056de69989e89db127a28809bcfe28') in 0.0019979 seconds
[Worker0] Imported GUID: 6b32b6725087a0d4bb1670818d26996e - Path: Packages/com.unity.test-framework/UnityEditor.TestRunner/TestSettings/TestSettings.cs - Importer: ScriptedImporter/UnityEditor.QuickSearchModule:UnityEditor.Search:ASIAI0B -> (ImportResultId: '5be3cdff0a486360cd74a262f94c1adc') in 0.0016108 seconds
[Worker0] Imported GUID: 9014630255533ed42915965b4065cde8 - Path: Packages/com.unity.test-framework/UnityEditor.TestRunner/UnityTestProtocol/IUtpLogger.cs - Importer: ScriptedImporter/UnityEditor.QuickSearchModule:UnityEditor.Search:ASIAI0B -> (ImportResultId: 'fd71579f990f4b0d4a1c06d39e1a8d04') in 0.0022902 seconds
[Worker0] Imported GUID: 58ad09607a0d62d458a78d7174665566 - Path: Packages/com.unity.test-framework/UnityEngine.TestRunner/Utils/Vector2EqualityComparer.cs - Importer: ScriptedImporter/UnityEditor.QuickSearchModule:UnityEditor.Search:ASIAI0B -> (ImportResultId: '232d43f8d8c62f3029c3a6aff85b1cb3') in 0.0015814 seconds
[Worker0] Imported GUID: 65701ebe8bada6b4785e9c7afe7f5bee - Path: Packages/com.unity.test-framework/UnityEngine.TestRunner/Utils/Vector2ComparerWithEqualsOperator.cs - Importer: ScriptedImporter/UnityEditor.QuickSearchModule:UnityEditor.Search:ASIAI0B -> (ImportResultId: '285043d2cd4013e0387356aafd7dbf0f') in 0.0023543 seconds
[Worker0] Imported GUID: 76b3a3296de548f48b0c3d088fb4b490 - Path: Packages/com.unity.test-framework/UnityEngine.TestRunner/Utils/TestRunCallbackAttribute.cs - Importer: ScriptedImporter/UnityEditor.QuickSearchModule:UnityEditor.Search:ASIAI0B -> (ImportResultId: '5c6c3b745cada1d1ee010129e74ebb49') in 0.0017129 seconds
[Worker0] Imported GUID: 68f09f0f82599b5448579854e622a4c1 - Path: Packages/com.unity.test-framework/UnityEngine.TestRunner/Utils/TestRunCallbackListener.cs - Importer: ScriptedImporter/UnityEditor.QuickSearchModule:UnityEditor.Search:ASIAI0B -> (ImportResultId: 'dd1d4145bc3e03abe1beb77c8a354a5b') in 0.0016852 seconds
[Worker0] Imported GUID: 32da81683c22faf458026716a2b821aa - Path: Packages/com.unity.test-framework/UnityEngine.TestRunner/Utils/Vector4EqualityComparer.cs - Importer: ScriptedImporter/UnityEditor.QuickSearchModule:UnityEditor.Search:ASIAI0B -> (ImportResultId: 'f5a694bac7943cb3a95f50421968511e') in 0.0028542 seconds
[Worker0] Imported GUID: d1bd8de22dbd64d6ea3e35a46217cb9b - Path: Packages/com.unity.test-framework/UnityEngine.TestRunner/Utils/TestMode.cs - Importer: ScriptedImporter/UnityEditor.QuickSearchModule:UnityEditor.Search:ASIAI0B -> (ImportResultId: '4231e3eaa787010ca674cab1e238185c') in 0.002879 seconds
[Worker0] Imported GUID: 44100f5f60f351348b9719b46d46cebe - Path: Packages/com.unity.test-framework/UnityEngine.TestRunner/Utils/Vector4ComparerWithEqualsOperator.cs - Importer: ScriptedImporter/UnityEditor.QuickSearchModule:UnityEditor.Search:ASIAI0B -> (ImportResultId: 'd265e003be5f16724594eeaf4d589aab') in 0.0022931 seconds
[Worker0] Imported GUID: 9502550ba4785e3499d6c9251fa2114b - Path: Packages/com.unity.test-framework/UnityEngine.TestRunner/Utils/Utils.cs - Importer: ScriptedImporter/UnityEditor.QuickSearchModule:UnityEditor.Search:ASIAI0B -> (ImportResultId: '3cff67cba5e726887fe22760bcd47c9b') in 0.003975 seconds
[Worker0] Imported GUID: 4bd2bc28ff24d5c488844851cb785db0 - Path: Packages/com.unity.test-framework/UnityEngine.TestRunner/Utils/Vector3EqualityComparer.cs - Importer: ScriptedImporter/UnityEditor.QuickSearchModule:UnityEditor.Search:ASIAI0B -> (ImportResultId: '7ae7a2f004ed419b15660cb21a7d1451') in 0.0017173 seconds
[Worker0] Imported GUID: 5b994928117e3db418da69c821da7e19 - Path: Packages/com.unity.test-framework/UnityEngine.TestRunner/Utils/Vector3ComparerWithEqualsOperator.cs - Importer: ScriptedImporter/UnityEditor.QuickSearchModule:UnityEditor.Search:ASIAI0B -> (ImportResultId: '0623c77a1e24cd79ace3148559a4dca6') in 0.0015248 seconds
[Worker0] Imported GUID: 72ae18093c05147e4a680b41d4cd9e6f - Path: Packages/com.unity.test-framework/UnityEngine.TestRunner/Utils/TestData.cs - Importer: ScriptedImporter/UnityEditor.QuickSearchModule:UnityEditor.Search:ASIAI0B -> (ImportResultId: '560f12cdde9b945e9d9bd917684c5e6a') in 0.0031905 seconds
[Worker0] Imported GUID: c2247a4dfeae4607949780b219a7d3c8 - Path: Packages/com.unity.test-framework/UnityEditor.TestRunner/GUI/Controls/ISelectionDropDownContentProvider.cs - Importer: ScriptedImporter/UnityEditor.QuickSearchModule:UnityEditor.Search:ASIAI0B -> (ImportResultId: 'f2901e2a4415f9f49124cbf8da3f6d18') in 0.0020587 seconds
[Worker0] Imported GUID: d31403ec6b334194bdeb4c5ebad64097 - Path: Packages/com.unity.test-framework/UnityEditor.TestRunner/GUI/Controls/FlagEnumContentProvider.cs - Importer: ScriptedImporter/UnityEditor.QuickSearchModule:UnityEditor.Search:ASIAI0B -> (ImportResultId: '1f4e8944a11c29a274be2c59b596c4e2') in 0.0024435 seconds
[Worker0] Imported GUID: f7d5e5417ccd4aa0bfa39228c674f142 - Path: Packages/com.unity.test-framework/UnityEditor.TestRunner/GUI/Controls/SelectableItemContent.cs - Importer: ScriptedImporter/UnityEditor.QuickSearchModule:UnityEditor.Search:ASIAI0B -> (ImportResultId: '76f8d13cf41f3d947b9413a9978bd694') in 0.0017508 seconds
[Worker0] Imported GUID: fb736ed47b6da4b499431bf9c6de5890 - Path: Packages/com.unity.test-framework/UnityEditor.TestRunner/GUI/Controls/MultiValueContentProvider.cs - Importer: ScriptedImporter/UnityEditor.QuickSearchModule:UnityEditor.Search:ASIAI0B -> (ImportResultId: 'f82fba756ce015e0582fa4feae7a5426') in 0.0027046 seconds
[Worker0] Imported GUID: f8f9b43d4e034c2d997f4eb6a0d85a96 - Path: Packages/com.unity.test-framework/UnityEditor.TestRunner/GUI/Controls/SelectionDropDown.cs - Importer: ScriptedImporter/UnityEditor.QuickSearchModule:UnityEditor.Search:ASIAI0B -> (ImportResultId: 'ba91c9c36bf126398eec81900a73407f') in 0.0032341 seconds
[Worker0] Imported GUID: 24a5f331fec74c9aa9e1e5d74b5a9589 - Path: Packages/com.unity.test-framework/UnityEditor.TestRunner/GUI/Controls/BitUtility.cs - Importer: ScriptedImporter/UnityEditor.QuickSearchModule:UnityEditor.Search:ASIAI0B -> (ImportResultId: '5df29a77ec35b71185fd10ec8667379f') in 0.0018608 seconds
[Worker0] Imported GUID: f03c073fcc564ab582ac38999beb4b6d - Path: Packages/com.unity.test-framework/UnityEditor.TestRunner/GUI/TestAssets/CustomScriptAssemblyMappingFinder.cs - Importer: ScriptedImporter/UnityEditor.QuickSearchModule:UnityEditor.Search:ASIAI0B -> (ImportResultId: 'cdec489b24984c0a7c1cb9aba9605274') in 0.0028338 seconds
[Worker0] Imported GUID: dc781c79a6ac490f817bb70a01490d5c - Path: Packages/com.unity.test-framework/UnityEditor.TestRunner/Api/Analytics/RunFinishedData.cs - Importer: ScriptedImporter/UnityEditor.QuickSearchModule:UnityEditor.Search:ASIAI0B -> (ImportResultId: '3e2b66985c73878088932d62e42b9d70') in 0.0028815 seconds
[Worker0] Imported GUID: f5e82966bb8646269e2e46b6ddf2d89f - Path: Packages/com.unity.test-framework/UnityEditor.TestRunner/Api/Analytics/AnalyticsTestCallback.cs - Importer: ScriptedImporter/UnityEditor.QuickSearchModule:UnityEditor.Search:ASIAI0B -> (ImportResultId: '367614cf0d561fce10427d1415ccab9d') in 0.0018095 seconds
[Worker0] Imported GUID: f47c66e80010e4020b6803b930eb432c - Path: Packages/com.unity.test-framework/UnityEditor.TestRunner/GUI/TestAssets/ActiveFolderTemplateAssetCreator.cs - Importer: ScriptedImporter/UnityEditor.QuickSearchModule:UnityEditor.Search:ASIAI0B -> (ImportResultId: 'd6da70bb795794b5b90c6e900decda9d') in 0.0020961 seconds
[Worker0] Imported GUID: 3d92c578e28043ef95d4b703e008be64 - Path: Packages/com.unity.test-framework/UnityEditor.TestRunner/GUI/TestAssets/FolderPathTestCompilationContextProvider.cs - Importer: ScriptedImporter/UnityEditor.QuickSearchModule:UnityEditor.Search:ASIAI0B -> (ImportResultId: '7914c47222055cf19219c764604640a1') in 0.0027523 seconds
[Worker0] Imported GUID: ea6cc55375344f10834cf6fa65197525 - Path: Packages/com.unity.test-framework/UnityEditor.TestRunner/GUI/Controls/FlagEnumUtility.cs - Importer: ScriptedImporter/UnityEditor.QuickSearchModule:UnityEditor.Search:ASIAI0B -> (ImportResultId: '8a84cbdc61c3cf40c5badce37658e559') in 0.0029135 seconds
[Worker0] Imported GUID: 7b076e8f3150431baf926fe9ee030b1e - Path: Packages/com.unity.test-framework/UnityEditor.TestRunner/GUI/Controls/ISelectableItem.cs - Importer: ScriptedImporter/UnityEditor.QuickSearchModule:UnityEditor.Search:ASIAI0B -> (ImportResultId: '97901374ae902000286fc7cf5e33be54') in 0.0035738 seconds
[Worker0] Imported GUID: 697ab794770540d6951f83d62b8fa444 - Path: Packages/com.unity.test-framework/UnityEditor.TestRunner/Api/Analytics/TestTreeData.cs - Importer: ScriptedImporter/UnityEditor.QuickSearchModule:UnityEditor.Search:ASIAI0B -> (ImportResultId: '1b4b4ac1da8f079f470aa2830285b747') in 0.0026187 seconds
[Worker0] Imported GUID: 7348ecf02a70497d9a09bd05ad2038ac - Path: Packages/com.unity.test-framework/UnityEditor.TestRunner/GUI/Controls/GenericItemContentProvider.cs - Importer: ScriptedImporter/UnityEditor.QuickSearchModule:UnityEditor.Search:ASIAI0B -> (ImportResultId: 'd2f28efad36c1189ae8018cac1538733') in 0.0026997 seconds
[Worker0] Imported GUID: a85430cc5a4a4279a992be322de12b29 - Path: Packages/com.unity.test-framework/UnityEditor.TestRunner/Api/Analytics/AnalyticsReporter.cs - Importer: ScriptedImporter/UnityEditor.QuickSearchModule:UnityEditor.Search:ASIAI0B -> (ImportResultId: '8ea0eda95dfe3127030e9657c45735ac') in 0.001632 seconds
[Worker0] Imported GUID: c38ae0585d6a55042a2d678330689685 - Path: Packages/com.unity.test-framework/UnityEditor.TestRunner/TestLaunchers/PlatformSetup/LuminPlatformSetup.cs - Importer: ScriptedImporter/UnityEditor.QuickSearchModule:UnityEditor.Search:ASIAI0B -> (ImportResultId: 'e34bd36301237fcd96906bb90f4b5fd9') in 0.0023583 seconds
[Worker0] Imported GUID: 6d2f47eae5f447748892c46848956d5f - Path: Packages/com.unity.test-framework/UnityEditor.TestRunner/NUnitExtension/Attributes/ITestPlayerBuildModifier.cs - Importer: ScriptedImporter/UnityEditor.QuickSearchModule:UnityEditor.Search:ASIAI0B -> (ImportResultId: '1890fd19f60ae21b78a53146039cf046') in 0.0022033 seconds
[Worker0] Imported GUID: 3b6931522502d68458016e3cadb89f1b - Path: Packages/com.unity.test-framework/UnityEditor.TestRunner/TestRun/Tasks/PostbuildCleanupTask.cs - Importer: ScriptedImporter/UnityEditor.QuickSearchModule:UnityEditor.Search:ASIAI0B -> (ImportResultId: 'f02d3cdff205df683c51b750a8c92872') in 0.0037207 seconds
[Worker0] Imported GUID: b9d121df8c444236a5b38ccfadfdd1a7 - Path: Packages/com.unity.test-framework/UnityEditor.TestRunner/TestLaunchers/Helpers/DelayedCallback.cs - Importer: ScriptedImporter/UnityEditor.QuickSearchModule:UnityEditor.Search:ASIAI0B -> (ImportResultId: 'e2b612179d58db131068cb2d1aabea59') in 0.002445 seconds
[Worker0] Imported GUID: ee6c7dc47e844c3d823b833abbd5f981 - Path: Packages/com.unity.test-framework/UnityEditor.TestRunner/TestRun/Tasks/GenerateContextTask.cs - Importer: ScriptedImporter/UnityEditor.QuickSearchModule:UnityEditor.Search:ASIAI0B -> (ImportResultId: 'f4a8c187ffa4fe4e4f09e167106c9c82') in 0.0015933 seconds
[Worker0] Imported GUID: 961642509dec50b44a293d26240140ec - Path: Packages/com.unity.test-framework/UnityEditor.TestRunner/TestLaunchers/PlatformSetup/AndroidPlatformSetup.cs - Importer: ScriptedImporter/UnityEditor.QuickSearchModule:UnityEditor.Search:ASIAI0B -> (ImportResultId: '8474c4e25eae4fe5da31fbe876124d20') in 0.0016286 seconds
[Worker0] Imported GUID: b8abb41ceb6f62c45a00197ae59224c1 - Path: Packages/com.unity.test-framework/UnityEditor.TestRunner/GUI/Views/TestListGUIBase.cs - Importer: ScriptedImporter/UnityEditor.QuickSearchModule:UnityEditor.Search:ASIAI0B -> (ImportResultId: '5519a3fead90849a439f9785a265effd') in 0.0016637 seconds
[Worker0] Imported GUID: 0cd0deb81d984e58952ccd7e1dd6b2bb - Path: Packages/com.unity.test-framework/UnityEditor.TestRunner/GUI/TestAssets/ICustomScriptAssemblyMappingFinder.cs - Importer: ScriptedImporter/UnityEditor.QuickSearchModule:UnityEditor.Search:ASIAI0B -> (ImportResultId: '59d276bb252f8da96c2586d5cdf334ce') in 0.0016045 seconds
[Worker0] Imported GUID: 2c2dfcbbb77359547bcaa7cdabd47ebb - Path: Packages/com.unity.test-framework/UnityEditor.TestRunner/TestLaunchers/Helpers/PostbuildCleanupAttributeFinder.cs - Importer: ScriptedImporter/UnityEditor.QuickSearchModule:UnityEditor.Search:ASIAI0B -> (ImportResultId: 'c5e69171a42c6e91dbf36842dc8a7147') in 0.0018661 seconds
[Worker0] Imported GUID: 84300802bfca1472f86e2179fa2a8ed7 - Path: Packages/com.unity.test-framework/UnityEditor.TestRunner/TestLaunchers/Helpers/TestFiltering.cs - Importer: ScriptedImporter/UnityEditor.QuickSearchModule:UnityEditor.Search:ASIAI0B -> (ImportResultId: 'a8c2ae9a2050b4105de0c0197b9da8af') in 0.0018637 seconds
[Worker0] Imported GUID: dd57b1176859fc84e93586103d3b5f73 - Path: Packages/com.unity.test-framework/UnityEditor.TestRunner/NUnitExtension/Attributes/TestPlayerBuildModifierAttribute.cs - Importer: ScriptedImporter/UnityEditor.QuickSearchModule:UnityEditor.Search:ASIAI0B -> (ImportResultId: 'c696b24a4e3af4c1bad90afb0e862743') in 0.0016074 seconds
[Worker0] Imported GUID: 4b45f42910304b00a63958173ee2c76f - Path: Packages/com.unity.test-framework/UnityEditor.TestRunner/TestRun/Tasks/EnterPlayModeTask.cs - Importer: ScriptedImporter/UnityEditor.QuickSearchModule:UnityEditor.Search:ASIAI0B -> (ImportResultId: '3a953fa0327ee8b234aaa50e8edff110') in 0.0024967 seconds
[Worker0] Imported GUID: 5640d0c51961421997c9f36f0ec45480 - Path: Packages/com.unity.test-framework/UnityEditor.TestRunner/TestRun/Tasks/BuildNUnitFilterTask.cs - Importer: ScriptedImporter/UnityEditor.QuickSearchModule:UnityEditor.Search:ASIAI0B -> (ImportResultId: '249269fe5383468e297eb48592bc5c6c') in 0.0018245 seconds
[Worker0] Imported GUID: ad7bb166069f8414e9ad26606b305e66 - Path: Packages/com.unity.test-framework/UnityEditor.TestRunner/TestRun/Tasks/FileCleanupVerifierTaskBase.cs - Importer: ScriptedImporter/UnityEditor.QuickSearchModule:UnityEditor.Search:ASIAI0B -> (ImportResultId: 'ec4f88f8456e99344ab81d3b1acd0821') in 0.0020873 seconds
[Worker0] Imported GUID: 1bace19a170f47bb8d19645cfc580796 - Path: Packages/com.unity.test-framework/UnityEditor.TestRunner/GUI/TestAssets/TestScriptAssetsCreator.cs - Importer: ScriptedImporter/UnityEditor.QuickSearchModule:UnityEditor.Search:ASIAI0B -> (ImportResultId: 'b5cb06f32ae19c088d032af88613459b') in 0.0029191 seconds
[Worker0] Imported GUID: 32829ea9e75c475295f73ff867e2f9d0 - Path: Packages/com.unity.test-framework/UnityEditor.TestRunner/GUI/TestAssets/ICustomScriptAssembly.cs - Importer: ScriptedImporter/UnityEditor.QuickSearchModule:UnityEditor.Search:ASIAI0B -> (ImportResultId: '78d02e343ea5c79020f65052d5fd3c9f') in 0.0026085 seconds
[Worker0] Imported GUID: bd3135cd5079e43b383e0e53242ef502 - Path: Packages/com.unity.test-framework/UnityEditor.TestRunner/TestLaunchers/Helpers/PrebuildSetupWithJobDataAttributeFinder.cs - Importer: ScriptedImporter/UnityEditor.QuickSearchModule:UnityEditor.Search:ASIAI0B -> (ImportResultId: '93f76e516dfacc57ae023557e9a13139') in 0.0021985 seconds
[Worker0] Imported GUID: 1c97cd557b334b27bc325649466d1872 - Path: Packages/com.unity.test-framework/UnityEditor.TestRunner/TestRun/Tasks/CleanUpContext.cs - Importer: ScriptedImporter/UnityEditor.QuickSearchModule:UnityEditor.Search:ASIAI0B -> (ImportResultId: 'faccab09c74dd05bc5ea98e96c956c99') in 0.0027589 seconds
[Worker0] Imported GUID: 06e624de88cb4a808350b63994eb39ed - Path: Packages/com.unity.test-framework/UnityEditor.TestRunner/TestRun/Data/TaskMode.cs - Importer: ScriptedImporter/UnityEditor.QuickSearchModule:UnityEditor.Search:ASIAI0B -> (ImportResultId: 'aa009c11488256f8f93134cf69ab790f') in 0.0018475 seconds
[Worker0] Imported GUID: 52c907c81459f324497af504b84fd557 - Path: Packages/com.unity.test-framework/UnityEditor.TestRunner/GUI/TestListTreeView/TestListTreeViewGUI.cs - Importer: ScriptedImporter/UnityEditor.QuickSearchModule:UnityEditor.Search:ASIAI0B -> (ImportResultId: '10ff2d1a884b4669d7a114a402b9a7d1') in 0.0027654 seconds
[Worker0] Imported GUID: a155fee568ce42a4b561ee3a27d88532 - Path: Packages/com.unity.test-framework/UnityEditor.TestRunner/TestRun/Tasks/CleanupConstructDelegatorTask.cs - Importer: ScriptedImporter/UnityEditor.QuickSearchModule:UnityEditor.Search:ASIAI0B -> (ImportResultId: '2f325aac8c01164ea05f49ebf6359a81') in 0.0020287 seconds
[Worker0] Imported GUID: aed7ab02155e43341a2dbcb7bc17c160 - Path: Packages/com.unity.test-framework/UnityEditor.TestRunner/TestLaunchers/PlatformSetup/XboxOnePlatformSetup.cs - Importer: ScriptedImporter/UnityEditor.QuickSearchModule:UnityEditor.Search:ASIAI0B -> (ImportResultId: 'bb94bd5c8e4d50e01822d0489eed5154') in 0.0017159 seconds
[Worker0] Imported GUID: 881a6e4afaf6d1744a7aacea7f268f4c - Path: Packages/com.unity.test-framework/UnityEditor.TestRunner/TestRun/Data/TestProgress.cs - Importer: ScriptedImporter/UnityEditor.QuickSearchModule:UnityEditor.Search:ASIAI0B -> (ImportResultId: 'd4c4bf952bf1e192a804b92142f99306') in 0.0025337 seconds
[Worker0] Imported GUID: adf7bea9401c1834380d55601add6cfb - Path: Packages/com.unity.test-framework/UnityEditor.TestRunner/TestLaunchers/PlatformSetup/SwitchPlatformSetup.cs - Importer: ScriptedImporter/UnityEditor.QuickSearchModule:UnityEditor.Search:ASIAI0B -> (ImportResultId: '8d7f720f8bdba167a154d875bafd115e') in 0.003481 seconds
[Worker0] Imported GUID: 0d2e1e2a782748e6acb8565ad040df60 - Path: Packages/com.unity.test-framework/UnityEditor.TestRunner/TestRun/Data/TaskInfo.cs - Importer: ScriptedImporter/UnityEditor.QuickSearchModule:UnityEditor.Search:ASIAI0B -> (ImportResultId: 'd861c7c59e4d418e6db7a0d972e82553') in 0.0024178 seconds
[Worker0] Imported GUID: 078a3968c1fd87047890f314894a20a1 - Path: Packages/com.unity.test-framework/UnityEditor.TestRunner/TestLaunchers/PlatformSetup/Switch2PlatformSetup.cs - Importer: ScriptedImporter/UnityEditor.QuickSearchModule:UnityEditor.Search:ASIAI0B -> (ImportResultId: '347afd8141dd6acc216fdde9fd0eb884') in 0.0017046 seconds
[Worker0] Imported GUID: 92de9780c7bec4f0f89c7c88a2ec15ed - Path: Packages/com.unity.test-framework/UnityEditor.TestRunner/TestRun/Tasks/FilterTestTreeTask.cs - Importer: ScriptedImporter/UnityEditor.QuickSearchModule:UnityEditor.Search:ASIAI0B -> (ImportResultId: 'ae4da87bcbcdd06b441a43f0305c01b0') in 0.0015193 seconds
[Worker0] Imported GUID: a0288e1c9324e824bab7e2044a72a434 - Path: Packages/com.unity.test-framework/UnityEditor.TestRunner/TestRun/Tasks/BuildTestTreeTask.cs - Importer: ScriptedImporter/UnityEditor.QuickSearchModule:UnityEditor.Search:ASIAI0B -> (ImportResultId: 'f2cb447b2e02e85f2c6f6aa9fcd61e9f') in 0.002584 seconds
[Worker0] Imported GUID: ce87c287371edde43a4b5fcfdee7b9ef - Path: Packages/com.unity.test-framework/UnityEditor.TestRunner/GUI/TestListTreeView/TestListTreeViewDataSource.cs - Importer: ScriptedImporter/UnityEditor.QuickSearchModule:UnityEditor.Search:ASIAI0B -> (ImportResultId: 'b17a5aaaf7f66e84f5ed4c6705522a01') in 0.0023921 seconds
[Worker0] Imported GUID: b88caca58e05ee74486d86fb404c48e2 - Path: Packages/com.unity.test-framework/UnityEditor.TestRunner/NUnitExtension/Attributes/AssetPipelineIgnore.cs - Importer: ScriptedImporter/UnityEditor.QuickSearchModule:UnityEditor.Search:ASIAI0B -> (ImportResultId: 'a12d6ff25db2f0c690dbda6ad3dec75a') in 0.0017477 seconds
[Worker0] Imported GUID: e17c88b021c2a4c409b3f15b0d80ac62 - Path: Packages/com.unity.test-framework/UnityEditor.TestRunner/GUI/TestListBuilder/TestTreeViewBuilder.cs - Importer: ScriptedImporter/UnityEditor.QuickSearchModule:UnityEditor.Search:ASIAI0B -> (ImportResultId: '9a7f14a963f11bba17b4fe83f4a4dcf6') in 0.0016488 seconds
[Worker0] Imported GUID: fb1abebffd37bd4458c84e15a5d7ab04 - Path: Packages/com.unity.test-framework/UnityEditor.TestRunner/TestRun/Tasks/PerformUndoTask.cs - Importer: ScriptedImporter/UnityEditor.QuickSearchModule:UnityEditor.Search:ASIAI0B -> (ImportResultId: 'ee655a53a426d56ab1a92b5f96040d0d') in 0.0024599 seconds
[Worker0] Imported GUID: 3c4ccfb0896bcf44da13e152b267aa49 - Path: Packages/com.unity.test-framework/UnityEditor.TestRunner/TestLaunchers/Helpers/PrebuildSetupAttributeFinder.cs - Importer: ScriptedImporter/UnityEditor.QuickSearchModule:UnityEditor.Search:ASIAI0B -> (ImportResultId: '9dece058d4e14e7f650a70fb5310f5ce') in 0.0017058 seconds
[Worker0] Imported GUID: e7f72702c2f04b999739380ef9c0de5f - Path: Packages/com.unity.test-framework/UnityEditor.TestRunner/GUI/TestAssets/ITestScriptAssetsCreator.cs - Importer: ScriptedImporter/UnityEditor.QuickSearchModule:UnityEditor.Search:ASIAI0B -> (ImportResultId: 'e8449ac8ab573ddd6692a937da1cb10b') in 0.0025993 seconds
[Worker0] Imported GUID: 465c1d388f96ba143b216a9bbef88340 - Path: Packages/com.unity.test-framework/UnityEditor.TestRunner/TestLaunchers/PlatformSetup/GameCorePlatformSetup.cs - Importer: ScriptedImporter/UnityEditor.QuickSearchModule:UnityEditor.Search:ASIAI0B -> (ImportResultId: '301d14d5f59bcda01088169f077101a1') in 0.0028254 seconds
[Worker0] Imported GUID: 19bb2cdbf1454aae9b90c628fb83ad9b - Path: Packages/com.unity.test-framework/UnityEditor.TestRunner/TestRun/Data/RunProgress.cs - Importer: ScriptedImporter/UnityEditor.QuickSearchModule:UnityEditor.Search:ASIAI0B -> (ImportResultId: '959e96bcfa75a3212b1cf171f8577628') in 0.0029848 seconds
[Worker0] Imported GUID: f6c189a159d3bde4c964cee562e508ea - Path: Packages/com.unity.test-framework/UnityEditor.TestRunner/TestLaunchers/PlatformSetup/ApplePlatformSetup.cs - Importer: ScriptedImporter/UnityEditor.QuickSearchModule:UnityEditor.Search:ASIAI0B -> (ImportResultId: 'f1d6122f1757e3ab36fe8910526b4125') in 0.0024316 seconds
[Worker0] Imported GUID: 667c6ad86a0b7a548aaa5c287f2c2861 - Path: Packages/com.unity.test-framework/UnityEditor.TestRunner/TestLaunchers/PlatformSetup/UwpPlatformSetup.cs - Importer: ScriptedImporter/UnityEditor.QuickSearchModule:UnityEditor.Search:ASIAI0B -> (ImportResultId: 'baa730f0250fe963ad66e12772e91afc') in 0.0022791 seconds
[Worker0] Imported GUID: 6cccd50ebf7384242bda4d7bcb282ebf - Path: Packages/com.unity.test-framework/UnityEditor.TestRunner/TestLaunchers/PlatformSetup/PlatformSpecificSetup.cs - Importer: ScriptedImporter/UnityEditor.QuickSearchModule:UnityEditor.Search:ASIAI0B -> (ImportResultId: 'c4bbc3bd145eaec48638852e8987df11') in 0.0017211 seconds
[Worker0] Imported GUID: b4246555189b5ee43b4857220f9fd29b - Path: Packages/com.unity.test-framework/UnityEditor.TestRunner/TestRun/Tasks/EditModeRunTask.cs - Importer: ScriptedImporter/UnityEditor.QuickSearchModule:UnityEditor.Search:ASIAI0B -> (ImportResultId: '53c9f277346a5cfa8a94628cf856ed47') in 0.0023689 seconds
[Worker0] Imported GUID: 3c702cb84a2a4576bf275a76bc17f8e8 - Path: Packages/com.unity.test-framework/UnityEditor.TestRunner/GUI/TestAssets/TestScriptAssetMenuItems.cs - Importer: ScriptedImporter/UnityEditor.QuickSearchModule:UnityEditor.Search:ASIAI0B -> (ImportResultId: '90e6aaedcb8ddae3cef4c00381847963') in 0.0024542 seconds
[Worker0] Imported GUID: 5842bd968af34a328bb5a3f3c78db54a - Path: Packages/com.unity.test-framework/UnityEditor.TestRunner/TestRun/Tasks/ExitPlayModeTask.cs - Importer: ScriptedImporter/UnityEditor.QuickSearchModule:UnityEditor.Search:ASIAI0B -> (ImportResultId: 'e845a782695914c12145bc0a13bf7443') in 0.0028005 seconds
[Worker0] Imported GUID: 822fa0a65be2467b95721422157c93f0 - Path: Packages/com.unity.test-framework/UnityEditor.TestRunner/TestRun/Tasks/CleanupTestControllerTask.cs - Importer: ScriptedImporter/UnityEditor.QuickSearchModule:UnityEditor.Search:ASIAI0B -> (ImportResultId: '1a2cfa4539cfe96a510ab6b48ad303f2') in 0.0025709 seconds
[Worker0] Imported GUID: c2441d353f9c42a44af6e224e4901b52 - Path: Packages/com.unity.test-framework/UnityEditor.TestRunner/TestRun/Tasks/BuildActionTaskBase.cs - Importer: ScriptedImporter/UnityEditor.QuickSearchModule:UnityEditor.Search:ASIAI0B -> (ImportResultId: 'a66ae742a8f2c6e6be2c8e4b308e2a57') in 0.0023262 seconds
[Worker0] Imported GUID: 5d4de3d4682a8d641907cc75e4fb950e - Path: Packages/com.unity.test-framework/UnityEditor.TestRunner/TestLaunchers/Helpers/AttributeFinderBase.cs - Importer: ScriptedImporter/UnityEditor.QuickSearchModule:UnityEditor.Search:ASIAI0B -> (ImportResultId: '7253ff4dd185bf709426b869e5d28bd1') in 0.0022577 seconds
[Worker0] Imported GUID: 80ac8f5b2a7fa904dbc80111be88c8be - Path: Packages/com.unity.test-framework/UnityEditor.TestRunner/TestRun/Data/TestJobData.cs - Importer: ScriptedImporter/UnityEditor.QuickSearchModule:UnityEditor.Search:ASIAI0B -> (ImportResultId: '80ea3a2460954313e1897aed7372eeec') in 0.0030944 seconds
[Worker0] Imported GUID: 83d2df796f82ab847a190a706f00d6eb - Path: Packages/com.unity.test-framework/UnityEditor.TestRunner/TestRun/Tasks/InitializeTestProgressTask.cs - Importer: ScriptedImporter/UnityEditor.QuickSearchModule:UnityEditor.Search:ASIAI0B -> (ImportResultId: '323eef5e6e12c803760a475f35ecc947') in 0.0017016 seconds
[Worker0] Imported GUID: e5f4a89476c1448abc7e0a9719b13b36 - Path: Packages/com.unity.test-framework/UnityEditor.TestRunner/GUI/TestAssets/IFolderPathTestCompilationContextProvider.cs - Importer: ScriptedImporter/UnityEditor.QuickSearchModule:UnityEditor.Search:ASIAI0B -> (ImportResultId: 'e2ebaa9bc719deef8f6a09eb43f3f411') in 0.0024745 seconds
[Worker0] Imported GUID: 4400cdda235b4ea48b9078953ffc8e89 - Path: Packages/com.unity.test-framework/UnityEditor.TestRunner/TestRun/Tasks/CreateBootstrapSceneTask.cs - Importer: ScriptedImporter/UnityEditor.QuickSearchModule:UnityEditor.Search:ASIAI0B -> (ImportResultId: '630c7941ee1b4d8d90c1a7f1e5e10132') in 0.0024052 seconds
[Worker0] Imported GUID: 13b82b28a28254683a40756c27493b61 - Path: Packages/com.unity.test-framework/UnityEditor.TestRunner/TestLaunchers/Helpers/PostbuildCleanupWithJobDataAttributeFinder.cs - Importer: ScriptedImporter/UnityEditor.QuickSearchModule:UnityEditor.Search:ASIAI0B -> (ImportResultId: '2b227ed394b61316fffd7fed8d18b4df') in 0.0016978 seconds
[Worker0] Imported GUID: 1a9f3fcee3bd2334593373b00d7b5ca2 - Path: Packages/com.unity.test-framework/UnityEditor.TestRunner/TestRun/Tasks/EnableTestOutLoggerTask.cs - Importer: ScriptedImporter/UnityEditor.QuickSearchModule:UnityEditor.Search:ASIAI0B -> (ImportResultId: 'b54af4e2eb73f558b5465a16e47396ee') in 0.0019931 seconds
[Worker0] Imported GUID: fa19b42bd3dc35e40a618448bd330270 - Path: Packages/com.unity.test-framework/UnityEditor.TestRunner/TestLaunchers/PlatformSetup/StadiaPlatformSetup.cs - Importer: ScriptedImporter/UnityEditor.QuickSearchModule:UnityEditor.Search:ASIAI0B -> (ImportResultId: 'eba35cdddc68de4625760389be90baba') in 0.0020262 seconds
[Worker0] Imported GUID: 2a0bd678385f98e4d8eabdfc07d62b4f - Path: Packages/com.unity.test-framework/UnityEditor.TestRunner/TestLaunchers/Helpers/PlayerLauncherBuildOptions.cs - Importer: ScriptedImporter/UnityEditor.QuickSearchModule:UnityEditor.Search:ASIAI0B -> (ImportResultId: '898c0861c093d9e54aeb104941bbfe4e') in 0.0016355 seconds
[Worker0] Imported GUID: 409ee14a63784dc0ab5d002081211814 - Path: Packages/com.unity.test-framework/UnityEditor.TestRunner/GUI/TestAssets/IActiveFolderTemplateAssetCreator.cs - Importer: ScriptedImporter/UnityEditor.QuickSearchModule:UnityEditor.Search:ASIAI0B -> (ImportResultId: '8cbcef8ef4af11e51ed7b532e289a7f9') in 0.0024397 seconds
[Worker0] Imported GUID: ce567ddbf30368344bc7b80e20cac36e - Path: Packages/com.unity.test-framework/UnityEditor.TestRunner/GUI/TestListTreeView/TestTreeViewItem.cs - Importer: ScriptedImporter/UnityEditor.QuickSearchModule:UnityEditor.Search:ASIAI0B -> (ImportResultId: 'a2317b8c26970064f474af4011a209b1') in 0.0021752 seconds
[Worker0] Imported GUID: 27769e9b00b038d47aefe306a4d20bec - Path: Packages/com.unity.test-framework/UnityEditor.TestRunner/GUI/TestListTreeView/Icons.cs - Importer: ScriptedImporter/UnityEditor.QuickSearchModule:UnityEditor.Search:ASIAI0B -> (ImportResultId: '6e5e4eded0e453a487d9bb560af5ba15') in 0.0022776 seconds
[Worker0] Imported GUID: 9d614808f9add8a4f8e4860db2c7af0d - Path: Packages/com.unity.test-framework/UnityEditor.TestRunner/TestLaunchers/PlatformSetup/IPlatformSetup.cs - Importer: ScriptedImporter/UnityEditor.QuickSearchModule:UnityEditor.Search:ASIAI0B -> (ImportResultId: 'c92815c10cc4aaa6957378e9a7c2d8fa') in 0.0024061 seconds
[Worker0] Imported GUID: 6465fa5b49fc4c739059189aca21f391 - Path: Packages/com.unity.test-framework/UnityEditor.TestRunner/TestRun/Tasks/DeleteBootstrapSceneTask.cs - Importer: ScriptedImporter/UnityEditor.QuickSearchModule:UnityEditor.Search:ASIAI0B -> (ImportResultId: '919bf6646940e06c15dc73fb0b6dcc1f') in 0.0016383 seconds
[Worker0] Imported GUID: 93eb6389f4fb6924987867ce0bc339ee - Path: Packages/com.unity.test-framework/UnityEditor.TestRunner/TestRun/Tasks/CleanupVerificationTask.cs - Importer: ScriptedImporter/UnityEditor.QuickSearchModule:UnityEditor.Search:ASIAI0B -> (ImportResultId: '5486e2160b638814ee0dea74759eeac1') in 0.0024156 seconds
[Worker0] Imported GUID: b93fe5bbea454ae438fcec241c5fa85b - Path: Packages/com.unity.test-framework/UnityEditor.TestRunner/TestRun/Tasks/LegacyPlayerRunTask.cs - Importer: ScriptedImporter/UnityEditor.QuickSearchModule:UnityEditor.Search:ASIAI0B -> (ImportResultId: '70db87c1d8c223efa1a95039da427a0c') in 0.0023489 seconds
[Worker0] Imported GUID: 4769fe1e7475c8843b092338acbcad25 - Path: Packages/com.unity.test-framework/UnityEditor.TestRunner/TestRun/Tasks/PlayModeRunTask.cs - Importer: ScriptedImporter/UnityEditor.QuickSearchModule:UnityEditor.Search:ASIAI0B -> (ImportResultId: '75a97b735c1dd9910462c225d214b895') in 0.0024154 seconds
[Worker0] Imported GUID: aa0bb8f0cb98b43a586f75ce4b79c576 - Path: Packages/com.unity.test-framework/UnityEditor.TestRunner/TestRun/Tasks/PostbuildCleanupWithTestDataTask.cs - Importer: ScriptedImporter/UnityEditor.QuickSearchModule:UnityEditor.Search:ASIAI0B -> (ImportResultId: '5d2559add11ee9b78654cabcc532a2c2') in 0.0024461 seconds
[Worker0] Imported GUID: 759855a435cd4b22ade51836cc8b00d6 - Path: Packages/com.unity.test-framework/UnityEditor.TestRunner/TestLaunchers/Helpers/FilePathMetaInfo.cs - Importer: ScriptedImporter/UnityEditor.QuickSearchModule:UnityEditor.Search:ASIAI0B -> (ImportResultId: 'f7d52f15c8374c571c15f82e0c7e96d0') in 0.0025831 seconds
[Worker0] Imported GUID: 23383565f01f46dfa583710e5108e443 - Path: Packages/com.unity.test-framework/UnityEditor.TestRunner/TestRun/Tasks/MarkRunAsPlayModeTask.cs - Importer: ScriptedImporter/UnityEditor.QuickSearchModule:UnityEditor.Search:ASIAI0B -> (ImportResultId: 'b896015a730f52e25641d6d0e0bffba1') in 0.0016347 seconds
[Worker0] Imported GUID: 3936a208997f4266b0b2d48aaca1e904 - Path: Packages/com.unity.test-framework/UnityEditor.TestRunner/UnityTestProtocol/Messages/ScreenSettingsMessage.cs - Importer: ScriptedImporter/UnityEditor.QuickSearchModule:UnityEditor.Search:ASIAI0B -> (ImportResultId: 'b6706318359edc54657216ddb985737a') in 0.0018111 seconds
[Worker0] Imported GUID: 2a616b371596515498e05300b6598c6a - Path: Packages/com.unity.test-framework/UnityEngine.TestRunner/NUnitExtensions/Attributes/UnityOneTimeTearDownAttribute.cs - Importer: ScriptedImporter/UnityEditor.QuickSearchModule:UnityEditor.Search:ASIAI0B -> (ImportResultId: 'c6d69b60d9ada6ed8f02c5075d58340f') in 0.0024331 seconds
[Worker0] Imported GUID: 750aad009559b814dbc27001341fc1c3 - Path: Packages/com.unity.test-framework/UnityEngine.TestRunner/NUnitExtensions/Attributes/TestEnumerator.cs - Importer: ScriptedImporter/UnityEditor.QuickSearchModule:UnityEditor.Search:ASIAI0B -> (ImportResultId: 'df9960f638858486ea9acf528874ccc6') in 0.0018447 seconds
[Worker0] Imported GUID: cc0ce06a7515c044bb8db4c75db84114 - Path: Packages/com.unity.test-framework/UnityEditor.TestRunner/TestRun/Tasks/SaveUndoIndexTask.cs - Importer: ScriptedImporter/UnityEditor.QuickSearchModule:UnityEditor.Search:ASIAI0B -> (ImportResultId: '41f664b8e7f810d50efc18f987c1850f') in 0.0039521 seconds
[Worker0] Imported GUID: c82a8473f4a8f7b42a004c91e06d2f2b - Path: Packages/com.unity.test-framework/UnityEngine.TestRunner/NUnitExtensions/Attributes/ConditionalIgnoreAttribute.cs - Importer: ScriptedImporter/UnityEditor.QuickSearchModule:UnityEditor.Search:ASIAI0B -> (ImportResultId: '01f0013c249718f98d8dee0bfe974465') in 0.0021866 seconds
[Worker0] Imported GUID: 528c8790cf844716aead80624be893aa - Path: Packages/com.unity.test-framework/UnityEngine.TestRunner/NUnitExtensions/Attributes/PreservedValuesAttribute.cs - Importer: ScriptedImporter/UnityEditor.QuickSearchModule:UnityEditor.Search:ASIAI0B -> (ImportResultId: '9551cda9faa346ce9e2b245ec5c606b0') in 0.0022816 seconds
[Worker0] Imported GUID: 3710fe6aef52449b9c9bbf0b17ae6960 - Path: Packages/com.unity.test-framework/UnityEditor.TestRunner/TestRun/Tasks/SetInteractionModeTask.cs - Importer: ScriptedImporter/UnityEditor.QuickSearchModule:UnityEditor.Search:ASIAI0B -> (ImportResultId: 'df856d7d41fd2844d63e8fc5eca5fb10') in 0.0017414 seconds
[Worker0] Imported GUID: 423fe2ef878fa1140a7e1f7f9e365815 - Path: Packages/com.unity.test-framework/UnityEditor.TestRunner/UnityTestProtocol/Messages/TestFinishedMessage.cs - Importer: ScriptedImporter/UnityEditor.QuickSearchModule:UnityEditor.Search:ASIAI0B -> (ImportResultId: 'aa9b2117160fab545743b7513fe66a51') in 0.0024006 seconds
[Worker0] Imported GUID: 9f33b8e923ff41deaa73bc2c1f90d9a1 - Path: Packages/com.unity.test-framework/UnityEditor.TestRunner/UnityTestProtocol/Messages/PlayerSystemInfoMessage.cs - Importer: ScriptedImporter/UnityEditor.QuickSearchModule:UnityEditor.Search:ASIAI0B -> (ImportResultId: 'ebeb7191a199677c528ea054f47950b2') in 0.0015366 seconds
[Worker0] Imported GUID: 28c8fcb831e6e734a9f564bc4f495eba - Path: Packages/com.unity.test-framework/UnityEditor.TestRunner/TestRunner/Utils/IEditorCompilationInterfaceProxy.cs - Importer: ScriptedImporter/UnityEditor.QuickSearchModule:UnityEditor.Search:ASIAI0B -> (ImportResultId: '3b4630bf9ff2d3147d949804e08aa81f') in 0.0015545 seconds
[Worker0] Imported GUID: bd3e81baa10021f4d877fa36382bab16 - Path: Packages/com.unity.test-framework/UnityEditor.TestRunner/UnityTestProtocol/Messages/TestStartedMessage.cs - Importer: ScriptedImporter/UnityEditor.QuickSearchModule:UnityEditor.Search:ASIAI0B -> (ImportResultId: '23e27332e2ddf553fc999a0ba6061170') in 0.0023806 seconds
[Worker0] Imported GUID: cc6401f13df54ba44bfd7cdc93c7d64d - Path: Packages/com.unity.test-framework/UnityEngine.TestRunner/NUnitExtensions/Attributes/UnitySetUpAttribute.cs - Importer: ScriptedImporter/UnityEditor.QuickSearchModule:UnityEditor.Search:ASIAI0B -> (ImportResultId: '14ffd9a222ca465ea51b152ef167d9b3') in 0.0014856 seconds
[Worker0] Imported GUID: b1694e597ba745169b292914291c136b - Path: Packages/com.unity.test-framework/UnityEditor.TestRunner/TestRun/Tasks/PreparePlayModeRunTask.cs - Importer: ScriptedImporter/UnityEditor.QuickSearchModule:UnityEditor.Search:ASIAI0B -> (ImportResultId: '217cc69867441453dbda440ecba55a53') in 0.0014167 seconds
[Worker0] Imported GUID: ff0aad009559b814ffc27001341fc1c3 - Path: Packages/com.unity.test-framework/UnityEngine.TestRunner/NUnitExtensions/Attributes/EnumeratorHelper.cs - Importer: ScriptedImporter/UnityEditor.QuickSearchModule:UnityEditor.Search:ASIAI0B -> (ImportResultId: '19b3a06d5d5a3fcd2e41ff0ab5df941b') in 0.0017523 seconds
[Worker0] Imported GUID: aa5e75ed0aae4030a1720d08f7a5322e - Path: Packages/com.unity.test-framework/UnityEditor.TestRunner/UnityTestProtocol/Messages/PlayerSettingsMessage.cs - Importer: ScriptedImporter/UnityEditor.QuickSearchModule:UnityEditor.Search:ASIAI0B -> (ImportResultId: '0191f1c47fe31f041aaaf26e87b3850f') in 0.0025807 seconds
[Worker0] Imported GUID: 9945ffed4692c6044b6d3acf81efd694 - Path: Packages/com.unity.test-framework/UnityEngine.TestRunner/Assertions/LogScope/LogMatch.cs - Importer: ScriptedImporter/UnityEditor.QuickSearchModule:UnityEditor.Search:ASIAI0B -> (ImportResultId: '362c12773babbc4f88824e599add4748') in 0.0015863 seconds
[Worker0] Imported GUID: 98808b11e78f6c84a841a6b4bc5a29d2 - Path: Packages/com.unity.test-framework/UnityEditor.TestRunner/TestRunner/Utils/IEditorAssembliesProxy.cs - Importer: ScriptedImporter/UnityEditor.QuickSearchModule:UnityEditor.Search:ASIAI0B -> (ImportResultId: 'ec349e821cdfe3799af53a3c7829b455') in 0.0023007 seconds
[Worker0] Imported GUID: a398fde47a0349a40a9bdf8988c392c9 - Path: Packages/com.unity.test-framework/UnityEditor.TestRunner/TestRun/Tasks/RegisterFilesForCleanupVerificationTask.cs - Importer: ScriptedImporter/UnityEditor.QuickSearchModule:UnityEditor.Search:ASIAI0B -> (ImportResultId: 'bf7e93a12260bad354b3d75d4ebc6bf6') in 0.0023357 seconds
[Worker0] Imported GUID: 4bbc17b35884fdf468e4b52ae4222882 - Path: Packages/com.unity.test-framework/UnityEngine.TestRunner/Assertions/LogScope/LogScope.cs - Importer: ScriptedImporter/UnityEditor.QuickSearchModule:UnityEditor.Search:ASIAI0B -> (ImportResultId: '2644a1319b50f12bad480db576201380') in 0.0033952 seconds
[Worker0] Imported GUID: 5db0e0c612cd489a89d330acbc4ac585 - Path: Packages/com.unity.test-framework/UnityEditor.TestRunner/TestRun/Tasks/ResetInteractionModeTask.cs - Importer: ScriptedImporter/UnityEditor.QuickSearchModule:UnityEditor.Search:ASIAI0B -> (ImportResultId: '2b3ac99834fb0c97d9a42ba8473ec26b') in 0.0022892 seconds
[Worker0] Imported GUID: 82075836be5e0c64bbe84e1f9436682e - Path: Packages/com.unity.test-framework/UnityEditor.TestRunner/TestRunner/Callbacks/WindowResultUpdaterDataHolder.cs - Importer: ScriptedImporter/UnityEditor.QuickSearchModule:UnityEditor.Search:ASIAI0B -> (ImportResultId: '25f85976d2ea8e57921e142471b30b5a') in 0.0023152 seconds
[Worker0] Imported GUID: 25d1ed297163243c4a20d6321d057844 - Path: Packages/com.unity.test-framework/UnityEditor.TestRunner/TestRun/Tasks/PrebuildSetupWithTestDataTask.cs - Importer: ScriptedImporter/UnityEditor.QuickSearchModule:UnityEditor.Search:ASIAI0B -> (ImportResultId: 'f901137bdd08f482285507a5582fff7b') in 0.0015737 seconds
[Worker0] Imported GUID: 3504aa04cda851b44a65973f9aead6f7 - Path: Packages/com.unity.test-framework/UnityEngine.TestRunner/Assertions/LogScope/ILogScope.cs - Importer: ScriptedImporter/UnityEditor.QuickSearchModule:UnityEditor.Search:ASIAI0B -> (ImportResultId: '6110f301cf19f4938df23dbf6b7d6491') in 0.0022409 seconds
[Worker0] Imported GUID: 9729063e08c4a4e438070c8319aff5f5 - Path: Packages/com.unity.test-framework/UnityEditor.TestRunner/TestRun/Tasks/UnlockReloadAssembliesTask.cs - Importer: ScriptedImporter/UnityEditor.QuickSearchModule:UnityEditor.Search:ASIAI0B -> (ImportResultId: 'dc612e357d9dd9461b872e0f702cc1bf') in 0.0026394 seconds
[Worker0] Imported GUID: f1b6399349763114d9361bc6dfcd025b - Path: Packages/com.unity.test-framework/UnityEditor.TestRunner/TestRunner/Utils/TestListCacheData.cs - Importer: ScriptedImporter/UnityEditor.QuickSearchModule:UnityEditor.Search:ASIAI0B -> (ImportResultId: '4564bd41b5e5e9978d2fd77c38e1dd73') in 0.0034228 seconds
[Worker0] Imported GUID: 3b3dcba2081245eb916aee8fd3459fc8 - Path: Packages/com.unity.test-framework/UnityEditor.TestRunner/UnityTestProtocol/Messages/BuildSettingsMessage.cs - Importer: ScriptedImporter/UnityEditor.QuickSearchModule:UnityEditor.Search:ASIAI0B -> (ImportResultId: '9416094f7e07533aa826b9b7f840a43e') in 0.0023601 seconds
[Worker0] Imported GUID: e9c53c5109a7498ca4408e53f2593b1a - Path: Packages/com.unity.test-framework/UnityEngine.TestRunner/NUnitExtensions/Attributes/ParametrizedIgnoreAttribute.cs - Importer: ScriptedImporter/UnityEditor.QuickSearchModule:UnityEditor.Search:ASIAI0B -> (ImportResultId: '63f8b9b4cc8c9d783b45b9f56bdf6f99') in 0.0015784 seconds
[Worker0] Imported GUID: 7af6ac3e6b51b8d4aab04adc85b8de2f - Path: Packages/com.unity.test-framework/UnityEngine.TestRunner/NUnitExtensions/Attributes/UnityCombinatorialStrategy.cs - Importer: ScriptedImporter/UnityEditor.QuickSearchModule:UnityEditor.Search:ASIAI0B -> (ImportResultId: 'd401df185de3108b5d96141c66fb9344') in 0.0013975 seconds
[Worker0] Imported GUID: 7b9e2c4a8f1d6b3e5a0c8d2f4e6b1a9c - Path: Packages/com.unity.test-framework/UnityEngine.TestRunner/NUnitExtensions/Attributes/PlayModeTestsAttribute.cs - Importer: ScriptedImporter/UnityEditor.QuickSearchModule:UnityEditor.Search:ASIAI0B -> (ImportResultId: 'becc01128394ec0d55fe51c739a33701') in 0.0026688 seconds
[Worker0] Imported GUID: 6d468ee3657be7a43a2ef2178ec14239 - Path: Packages/com.unity.test-framework/UnityEditor.TestRunner/TestRunner/Callbacks/WindowResultUpdater.cs - Importer: ScriptedImporter/UnityEditor.QuickSearchModule:UnityEditor.Search:ASIAI0B -> (ImportResultId: '8d0ab7f012f90893b20c245b8031d900') in 0.0027687 seconds
[Worker0] Imported GUID: 408674d91d506a54aac9a7f07951c018 - Path: Packages/com.unity.test-framework/UnityEditor.TestRunner/TestRunner/Messages/ExitPlayMode.cs - Importer: ScriptedImporter/UnityEditor.QuickSearchModule:UnityEditor.Search:ASIAI0B -> (ImportResultId: '3b18e44a48b811d0a9b36581667f140d') in 0.0022899 seconds
[Worker0] Imported GUID: fc039194235714f48a39bd364885e744 - Path: Packages/com.unity.test-framework/UnityEditor.TestRunner/TestRun/Tasks/PrebuildSetupTask.cs - Importer: ScriptedImporter/UnityEditor.QuickSearchModule:UnityEditor.Search:ASIAI0B -> (ImportResultId: 'ee97888905500699f56ce0068751af17') in 0.0017439 seconds
[Worker0] Imported GUID: c9b23632c77de204abfe8bf7168d48c0 - Path: Packages/com.unity.test-framework/UnityEditor.TestRunner/TestRunner/Utils/EditorCompilationInterfaceProxy.cs - Importer: ScriptedImporter/UnityEditor.QuickSearchModule:UnityEditor.Search:ASIAI0B -> (ImportResultId: '5bd924e993f95c6d931352ced8b8b8f5') in 0.0015848 seconds
[Worker0] Imported GUID: 5df3c21c5237c994db89660fbdfee07d - Path: Packages/com.unity.test-framework/UnityEditor.TestRunner/TestRunner/Messages/WaitForDomainReload.cs - Importer: ScriptedImporter/UnityEditor.QuickSearchModule:UnityEditor.Search:ASIAI0B -> (ImportResultId: '644a1bd4e764e2d5429fed592556aee4') in 0.001587 seconds
[Worker0] Imported GUID: d685d97a1eb004f49afea0cc982ff728 - Path: Packages/com.unity.test-framework/UnityEditor.TestRunner/TestRunner/Utils/TestListCache.cs - Importer: ScriptedImporter/UnityEditor.QuickSearchModule:UnityEditor.Search:ASIAI0B -> (ImportResultId: 'a59384ede804845be0280d829941265e') in 0.001875 seconds
[Worker0] Imported GUID: 02ef7627f46742ae83071af8bf22f1af - Path: Packages/com.unity.test-framework/UnityEditor.TestRunner/UnityTestProtocol/Messages/EditorVersionMessage.cs - Importer: ScriptedImporter/UnityEditor.QuickSearchModule:UnityEditor.Search:ASIAI0B -> (ImportResultId: '14bff276a3f1b40c060f0f0f100d1b0f') in 0.0015801 seconds
[Worker0] Imported GUID: dec9066d4afefe444be0dad3f137730d - Path: Packages/com.unity.test-framework/UnityEditor.TestRunner/TestRunner/Utils/TestListJob.cs - Importer: ScriptedImporter/UnityEditor.QuickSearchModule:UnityEditor.Search:ASIAI0B -> (ImportResultId: 'f4ffb84b9eeb9f1202d6bf81aa4d3d99') in 0.0018904 seconds
[Worker0] Imported GUID: 002201b186864f54ba07f1b2d7841fc7 - Path: Packages/com.unity.test-framework/UnityEngine.TestRunner/NUnitExtensions/Attributes/UnityCoreClrExplicitDisabledAttribute.cs - Importer: ScriptedImporter/UnityEditor.QuickSearchModule:UnityEditor.Search:ASIAI0B -> (ImportResultId: 'dd4df36527fc2b9166393e59b4425290') in 0.0025613 seconds
[Worker0] Imported GUID: d52ad1cdc75642419ac24e88b43a3821 - Path: Packages/com.unity.test-framework/UnityEditor.TestRunner/UnityTestProtocol/Data/PlayerSettings.cs - Importer: ScriptedImporter/UnityEditor.QuickSearchModule:UnityEditor.Search:ASIAI0B -> (ImportResultId: 'd7ac006258354ad42ff9fc635824c2b5') in 0.0025006 seconds
[Worker0] Imported GUID: 3803f736886e77842995ddbc3531afaa - Path: Packages/com.unity.test-framework/UnityEngine.TestRunner/NUnitExtensions/Attributes/TestMustExpectAllLogsAttribute.cs - Importer: ScriptedImporter/UnityEditor.QuickSearchModule:UnityEditor.Search:ASIAI0B -> (ImportResultId: '3c36dd45e5f13fd58cc1a55501c283bb') in 0.0016525 seconds
[Worker0] Imported GUID: 01aa6c4633a44c2ca43e69d35747cb80 - Path: Packages/com.unity.test-framework/UnityEditor.TestRunner/TestRun/Tasks/SetupConstructDelegatorTask.cs - Importer: ScriptedImporter/UnityEditor.QuickSearchModule:UnityEditor.Search:ASIAI0B -> (ImportResultId: '833a16e97a0f41850738c9d6d454895d') in 0.0024959 seconds
[Worker0] Imported GUID: f15cbb987069826429540d0ea0937442 - Path: Packages/com.unity.test-framework/UnityEditor.TestRunner/TestRunner/Utils/TestListProvider.cs - Importer: ScriptedImporter/UnityEditor.QuickSearchModule:UnityEditor.Search:ASIAI0B -> (ImportResultId: 'e66d084559943ba196a573d8afbbd334') in 0.0026229 seconds
[Worker0] Imported GUID: 0f691f67e4ca49a386e31761b0ff8238 - Path: Packages/com.unity.test-framework/UnityEditor.TestRunner/TestRun/Tasks/RestoreProjectSettingsTask.cs - Importer: ScriptedImporter/UnityEditor.QuickSearchModule:UnityEditor.Search:ASIAI0B -> (ImportResultId: '2188cc55db6e848c399a6f61508461fd') in 0.0023511 seconds
[Worker0] Imported GUID: f96d0ea807c081145a1170ed1b6d71e0 - Path: Packages/com.unity.test-framework/UnityEditor.TestRunner/TestRunner/Utils/EditorAssembliesProxy.cs - Importer: ScriptedImporter/UnityEditor.QuickSearchModule:UnityEditor.Search:ASIAI0B -> (ImportResultId: '6b65464f87bd209880a6cb6261d57d39') in 0.0023729 seconds
[Worker0] Imported GUID: 321dc2c0720f8dd4f9396ecdc12b8746 - Path: Packages/com.unity.test-framework/UnityEditor.TestRunner/UnityTestProtocol/Messages/Message.cs - Importer: ScriptedImporter/UnityEditor.QuickSearchModule:UnityEditor.Search:ASIAI0B -> (ImportResultId: '2b1857591c32e16013f8eb187ff94bf7') in 0.0023848 seconds
[Worker0] Imported GUID: efce3ac61ba34d3590656de761a677e3 - Path: Packages/com.unity.test-framework/UnityEditor.TestRunner/UnityTestProtocol/Data/QualitySettings.cs - Importer: ScriptedImporter/UnityEditor.QuickSearchModule:UnityEditor.Search:ASIAI0B -> (ImportResultId: 'e3054410d1c49018a8fd081272431916') in 0.0023665 seconds
[Worker0] Imported GUID: 033c884ba52437d49bc55935939ef1c6 - Path: Packages/com.unity.test-framework/UnityEditor.TestRunner/TestRunner/Utils/EditorLoadedTestAssemblyProvider.cs - Importer: ScriptedImporter/UnityEditor.QuickSearchModule:UnityEditor.Search:ASIAI0B -> (ImportResultId: '750526573cde4b6b945ee079b6cdde02') in 0.0020755 seconds
[Worker0] Imported GUID: 64689f8b25eadac4da519e96f514b653 - Path: Packages/com.unity.test-framework/UnityEditor.TestRunner/TestRunner/Utils/ITestListProvider.cs - Importer: ScriptedImporter/UnityEditor.QuickSearchModule:UnityEditor.Search:ASIAI0B -> (ImportResultId: 'b0958e924485a1fe81da3e8dae947bdc') in 0.0034868 seconds
[Worker0] Imported GUID: 7ee0c4baf94a41009b0f9292988a2000 - Path: Packages/com.unity.test-framework/UnityEditor.TestRunner/UnityTestProtocol/Data/PlayerSystemInfo.cs - Importer: ScriptedImporter/UnityEditor.QuickSearchModule:UnityEditor.Search:ASIAI0B -> (ImportResultId: '09daf7f88d3a230ec741bca27eae075f') in 0.0014355 seconds
[Worker0] Imported GUID: 64f0c7c73db2d32469a5208a3cff96de - Path: Packages/com.unity.test-framework/UnityEngine.TestRunner/NUnitExtensions/Attributes/UnityOneTimeSetUpAttribute.cs - Importer: ScriptedImporter/UnityEditor.QuickSearchModule:UnityEditor.Search:ASIAI0B -> (ImportResultId: '4bd79d70dcbd7353e5553dcaf96908e1') in 0.002287 seconds
[Worker0] Imported GUID: 26f3e7301af463c4ca72fa98d59b429e - Path: Packages/com.unity.test-framework/UnityEditor.TestRunner/TestRunner/Utils/CachingTestListProvider.cs - Importer: ScriptedImporter/UnityEditor.QuickSearchModule:UnityEditor.Search:ASIAI0B -> (ImportResultId: 'f1ea4a1d243e785e9a7048be6a107f68') in 0.0015638 seconds
[Worker0] Imported GUID: 9bd5a110ed89025499ddee8c7e73778e - Path: Packages/com.unity.test-framework/UnityEditor.TestRunner/TestRunner/Messages/EnterPlayMode.cs - Importer: ScriptedImporter/UnityEditor.QuickSearchModule:UnityEditor.Search:ASIAI0B -> (ImportResultId: 'a7a3e5b46025941b5381033a17f19b78') in 0.0028774 seconds
[Worker0] Imported GUID: 58a43a62ecbe444d963930822e17d4cd - Path: Packages/com.unity.test-framework/UnityEditor.TestRunner/UnityTestProtocol/Data/ScreenSettings.cs - Importer: ScriptedImporter/UnityEditor.QuickSearchModule:UnityEditor.Search:ASIAI0B -> (ImportResultId: '8b3f43dec8d185e9f7028d0a717791d9') in 0.001572 seconds
[Worker0] Imported GUID: 7043e9a330ac2d84a80a965ada4589ad - Path: Packages/com.unity.test-framework/UnityEditor.TestRunner/TestRunner/Utils/ITestListCacheData.cs - Importer: ScriptedImporter/UnityEditor.QuickSearchModule:UnityEditor.Search:ASIAI0B -> (ImportResultId: 'edd7b5443ad3a64a81174c27faabfa7b') in 0.0018135 seconds
[Worker0] Imported GUID: 6cf74526594248e88be90b91eb2dbe1c - Path: Packages/com.unity.test-framework/UnityEditor.TestRunner/UnityTestProtocol/Messages/QualitySettingsMessage.cs - Importer: ScriptedImporter/UnityEditor.QuickSearchModule:UnityEditor.Search:ASIAI0B -> (ImportResultId: '23e1424a3d36dbe4ac8dc4a06137f9de') in 0.0014679 seconds
[Worker0] Imported GUID: f699428dfee64165b017dced94d8ca70 - Path: Packages/com.unity.test-framework/UnityEditor.TestRunner/UnityTestProtocol/Data/BuildSettings.cs - Importer: ScriptedImporter/UnityEditor.QuickSearchModule:UnityEditor.Search:ASIAI0B -> (ImportResultId: '5598f3c76faf15e822bb635cd65cc57c') in 0.0018988 seconds
[Worker0] Imported GUID: 0c56471f08a0f6846afc792f0b4205b9 - Path: Packages/com.unity.test-framework/UnityEngine.TestRunner/Assertions/LogScope/LogEvent.cs - Importer: ScriptedImporter/UnityEditor.QuickSearchModule:UnityEditor.Search:ASIAI0B -> (ImportResultId: 'aead22d3cd6b7f69cfdd7eda20d9975c') in 0.0028494 seconds
[Worker0] Imported GUID: a704c010bcdb1ec4a9f3417b3c393164 - Path: Packages/com.unity.test-framework/UnityEditor.TestRunner/TestRunner/Utils/ITestListCache.cs - Importer: ScriptedImporter/UnityEditor.QuickSearchModule:UnityEditor.Search:ASIAI0B -> (ImportResultId: 'bdb0617ce372650451ddb40a2a4a26f8') in 0.0024633 seconds
[Worker0] Imported GUID: 28f79a0d7e64c2345bc46f8c4cf788f8 - Path: Packages/com.unity.test-framework/UnityEditor.TestRunner/UnityTestProtocol/Messages/TestPlanMessage.cs - Importer: ScriptedImporter/UnityEditor.QuickSearchModule:UnityEditor.Search:ASIAI0B -> (ImportResultId: 'bf26d01a51c5c9a1363203b29d7a936c') in 0.0024012 seconds
[Worker0] Imported GUID: 936b6288befc460409cfdff3ac92fc95 - Path: Packages/com.unity.test-framework/UnityEditor.TestRunner/TestRunner/Utils/IEditorLoadedTestAssemblyProvider.cs - Importer: ScriptedImporter/UnityEditor.QuickSearchModule:UnityEditor.Search:ASIAI0B -> (ImportResultId: '650e0a5dadd7bff6a9319209697f42ef') in 0.0024125 seconds
[Worker0] Imported GUID: 9202fbba95ea8294cb5e718f028f21b0 - Path: Packages/com.unity.test-framework/UnityEditor.TestRunner/TestRunner/Messages/RecompileScripts.cs - Importer: ScriptedImporter/UnityEditor.QuickSearchModule:UnityEditor.Search:ASIAI0B -> (ImportResultId: '75c4d3a560d17644ff6951523d5ed979') in 0.0023073 seconds
[Worker0] Imported GUID: 20cdb37e6fea6d946bbb84d2c923db85 - Path: Packages/com.unity.test-framework/UnityEditor.TestRunner/TestRunner/Utils/EditorAssemblyWrapper.cs - Importer: ScriptedImporter/UnityEditor.QuickSearchModule:UnityEditor.Search:ASIAI0B -> (ImportResultId: '0dcca6b6503d1622c39253791ec1f0d8') in 0.0020517 seconds
[Worker0] Imported GUID: 342d9ef4da0a19b49877f576c2deec14 - Path: Packages/com.unity.test-framework/UnityEditor.TestRunner/TestRun/Tasks/TestTaskBase.cs - Importer: ScriptedImporter/UnityEditor.QuickSearchModule:UnityEditor.Search:ASIAI0B -> (ImportResultId: '02de37046351cb343beb0309c59e07d8') in 0.0023761 seconds
[Worker0] Imported GUID: 5440c1153b397e14c9c7b1d6eb83b9f9 - Path: Packages/com.unity.test-framework/UnityEngine.TestRunner/NUnitExtensions/Attributes/UnityPlatformAttribute.cs - Importer: ScriptedImporter/UnityEditor.QuickSearchModule:UnityEditor.Search:ASIAI0B -> (ImportResultId: '6c06f39b6b0a900477c8a806d70dbb96') in 0.0024233 seconds
[Worker0] Imported GUID: 5c15bf0966eb95847a4260d830a30d30 - Path: Packages/com.unity.test-framework/UnityEngine.TestRunner/NUnitExtensions/Runner/WorkItemFactory.cs - Importer: ScriptedImporter/UnityEditor.QuickSearchModule:UnityEditor.Search:ASIAI0B -> (ImportResultId: '55c8f65be2231acd3318a55ef6ecbc3c') in 0.002408 seconds
[Worker0] Imported GUID: d2ca9278c9dd49df877d622d0f657ecf - Path: Packages/com.unity.test-framework/UnityEngine.TestRunner/NUnitExtensions/Commands/UnityTestMethodCommand.cs - Importer: ScriptedImporter/UnityEditor.QuickSearchModule:UnityEditor.Search:ASIAI0B -> (ImportResultId: '129349c36660609bafc112094406c72e') in 0.0013537 seconds
[Worker0] Imported GUID: f180b12c4cff494c91056caa03f9c109 - Path: Packages/com.unity.test-framework/UnityEngine.TestRunner/NUnitExtensions/Commands/RetryCommand.cs - Importer: ScriptedImporter/UnityEditor.QuickSearchModule:UnityEditor.Search:ASIAI0B -> (ImportResultId: '1cfe49a2a258637321d1e313d9eae850') in 0.0017809 seconds
[Worker0] Imported GUID: 110d5035a36a6a34580fb65bb40cd78f - Path: Packages/com.unity.test-framework/UnityEngine.TestRunner/NUnitExtensions/Runner/CompositeWorkItem.cs - Importer: ScriptedImporter/UnityEditor.QuickSearchModule:UnityEditor.Search:ASIAI0B -> (ImportResultId: '06a8b21f4a485a038254afc3c7916155') in 0.0014992 seconds
[Worker0] Imported GUID: 79ced2556f0af814a840b86232613ff1 - Path: Packages/com.unity.test-framework/UnityEngine.TestRunner/NUnitExtensions/Runner/UnityWorkItem.cs - Importer: ScriptedImporter/UnityEditor.QuickSearchModule:UnityEditor.Search:ASIAI0B -> (ImportResultId: '5853f270503f016ffb925e5d46055448') in 0.0022818 seconds
[Worker0] Imported GUID: 12dfd4bdbb5c8e6419432fbc54ef25d9 - Path: Packages/com.unity.test-framework/UnityEngine.TestRunner/Utils/AssemblyProvider/IAssemblyLoadProxy.cs - Importer: ScriptedImporter/UnityEditor.QuickSearchModule:UnityEditor.Search:ASIAI0B -> (ImportResultId: '84438386de455c8f494f1268d0a886f6') in 0.0040867 seconds
[Worker0] Imported GUID: 203984dce16ec4246a37d5b4f555c858 - Path: Packages/com.unity.test-framework/UnityEngine.TestRunner/NUnitExtensions/Runner/TestCommandWrapperRegistry.cs - Importer: ScriptedImporter/UnityEditor.QuickSearchModule:UnityEditor.Search:ASIAI0B -> (ImportResultId: '44fd59a61d7bea434d06725abef7133e') in 0.0019848 seconds
[Worker0] Imported GUID: 41d60936b62cc6d4ca7fe628b22b0e40 - Path: Packages/com.unity.test-framework/UnityEngine.TestRunner/TestRunner/RemoteHelpers/PlayerConnectionMessageIds.cs - Importer: ScriptedImporter/UnityEditor.QuickSearchModule:UnityEditor.Search:ASIAI0B -> (ImportResultId: 'b2516f4dc3af075c2dd1ee887e47a3e6') in 0.0014903 seconds
[Worker0] Imported GUID: 2de8ba3b840049641897e0da7ce1d5cd - Path: Packages/com.unity.test-framework/UnityEngine.TestRunner/NUnitExtensions/Commands/TestActionCommand.cs - Importer: ScriptedImporter/UnityEditor.QuickSearchModule:UnityEditor.Search:ASIAI0B -> (ImportResultId: 'e24baa90b5c22686622166f52f59b570') in 0.0014785 seconds
[Worker0] Imported GUID: 68e5dc8bfd5d72647a93b7f2e1da831a - Path: Packages/com.unity.test-framework/UnityEngine.TestRunner/NUnitExtensions/Runner/FailCommand.cs - Importer: ScriptedImporter/UnityEditor.QuickSearchModule:UnityEditor.Search:ASIAI0B -> (ImportResultId: '74faa84c1021c18b1c56f55df25e8b54') in 0.0022644 seconds
[Worker0] Imported GUID: df537bdce04d7964193fffe1cc99a343 - Path: Packages/com.unity.test-framework/UnityEngine.TestRunner/NUnitExtensions/Commands/EnumerableOneTimeSetUpTearDownCommand.cs - Importer: ScriptedImporter/UnityEditor.QuickSearchModule:UnityEditor.Search:ASIAI0B -> (ImportResultId: '22a52b4bc4f7f0f6bc6e740b84bef4f8') in 0.0022164 seconds
[Worker0] Imported GUID: ebeedaa04bb53e24ba2e7fb6745e3fd3 - Path: Packages/com.unity.test-framework/UnityEngine.TestRunner/NUnitExtensions/Filters/CategoryFilterExtended.cs - Importer: ScriptedImporter/UnityEditor.QuickSearchModule:UnityEditor.Search:ASIAI0B -> (ImportResultId: '7df07dbc6e7e64d5652b563e7ea5384b') in 0.0017168 seconds
[Worker0] Imported GUID: e273462feb9a65948826739f683cc9a9 - Path: Packages/com.unity.test-framework/UnityEngine.TestRunner/NUnitExtensions/Commands/EnumerableRepeatedTestCommand.cs - Importer: ScriptedImporter/UnityEditor.QuickSearchModule:UnityEditor.Search:ASIAI0B -> (ImportResultId: 'db75518e7b1e3cf9a8ad2e30525c6b9d') in 0.0016459 seconds
[Worker0] Imported GUID: e0db3f3921670cd4ca2e925737c3fba4 - Path: Packages/com.unity.test-framework/UnityEngine.TestRunner/NUnitExtensions/Commands/SetUpTearDownCommand.cs - Importer: ScriptedImporter/UnityEditor.QuickSearchModule:UnityEditor.Search:ASIAI0B -> (ImportResultId: '6c90401ac1a7e72d0614d876b8d1a1d1') in 0.002453 seconds
[Worker0] Imported GUID: 59ff995fabb3bac45afa0f96f333e5dc - Path: Packages/com.unity.test-framework/UnityEngine.TestRunner/NUnitExtensions/Runner/UnityTestExecutionContext.cs - Importer: ScriptedImporter/UnityEditor.QuickSearchModule:UnityEditor.Search:ASIAI0B -> (ImportResultId: '9e3c2728eefe249796a855c43c72f16c') in 0.0024517 seconds
[Worker0] Imported GUID: 5ebb87899ca30b743bb4274bc00c02b4 - Path: Packages/com.unity.test-framework/UnityEngine.TestRunner/TestRunner/Callbacks/TestResultRenderer.cs - Importer: ScriptedImporter/UnityEditor.QuickSearchModule:UnityEditor.Search:ASIAI0B -> (ImportResultId: 'f0a617cd63ac4e234dee7e052bc29f35') in 0.0023795 seconds
[Worker0] Imported GUID: 874c0713cdc44f549b0161750b48d2c2 - Path: Packages/com.unity.test-framework/UnityEngine.TestRunner/TestRunner/RemoteHelpers/IRemoteTestResultDataFactory.cs - Importer: ScriptedImporter/UnityEditor.QuickSearchModule:UnityEditor.Search:ASIAI0B -> (ImportResultId: '4b8f7be00cdf807f1a481d5fbcd1061a') in 0.002297 seconds
[Worker0] Imported GUID: 851f94140ec64b7db846948429a87f01 - Path: Packages/com.unity.test-framework/UnityEngine.TestRunner/NUnitExtensions/Commands/RepeatCommand.cs - Importer: ScriptedImporter/UnityEditor.QuickSearchModule:UnityEditor.Search:ASIAI0B -> (ImportResultId: '72ffdaf3d27d103e33ea5e2e608584fa') in 0.0024738 seconds
[Worker0] Imported GUID: 48230e4e90fb4d14a9d56bddea898413 - Path: Packages/com.unity.test-framework/UnityEngine.TestRunner/NUnitExtensions/Runner/UnityLogCheckDelegatingCommand.cs - Importer: ScriptedImporter/UnityEditor.QuickSearchModule:UnityEditor.Search:ASIAI0B -> (ImportResultId: '302fec4fcd38b20bc7bae6ebe4e2e96c') in 0.0022226 seconds
[Worker0] Imported GUID: b135ec222fdcd11468014c90d11d6821 - Path: Packages/com.unity.test-framework/UnityEngine.TestRunner/TestRunner/RemoteHelpers/RemoteTestData.cs - Importer: ScriptedImporter/UnityEditor.QuickSearchModule:UnityEditor.Search:ASIAI0B -> (ImportResultId: '4fb3f088a8db9c77eb59ac88c83eb5a3') in 0.0014543 seconds
[Worker0] Imported GUID: aa5dd1a9432747fd89501213ba621de6 - Path: Packages/com.unity.test-framework/UnityEngine.TestRunner/NUnitExtensions/Commands/EnumerableMaxTimeCommand.cs - Importer: ScriptedImporter/UnityEditor.QuickSearchModule:UnityEditor.Search:ASIAI0B -> (ImportResultId: '9c3fc6186794bd917bfb15a693fe499b') in 0.0026394 seconds
[Worker0] Imported GUID: 7d2d4145ec6c42dabb2d7af8e58224db - Path: Packages/com.unity.test-framework/UnityEngine.TestRunner/NUnitExtensions/Commands/TimeoutCommand.cs - Importer: ScriptedImporter/UnityEditor.QuickSearchModule:UnityEditor.Search:ASIAI0B -> (ImportResultId: '890eeb37cbc02d86b3f487b0cc9f6e85') in 0.0027011 seconds
[Worker0] Imported GUID: dfc336f10b83bd74eaded16a658275c7 - Path: Packages/com.unity.test-framework/UnityEngine.TestRunner/TestRunner/Callbacks/TestResultRendererCallback.cs - Importer: ScriptedImporter/UnityEditor.QuickSearchModule:UnityEditor.Search:ASIAI0B -> (ImportResultId: 'e61f81dd30ff4702df9e0651ed759a24') in 0.0024209 seconds
[Worker0] Imported GUID: 826b6becaef90fb458eedebe4c2f3664 - Path: Packages/com.unity.test-framework/UnityEngine.TestRunner/TestRunner/RemoteHelpers/RemoteTestResultDataFactory.cs - Importer: ScriptedImporter/UnityEditor.QuickSearchModule:UnityEditor.Search:ASIAI0B -> (ImportResultId: '798d2d849a2d778bec573c48286411f7') in 0.0021626 seconds
[Worker0] Imported GUID: cbbca1d8a0434be4bbc7f165523763ac - Path: Packages/com.unity.test-framework/UnityEngine.TestRunner/NUnitExtensions/Commands/BeforeAfterTestCommandBase.cs - Importer: ScriptedImporter/UnityEditor.QuickSearchModule:UnityEditor.Search:ASIAI0B -> (ImportResultId: '1290536d8d61f380ea3c14a7550ba037') in 0.0022319 seconds
[Worker0] Imported GUID: 8349e42a2b30c7a4abd8678c203428ba - Path: Packages/com.unity.test-framework/UnityEngine.TestRunner/NUnitExtensions/Commands/ImmediateEnumerableCommand.cs - Importer: ScriptedImporter/UnityEditor.QuickSearchModule:UnityEditor.Search:ASIAI0B -> (ImportResultId: 'ecb650ea0cedcf28b6249431bb6d76f4') in 0.0025947 seconds
[Worker0] Imported GUID: 91319408591cec1478efd3c62f9f418a - Path: Packages/com.unity.test-framework/UnityEngine.TestRunner/NUnitExtensions/Filters/AssemblyNameFilter.cs - Importer: ScriptedImporter/UnityEditor.QuickSearchModule:UnityEditor.Search:ASIAI0B -> (ImportResultId: '4c75cdbfe6bd06adc8f248973c2c1d88') in 0.0022582 seconds
[Worker0] Imported GUID: 475e3699f219c854f8581a9838135002 - Path: Packages/com.unity.test-framework/UnityEngine.TestRunner/TestRunner/RemoteHelpers/RemoteTestResultDataWithTestData.cs - Importer: ScriptedImporter/UnityEditor.QuickSearchModule:UnityEditor.Search:ASIAI0B -> (ImportResultId: '8bbae45912bfb033dc4df46a2fa5d966') in 0.003633 seconds
[Worker0] Imported GUID: f40df9c8cf926b241b093a37028d8815 - Path: Packages/com.unity.test-framework/UnityEngine.TestRunner/NUnitExtensions/Runner/TestCommandBuilder.cs - Importer: ScriptedImporter/UnityEditor.QuickSearchModule:UnityEditor.Search:ASIAI0B -> (ImportResultId: 'c833f1e69d15a027311cf6692399c900') in 0.002466 seconds
[Worker0] Imported GUID: fedb0f9e5006b1943abae52f52f08a1a - Path: Packages/com.unity.test-framework/UnityEngine.TestRunner/NUnitExtensions/Attributes/UnityTestAttribute.cs - Importer: ScriptedImporter/UnityEditor.QuickSearchModule:UnityEditor.Search:ASIAI0B -> (ImportResultId: 'f8eaf22fc7e7e67193d25832dc29e083') in 0.0013365 seconds
[Worker0] Imported GUID: 26721f9940339264fb14bdbfe1290e21 - Path: Packages/com.unity.test-framework/UnityEngine.TestRunner/NUnitExtensions/Runner/RestoreTestContextAfterDomainReload.cs - Importer: ScriptedImporter/UnityEditor.QuickSearchModule:UnityEditor.Search:ASIAI0B -> (ImportResultId: 'daba5b088d444c36380e18dc47cec94a') in 0.0024621 seconds
[Worker0] Imported GUID: 600f4b74746dbf944901257f81a8af6d - Path: Packages/com.unity.test-framework/UnityEngine.TestRunner/NUnitExtensions/Attributes/UnityTearDownAttribute.cs - Importer: ScriptedImporter/UnityEditor.QuickSearchModule:UnityEditor.Search:ASIAI0B -> (ImportResultId: '019494797ccb018a7218a47fb5f60e50') in 0.00146 seconds
[Worker0] Imported GUID: 898bc38486fc899428fbe5bd6adfe473 - Path: Packages/com.unity.test-framework/UnityEngine.TestRunner/TestRunner/Messages/IEditModeTestYieldInstruction.cs - Importer: ScriptedImporter/UnityEditor.QuickSearchModule:UnityEditor.Search:ASIAI0B -> (ImportResultId: '49a2d0d5b56d9f97e5a187871c0f22f6') in 0.0020439 seconds
[Worker0] Imported GUID: b557515fff172984e8c4400b43f1c631 - Path: Packages/com.unity.test-framework/UnityEngine.TestRunner/NUnitExtensions/Runner/CoroutineTestWorkItem.cs - Importer: ScriptedImporter/UnityEditor.QuickSearchModule:UnityEditor.Search:ASIAI0B -> (ImportResultId: '4217088d21d8feca6f3a60973d25e30c') in 0.0014272 seconds
[Worker0] Imported GUID: e55eddf2afda488db58fb17f985fee99 - Path: Packages/com.unity.test-framework/UnityEngine.TestRunner/NUnitExtensions/Commands/IgnoreTestCommand.cs - Importer: ScriptedImporter/UnityEditor.QuickSearchModule:UnityEditor.Search:ASIAI0B -> (ImportResultId: '8c0f1d7690bcac38595c7138bd0df360') in 0.0022855 seconds
[Worker0] Imported GUID: 2e3b9bbf2c1a3cd4f88883ca32882ec6 - Path: Packages/com.unity.test-framework/UnityEngine.TestRunner/Utils/AssemblyProvider/AssemblyWrapper.cs - Importer: ScriptedImporter/UnityEditor.QuickSearchModule:UnityEditor.Search:ASIAI0B -> (ImportResultId: '3d2a55608a7d67f77ea42bf5b915791a') in 0.0025725 seconds
[Worker0] Imported GUID: dd85a35169d313840a0874aea1a28629 - Path: Packages/com.unity.test-framework/UnityEngine.TestRunner/NUnitExtensions/Commands/EnumerableSetUpTearDownCommand.cs - Importer: ScriptedImporter/UnityEditor.QuickSearchModule:UnityEditor.Search:ASIAI0B -> (ImportResultId: '0f0e89a92dbc205ca0795913c2880ce7') in 0.0021927 seconds
[Worker0] Imported GUID: 7ef6801a8b664544aa9f2ab1bc1f8b60 - Path: Packages/com.unity.test-framework/UnityEngine.TestRunner/NUnitExtensions/Runner/PlaymodeWorkItemFactory.cs - Importer: ScriptedImporter/UnityEditor.QuickSearchModule:UnityEditor.Search:ASIAI0B -> (ImportResultId: '80fa9c1963cd2541c66e7c7a77d12195') in 0.0014453 seconds
[Worker0] Imported GUID: 0d4fc309a0784294c8ab658b53b12320 - Path: Packages/com.unity.test-framework/UnityEngine.TestRunner/NUnitExtensions/Commands/OuterUnityTestActionCommand.cs - Importer: ScriptedImporter/UnityEditor.QuickSearchModule:UnityEditor.Search:ASIAI0B -> (ImportResultId: 'd8976b9c2581150a9ebb37452427171e') in 0.0024638 seconds
[Worker0] Imported GUID: 3cf5cb9e1ef590c48b1f919f2a7bd895 - Path: Packages/com.unity.test-framework/UnityEngine.TestRunner/TestRunner/Callbacks/PlayModeRunnerCallback.cs - Importer: ScriptedImporter/UnityEditor.QuickSearchModule:UnityEditor.Search:ASIAI0B -> (ImportResultId: '9c6984dbd2f96b8da2875c5bf762d3a7') in 0.0023637 seconds
[Worker0] Imported GUID: 33e6b78c96bb0694e96383e3c56b7b54 - Path: Packages/com.unity.test-framework/UnityEngine.TestRunner/NUnitExtensions/Commands/TestCommandPcHelper.cs - Importer: ScriptedImporter/UnityEditor.QuickSearchModule:UnityEditor.Search:ASIAI0B -> (ImportResultId: 'd5db660510de20fddc64d86c03a49e13') in 0.0025453 seconds
[Worker0] Imported GUID: 5b3e90046c38f1d4dad2e0d5a79e871c - Path: Packages/com.unity.test-framework/UnityEngine.TestRunner/NUnitExtensions/Runner/UnityWorkItemDataHolder.cs - Importer: ScriptedImporter/UnityEditor.QuickSearchModule:UnityEditor.Search:ASIAI0B -> (ImportResultId: '730dbadbfa48742e73456cf485e2de17') in 0.0025171 seconds
[Worker0] Imported GUID: 1e42d5fdba604f0786aac7fcaaa84cf7 - Path: Packages/com.unity.test-framework/UnityEngine.TestRunner/NUnitExtensions/Filters/EditorOnlyFilter.cs - Importer: ScriptedImporter/UnityEditor.QuickSearchModule:UnityEditor.Search:ASIAI0B -> (ImportResultId: '1d89ca856c4332c46c15eb5a6381947a') in 0.0028099 seconds
[Worker0] Imported GUID: c7cfda246e604b945b12b7afedb094ce - Path: Packages/com.unity.test-framework/UnityEngine.TestRunner/NUnitExtensions/Runner/DefaultTestWorkItem.cs - Importer: ScriptedImporter/UnityEditor.QuickSearchModule:UnityEditor.Search:ASIAI0B -> (ImportResultId: '2b50e97440a83dbd4ee4d531028a1540') in 0.0023401 seconds
[Worker0] Imported GUID: 19a6f000f81e24c4a826c1abd43e77c7 - Path: Packages/com.unity.test-framework/UnityEngine.TestRunner/NUnitExtensions/Commands/EnumerableTestMethodCommand.cs - Importer: ScriptedImporter/UnityEditor.QuickSearchModule:UnityEditor.Search:ASIAI0B -> (ImportResultId: '585dcd1fa4af570dc02b624f6107a4bd') in 0.0023179 seconds
[Worker0] Imported GUID: fb593906b7b6d824087dcaebf6c082e0 - Path: Packages/com.unity.test-framework/UnityEngine.TestRunner/Utils/AssemblyProvider/AssemblyLoadProxy.cs - Importer: ScriptedImporter/UnityEditor.QuickSearchModule:UnityEditor.Search:ASIAI0B -> (ImportResultId: 'ea146ef300e334b543ffbc9297a9a879') in 0.0039614 seconds
[Worker0] Imported GUID: 8c20c76a75f088a46933d6a707744be4 - Path: Packages/com.unity.test-framework/UnityEngine.TestRunner/NUnitExtensions/Runner/ITestCommandWrapper.cs - Importer: ScriptedImporter/UnityEditor.QuickSearchModule:UnityEditor.Search:ASIAI0B -> (ImportResultId: 'f2245b3f6b89e03d838a775ac29ab9c4') in 0.0020065 seconds
[Worker0] Imported GUID: e948790d8b7e42e2abef6c45c5bc4c76 - Path: Packages/com.unity.test-framework/UnityEngine.TestRunner/NUnitExtensions/Filters/NonExplicitFilter.cs - Importer: ScriptedImporter/UnityEditor.QuickSearchModule:UnityEditor.Search:ASIAI0B -> (ImportResultId: 'bbd0e9b6f8f9f7f03dd513dac6eabd24') in 0.0014674 seconds
[Worker0] Imported GUID: 03e4d63665d06f04c8a6cf68133c1592 - Path: Packages/com.unity.test-framework/UnityEngine.TestRunner/TestRunner/RemoteHelpers/RemoteTestResultData.cs - Importer: ScriptedImporter/UnityEditor.QuickSearchModule:UnityEditor.Search:ASIAI0B -> (ImportResultId: 'a24ad720ccbcb83bc7b733301af07460') in 0.0024907 seconds
[Worker0] Imported GUID: 3b4429eff9fcffb48b006e8edcc90338 - Path: Packages/com.unity.test-framework/UnityEngine.TestRunner/NUnitExtensions/Commands/EnumerableApplyChangesToContextCommand.cs - Importer: ScriptedImporter/UnityEditor.QuickSearchModule:UnityEditor.Search:ASIAI0B -> (ImportResultId: 'a770c6b877e21527a0d36a30fd713261') in 0.001997 seconds
[Worker0] Imported GUID: 9bbdc426fc0a48e1b66deaac7ea8f64c - Path: Packages/com.unity.test-framework/UnityEngine.TestRunner/NUnitExtensions/Commands/IgnoreTest.cs - Importer: ScriptedImporter/UnityEditor.QuickSearchModule:UnityEditor.Search:ASIAI0B -> (ImportResultId: '8ee896b823fa8aec5faf976057596281') in 0.0015373 seconds
[Worker0] Imported GUID: 874e40a588dbb1e48bc128d686337d4e - Path: Packages/com.unity.test-framework/UnityEngine.TestRunner/NUnitExtensions/Runner/UnityTestAssemblyRunner.cs - Importer: ScriptedImporter/UnityEditor.QuickSearchModule:UnityEditor.Search:ASIAI0B -> (ImportResultId: '71d49cc5387abcbdc59250dc4c675d93') in 0.002659 seconds
[Worker0] Imported GUID: dbd43d8a3b8122d4e89b055f53382b11 - Path: Packages/com.unity.test-framework/UnityEngine.TestRunner/NUnitExtensions/Runner/IEnumerableTestMethodCommand.cs - Importer: ScriptedImporter/UnityEditor.QuickSearchModule:UnityEditor.Search:ASIAI0B -> (ImportResultId: 'ffcdacc8afa60206dad11bc9e8e5e6f3') in 0.0017251 seconds
[Worker0] Imported GUID: cc294d4e597b4ba5acf52ad834cce210 - Path: Packages/com.unity.test-framework/UnityEngine.TestRunner/NUnitExtensions/Commands/StrictCheckCommand.cs - Importer: ScriptedImporter/UnityEditor.QuickSearchModule:UnityEditor.Search:ASIAI0B -> (ImportResultId: '1e7c3a58eb616947e3e69aa286fac13b') in 0.0024197 seconds
[Worker0] Imported GUID: 356852e4738840b4b1ab533d3a66f0e1 - Path: Packages/com.unity.test-framework/UnityEngine.TestRunner/NUnitExtensions/Commands/EnumerableTestState.cs - Importer: ScriptedImporter/UnityEditor.QuickSearchModule:UnityEditor.Search:ASIAI0B -> (ImportResultId: '23c2cbcdf9a2eac57eb25fcf6f9db39e') in 0.0024708 seconds
[Worker0] Imported GUID: 6de2f178a24cd2e48a0816cacd9a0583 - Path: Packages/com.unity.test-framework/UnityEngine.TestRunner/NUnitExtensions/Commands/EnumerableRetryTestCommand.cs - Importer: ScriptedImporter/UnityEditor.QuickSearchModule:UnityEditor.Search:ASIAI0B -> (ImportResultId: 'a2a7dce319e16bf4b796ac3c81b0a034') in 0.0020497 seconds
[Worker0] Imported GUID: 94cf1990d9304aff8063ceaa4bc68f6d - Path: Packages/com.unity.test-framework/UnityEngine.TestRunner/NUnitExtensions/Filters/AndFilterExtended.cs - Importer: ScriptedImporter/UnityEditor.QuickSearchModule:UnityEditor.Search:ASIAI0B -> (ImportResultId: 'baa8cd064b8c5b9b86f99e92a042bb35') in 0.0025376 seconds
[Worker0] Imported GUID: 20793418366caf14293b29c55df5e9ec - Path: Packages/com.unity.test-framework/UnityEngine.TestRunner/TestRunner/Callbacks/RemoteTestResultSender.cs - Importer: ScriptedImporter/UnityEditor.QuickSearchModule:UnityEditor.Search:ASIAI0B -> (ImportResultId: 'f2383a66cdf6277a5f2272ada77e441a') in 0.0023414 seconds
[Worker0] Imported GUID: 74987b94d22047d8b286a727906b7019 - Path: Packages/com.unity.test-framework/UnityEngine.TestRunner/NUnitExtensions/Commands/ParametrizedIgnoreCommand.cs - Importer: ScriptedImporter/UnityEditor.QuickSearchModule:UnityEditor.Search:ASIAI0B -> (ImportResultId: '55a8b891a301e60c9f9c8a0985936fbf') in 0.0025506 seconds
[Worker0] Imported GUID: ad85854b14d4140d88447bdce2fac91f - Path: Packages/com.unity.test-framework/UnityEngine.TestRunner/NUnitExtensions/Commands/TaskTestMethodCommand.cs - Importer: ScriptedImporter/UnityEditor.QuickSearchModule:UnityEditor.Search:ASIAI0B -> (ImportResultId: 'b682dec1504c108fe88d49ec9a15ca89') in 0.0021472 seconds
[Worker0] Imported GUID: f07fb40f4e944ebeb84eb8f8a6bb5b13 - Path: Packages/com.unity.test-framework/UnityEngine.TestRunner/NUnitExtensions/Filters/FullNameFilter.cs - Importer: ScriptedImporter/UnityEditor.QuickSearchModule:UnityEditor.Search:ASIAI0B -> (ImportResultId: '1f4f3b56053c96b6d29a7cb7dd3ca339') in 0.0024315 seconds
[Worker0] Imported GUID: f8ed0b11850145c4995dd76170bb2500 - Path: Packages/com.unity.test-framework/UnityEngine.TestRunner/TestRunner/Callbacks/PlayerQuitHandler.cs - Importer: ScriptedImporter/UnityEditor.QuickSearchModule:UnityEditor.Search:ASIAI0B -> (ImportResultId: 'c9f5a536b7e0df7dbab4644f88ed4958') in 0.0024933 seconds
[Worker0] Imported GUID: b97961a82e5e4e66b8f6fa0ce8b5b9e2 - Path: Packages/com.unity.test-framework/UnityEngine.TestRunner/NUnitExtensions/Runner/FeatureFlags.cs - Importer: ScriptedImporter/UnityEditor.QuickSearchModule:UnityEditor.Search:ASIAI0B -> (ImportResultId: '2a8cd8e60e504d4b83bbb098b1654791') in 0.0024205 seconds
[Worker0] Imported GUID: 7f65567c9026afb4db5de3355accc636 - Path: Packages/com.unity.test-framework/UnityEngine.TestRunner/NUnitExtensions/Commands/BeforeAfterTestCommandState.cs - Importer: ScriptedImporter/UnityEditor.QuickSearchModule:UnityEditor.Search:ASIAI0B -> (ImportResultId: '00e48900f7f8dafdd8c0e8b0e4e3e694') in 0.0029316 seconds
[Worker0] Imported GUID: 43a3aec217baa9644a7cf34b5f93fed9 - Path: Packages/com.unity.test-framework/UnityEngine.TestRunner/Utils/AssemblyProvider/PlayerTestAssemblyProvider.cs - Importer: ScriptedImporter/UnityEditor.QuickSearchModule:UnityEditor.Search:ASIAI0B -> (ImportResultId: 'f24655e732cfdbfe653be60723242430') in 0.0025901 seconds
[Worker0] Imported GUID: 881143a1a3652e343bdcc07166d6f6f6 - Path: Packages/com.unity.test-framework/UnityEditor.TestRunner/TestRun/Tasks/Scene/SaveModifiedSceneTask.cs - Importer: ScriptedImporter/UnityEditor.QuickSearchModule:UnityEditor.Search:ASIAI0B -> (ImportResultId: 'cf4066ee7aae6b8ea7a101f5048f2dec') in 0.0024467 seconds
[Worker0] Imported GUID: ab19dca503e90904e95faefddb68150d - Path: Packages/com.unity.test-framework/UnityEditor.TestRunner/TestRun/Tasks/Scene/ReloadModifiedScenesTask.cs - Importer: ScriptedImporter/UnityEditor.QuickSearchModule:UnityEditor.Search:ASIAI0B -> (ImportResultId: '26ee973a4f9a5cbe3af46e4fadf5192d') in 0.0026806 seconds
[Worker0] Imported GUID: f3a361a6ad1aff14ba8f48976e94ad76 - Path: Packages/com.unity.test-framework/UnityEngine.TestRunner/Utils/AssemblyProvider/ScriptingRuntimeProxy.cs - Importer: ScriptedImporter/UnityEditor.QuickSearchModule:UnityEditor.Search:ASIAI0B -> (ImportResultId: '9c5acd33b271dec237142bdfdce76bd2') in 0.0019182 seconds
[Worker0] Imported GUID: 4f0f9b9f3ed97ad2b9ba8f1a8e4666c2 - Path: Packages/com.unity.modules.uielements/package.json - Importer: ScriptedImporter/UnityEditor.QuickSearchModule:UnityEditor.Search:ASIAI0B -> (ImportResultId: '371d0751d584bd22ba4cb76516afc7ca') in 0.0039434 seconds
[Worker0] Imported GUID: 31d26a10516a4ac7a9bfdcac13a6386e - Path: Packages/com.unity.test-framework/UnityEditor.TestRunner/TestRun/Tasks/Platform/PlatformSpecificSuccessfulLaunchTask.cs - Importer: ScriptedImporter/UnityEditor.QuickSearchModule:UnityEditor.Search:ASIAI0B -> (ImportResultId: '465692e591d045e0e7a319a456690045') in 0.0024744 seconds
[Worker0] Imported GUID: 96d14b71b907bb52333b2886e665aba6 - Path: Packages/com.unity.modules.video/package.json - Importer: ScriptedImporter/UnityEditor.QuickSearchModule:UnityEditor.Search:ASIAI0B -> (ImportResultId: '1e02f313742bf885d6b39648a987dcad') in 0.0018505 seconds
[Worker0] Imported GUID: 1c5afe945b715e149a70113a4be7b32a - Path: Packages/com.unity.test-framework/UnityEngine.TestRunner/Utils/AssemblyProvider/IAssemblyWrapper.cs - Importer: ScriptedImporter/UnityEditor.QuickSearchModule:UnityEditor.Search:ASIAI0B -> (ImportResultId: 'e7069d583f006d0d1fba307d4eec434b') in 0.0018377 seconds
[Worker0] Imported GUID: 337f28535644395459f6de8c60d9db37 - Path: Packages/com.unity.test-framework/UnityEditor.TestRunner/TestRun/Tasks/Scene/RestoreSceneSetupTask.cs - Importer: ScriptedImporter/UnityEditor.QuickSearchModule:UnityEditor.Search:ASIAI0B -> (ImportResultId: 'f472a970a1f84646cac42e4d24353af4') in 0.0016684 seconds
[Worker0] Imported GUID: f2675f346a0926b4aa7928805fd8bc9c - Path: Packages/com.unity.test-framework/UnityEditor.TestRunner/TestRun/Tasks/Events/CreateEventsTask.cs - Importer: ScriptedImporter/UnityEditor.QuickSearchModule:UnityEditor.Search:ASIAI0B -> (ImportResultId: '6e4e50b016d948e4aa2603894338126b') in 0.0023568 seconds
[Worker0] Imported GUID: 9b1a5759726ef9d39a0ab82047b615f1 - Path: Packages/com.unity.modules.hierarchycore/package.json - Importer: ScriptedImporter/UnityEditor.QuickSearchModule:UnityEditor.Search:ASIAI0B -> (ImportResultId: '35934862c7adfe6dd37abdcd9af08c8a') in 0.0020318 seconds
[Worker0] Imported GUID: 5598b14661b5f4c43bed757f34b6d172 - Path: Packages/com.unity.ide.rider/LICENSE.md - Importer: ScriptedImporter/UnityEditor.QuickSearchModule:UnityEditor.Search:ASIAI0B -> (ImportResultId: 'e19d828833ed28c49530b340be506666') in 0.0020324 seconds
[Worker0] Imported GUID: 49284fdc918b491aa9f4439e6cc59c9c - Path: Packages/com.unity.test-framework/UnityEditor.TestRunner/TestRun/Tasks/Platform/PlatformSpecificSetupTask.cs - Importer: ScriptedImporter/UnityEditor.QuickSearchModule:UnityEditor.Search:ASIAI0B -> (ImportResultId: '9f77d8e251fceb01af7a0910c66f9985') in 0.0018729 seconds
[Worker0] Imported GUID: ae87256f29d9c8b50490f4caf75b2c41 - Path: Packages/com.unity.modules.unitywebrequestwww/package.ModuleCompilationTrigger - Importer: ScriptedImporter/UnityEditor.QuickSearchModule:UnityEditor.Search:ASIAI0B -> (ImportResultId: 'f722fdddc993d9653e16d2c141d81440') in 0.0018008 seconds
[Worker0] Imported GUID: 6dff66623000ef448ab68db41d803d95 - Path: Packages/com.unity.test-framework/UnityEditor.TestRunner/TestRun/Tasks/Scene/CreateNewSceneTask.cs - Importer: ScriptedImporter/UnityEditor.QuickSearchModule:UnityEditor.Search:ASIAI0B -> (ImportResultId: 'df02ad2d012fca1d6743e4ccb8a58e4e') in 0.0018547 seconds
[Worker0] Imported GUID: c5c78f2ef0d32a948bbb93266ef69a6a - Path: Packages/com.unity.test-framework/UnityEditor.TestRunner/TestRun/Tasks/Events/UpdateTestProgressTask.cs - Importer: ScriptedImporter/UnityEditor.QuickSearchModule:UnityEditor.Search:ASIAI0B -> (ImportResultId: '5b6365445b42e5ed5d3d1bbe8283b297') in 0.0023772 seconds
[Worker0] Imported GUID: 5da62a0c1c5218c4aa16b74546a7822d - Path: Packages/com.unity.ext.nunit/README.md - Importer: ScriptedImporter/UnityEditor.QuickSearchModule:UnityEditor.Search:ASIAI0B -> (ImportResultId: 'f8252fd7320dce9eda6d7632da65b1df') in 0.0016153 seconds
[Worker0] Imported GUID: 8d4bc6bfa28760b29f13174d6b6ea710 - Path: Packages/com.unity.modules.subsystems/package.ModuleCompilationTrigger - Importer: ScriptedImporter/UnityEditor.QuickSearchModule:UnityEditor.Search:ASIAI0B -> (ImportResultId: '92dfd5062bba08d9ed7b860fb7d6e290') in 0.0020808 seconds
[Worker0] Imported GUID: 66c95bb3c74257f41bae2622511dc02d - Path: Packages/com.unity.ide.rider/package.json - Importer: ScriptedImporter/UnityEditor.QuickSearchModule:UnityEditor.Search:ASIAI0B -> (ImportResultId: '71addaa11ee3d1e196f4bfb9bcc35012') in 0.0018739 seconds
[Worker0] Imported GUID: 311d065aced2092409deadf0c0934f61 - Path: Packages/com.unity.test-framework/UnityEditor.TestRunner/TestRun/Tasks/Events/RegisterCallbackDelegatorEventsTask.cs - Importer: ScriptedImporter/UnityEditor.QuickSearchModule:UnityEditor.Search:ASIAI0B -> (ImportResultId: '6765f81a93019c53c34a04364222d12c') in 0.0025502 seconds
[Worker0] Imported GUID: 5e83f8baac96eaa47bdd9ca781cd2002 - Path: Packages/com.unity.ide.rider/CONTRIBUTING.md - Importer: ScriptedImporter/UnityEditor.QuickSearchModule:UnityEditor.Search:ASIAI0B -> (ImportResultId: '4133ba03cff94b71d82b637d1993556b') in 0.0021798 seconds
[Worker0] Imported GUID: c24a1e88fc49dce47930834ff9997443 - Path: Packages/com.unity.test-framework/UnityEditor.TestRunner/TestRun/Tasks/Scene/ISceneWrapper.cs - Importer: ScriptedImporter/UnityEditor.QuickSearchModule:UnityEditor.Search:ASIAI0B -> (ImportResultId: '2a2e8fbb1a82ee20e4b56e91c7d96855') in 0.0020851 seconds
[Worker0] Imported GUID: 8645aa9c3c74fb34ba9499e14fb332b5 - Path: Packages/com.unity.ide.rider/CHANGELOG.md - Importer: ScriptedImporter/UnityEditor.QuickSearchModule:UnityEditor.Search:ASIAI0B -> (ImportResultId: '73bfb61e4b8b96fa356c918762225eb1') in 0.0022312 seconds
[Worker0] Imported GUID: 17f093324b67f5bd57e55b546736750e - Path: Packages/com.unity.modules.particlesystem/package.ModuleCompilationTrigger - Importer: ScriptedImporter/UnityEditor.QuickSearchModule:UnityEditor.Search:ASIAI0B -> (ImportResultId: '0b30da6f3ea88b15716e1b98f6bf6b2e') in 0.0021527 seconds
[Worker0] Imported GUID: 87d720faa37005c08600090e04d8c739 - Path: Packages/com.unity.modules.particlesystem/package.json - Importer: ScriptedImporter/UnityEditor.QuickSearchModule:UnityEditor.Search:ASIAI0B -> (ImportResultId: '9b30d63073ebc3e456c1310f68aef895') in 0.0017472 seconds
[Worker0] Imported GUID: fe4aef60e4ace544c8430da8ef8acba2 - Path: Packages/com.unity.test-framework/UnityEngine.TestRunner/Utils/AssemblyProvider/IScriptingRuntimeProxy.cs - Importer: ScriptedImporter/UnityEditor.QuickSearchModule:UnityEditor.Search:ASIAI0B -> (ImportResultId: 'e885afae3503826a753ee03bc64ac43d') in 0.0022401 seconds
[Worker0] Imported GUID: e2d09a26ce46dc617b54e49a534ace20 - Path: Packages/com.unity.modules.ai/package.ModuleCompilationTrigger - Importer: ScriptedImporter/UnityEditor.QuickSearchModule:UnityEditor.Search:ASIAI0B -> (ImportResultId: 'ed6b3914176fbb829dcd05f9ea911335') in 0.0018981 seconds
[Worker0] Imported GUID: e59094b434ebb46e6844f02ec9c4dc42 - Path: Packages/com.unity.ext.nunit/net472/unity-custom/nunit.framework.dll - Importer: ScriptedImporter/UnityEditor.QuickSearchModule:UnityEditor.Search:ASIAI0B -> (ImportResultId: '8b4c086a8a7dfb7bb536070c4a5ab924') in 0.0146801 seconds
[Worker0] Imported GUID: a8ea9765889ae054c9b32cce583af855 - Path: Packages/com.unity.test-framework/UnityEditor.TestRunner/TestRun/Tasks/Events/RunFinishedInvocationEvent.cs - Importer: ScriptedImporter/UnityEditor.QuickSearchModule:UnityEditor.Search:ASIAI0B -> (ImportResultId: '70e07be62270dbd8202fc675df484220') in 0.0033958 seconds
[Worker0] Imported GUID: 57e7d752d8e6494b9aca2f2724b98761 - Path: Packages/com.unity.test-framework/UnityEditor.TestRunner/TestRun/Tasks/Platform/PlatformSpecificSuccessfulBuildTask.cs - Importer: ScriptedImporter/UnityEditor.QuickSearchModule:UnityEditor.Search:ASIAI0B -> (ImportResultId: '096ca67bac7da58fd2f949830f47ce44') in 0.0014589 seconds
[Worker0] Imported GUID: 006c3457e983424bbdead50009cd0e00 - Path: Packages/com.unity.test-framework/UnityEditor.TestRunner/TestRun/Tasks/Player/DetermineRuntimePlatformTask.cs - Importer: ScriptedImporter/UnityEditor.QuickSearchModule:UnityEditor.Search:ASIAI0B -> (ImportResultId: 'e460be11f967aae70e11828ccf039b59') in 0.0020213 seconds
[Worker0] Imported GUID: d104359075a97392b803d3d5aebc77f7 - Path: Packages/com.unity.modules.hierarchycore/package.ModuleCompilationTrigger - Importer: ScriptedImporter/UnityEditor.QuickSearchModule:UnityEditor.Search:ASIAI0B -> (ImportResultId: '8aef8e0d62be927958bc749411849ff9') in 0.0022857 seconds
[Worker0] Imported GUID: d528c8c98d269ca44a06cd9624a03945 - Path: Packages/com.unity.ide.rider/Rider/Editor/com.unity.ide.rider.asmdef - Importer: ScriptedImporter/UnityEditor.QuickSearchModule:UnityEditor.Search:ASIAI0B -> (ImportResultId: 'e513ab946b83a36d215af59e6bb1751e') in 0.0022668 seconds
[Worker0] Imported GUID: f62135e79edb837b2d2ee3c524da864c - Path: Packages/com.unity.modules.video/package.ModuleCompilationTrigger - Importer: ScriptedImporter/UnityEditor.QuickSearchModule:UnityEditor.Search:ASIAI0B -> (ImportResultId: '4cda2571453f169a622a947b9bb740ae') in 0.002187 seconds
[Worker0] Imported GUID: 8a752aaaadd2410dd9a84e01c1bace9f - Path: Packages/com.unity.modules.uielements/package.ModuleCompilationTrigger - Importer: ScriptedImporter/UnityEditor.QuickSearchModule:UnityEditor.Search:ASIAI0B -> (ImportResultId: 'f5ac8d4d26c0075988f777957e3b31d4') in 0.0020861 seconds
[Worker0] Imported GUID: 8143d3a8390f2c64685e3bc272bd9e90 - Path: Packages/com.unity.ext.nunit/package.json - Importer: ScriptedImporter/UnityEditor.QuickSearchModule:UnityEditor.Search:ASIAI0B -> (ImportResultId: '1b5af04d70569545fa470ca4beae0a1f') in 0.0016392 seconds
[Worker0] Imported GUID: 59267e29055f657429098a57e13debe1 - Path: Packages/com.unity.test-framework/UnityEditor.TestRunner/TestRun/Tasks/Events/RunStartedInvocationEvent.cs - Importer: ScriptedImporter/UnityEditor.QuickSearchModule:UnityEditor.Search:ASIAI0B -> (ImportResultId: 'b77d55e3dfa42dd9d2ef78a6901d021c') in 0.0022045 seconds
[Worker0] Imported GUID: e9df95f53f1c1d0c9199e235d6c42b50 - Path: Packages/com.unity.modules.audio/package.json - Importer: ScriptedImporter/UnityEditor.QuickSearchModule:UnityEditor.Search:ASIAI0B -> (ImportResultId: '25429776b6335c31cae7727fec7a6dc6') in 0.0017011 seconds
[Worker0] Imported GUID: 2c814623cb42764d304be0c5ddd03ceb - Path: Packages/com.unity.modules.xr/package.json - Importer: ScriptedImporter/UnityEditor.QuickSearchModule:UnityEditor.Search:ASIAI0B -> (ImportResultId: '06b2a4571005fb679c322eb551a180a2') in 0.0014521 seconds
[Worker0] Imported GUID: 164c9b1458eaab743a4b45c37a4d720d - Path: Packages/com.unity.test-framework/UnityEngine.TestRunner/Utils/MonoBehaviourTest/MonoBehaviourTest.cs - Importer: ScriptedImporter/UnityEditor.QuickSearchModule:UnityEditor.Search:ASIAI0B -> (ImportResultId: '79a13ef17eb8bbbab7a0100242e13f90') in 0.0021256 seconds
[Worker0] Imported GUID: e5c46c19ce0ce2e0103aa6f82df1043a - Path: Packages/com.unity.modules.vehicles/package.ModuleCompilationTrigger - Importer: ScriptedImporter/UnityEditor.QuickSearchModule:UnityEditor.Search:ASIAI0B -> (ImportResultId: 'f4c360f2f565eb86d60774cc14ad8279') in 0.0021489 seconds
[Worker0] Imported GUID: c7a8b0317f4e68556d7509828e9e211e - Path: Packages/com.unity.modules.xr/package.ModuleCompilationTrigger - Importer: ScriptedImporter/UnityEditor.QuickSearchModule:UnityEditor.Search:ASIAI0B -> (ImportResultId: '0ae4fe85ce9eac48e1d183e90d0f762d') in 0.0024338 seconds
[Worker0] Imported GUID: 830a36a23cf3ab1e61fa47940a6dc35e - Path: Packages/com.unity.modules.imageconversion/package.ModuleCompilationTrigger - Importer: ScriptedImporter/UnityEditor.QuickSearchModule:UnityEditor.Search:ASIAI0B -> (ImportResultId: '54cd7defbf8aff53bbd84822158ada74') in 0.0014935 seconds
[Worker0] Imported GUID: f49bbe06ffa5ae24abe32abdab430c24 - Path: Packages/com.unity.ext.nunit/CHANGELOG.md - Importer: ScriptedImporter/UnityEditor.QuickSearchModule:UnityEditor.Search:ASIAI0B -> (ImportResultId: '8fc646dd6182dc783bbe6730ca535129') in 0.0019726 seconds
[Worker0] Imported GUID: 953fab16d15d5885b3600fcd6388b2ad - Path: Packages/com.unity.modules.imageconversion/package.json - Importer: ScriptedImporter/UnityEditor.QuickSearchModule:UnityEditor.Search:ASIAI0B -> (ImportResultId: 'eca821e8fd50c4c92900c94988a61744') in 0.0013348 seconds
[Worker0] Imported GUID: 6afb166a156df2d20433d981f4bb2832 - Path: Packages/com.unity.modules.vehicles/package.json - Importer: ScriptedImporter/UnityEditor.QuickSearchModule:UnityEditor.Search:ASIAI0B -> (ImportResultId: 'f4e44a270a75e80e6baf680ac8b4b303') in 0.0019827 seconds
[Worker0] Imported GUID: 646cce3bdb8d461d980d11d729ab3312 - Path: Packages/com.unity.test-framework/UnityEditor.TestRunner/TestRun/Tasks/Platform/PlatformSpecificPostBuildTask.cs - Importer: ScriptedImporter/UnityEditor.QuickSearchModule:UnityEditor.Search:ASIAI0B -> (ImportResultId: '76b6819522b13ae030454c4e42e32b95') in 0.0021437 seconds
[Worker0] Imported GUID: a002d3737b873954395b7cf862873ab8 - Path: Packages/com.unity.test-framework/UnityEngine.TestRunner/Utils/MonoBehaviourTest/IMonoBehaviourTest.cs - Importer: ScriptedImporter/UnityEditor.QuickSearchModule:UnityEditor.Search:ASIAI0B -> (ImportResultId: 'a1101ca9a8c11fdd52ff232301d9c0a7') in 0.0014425 seconds
[Worker0] Imported GUID: f9bd02a3a916be64c9b47b1305149423 - Path: Packages/com.unity.ide.rider/Rider/Editor/EditorPluginInterop.cs - Importer: ScriptedImporter/UnityEditor.QuickSearchModule:UnityEditor.Search:ASIAI0B -> (ImportResultId: 'c5349e2415551d305f134cd6c15ad7a9') in 0.0013634 seconds
[Worker0] Imported GUID: d85e5eeaf8f135aeaaebdc8aa3cff6c3 - Path: Packages/com.unity.modules.umbra/package.json - Importer: ScriptedImporter/UnityEditor.QuickSearchModule:UnityEditor.Search:ASIAI0B -> (ImportResultId: 'b09a128b4a6a3ac408937c758ade95e8') in 0.0021736 seconds
[Worker0] Imported GUID: dab656c79e1985c40b31faebcda44442 - Path: Packages/com.unity.ide.rider/Rider/Editor/Discovery.cs - Importer: ScriptedImporter/UnityEditor.QuickSearchModule:UnityEditor.Search:ASIAI0B -> (ImportResultId: '76ab5b6ee9627e6d452cccda31e5a26a') in 0.0022719 seconds
[Worker0] Imported GUID: f0f13f2ab3d6d13cfc6e4656824bfca8 - Path: Packages/com.unity.modules.ai/package.json - Importer: ScriptedImporter/UnityEditor.QuickSearchModule:UnityEditor.Search:ASIAI0B -> (ImportResultId: 'c61ee60f40cbecc778dec56522e70119') in 0.0019834 seconds
[Worker0] Imported GUID: 5c4d36a13e7466e43940732365f53bf1 - Path: Packages/com.unity.test-framework/UnityEditor.TestRunner/TestRun/Tasks/Scene/StoreSceneSetupTask.cs - Importer: ScriptedImporter/UnityEditor.QuickSearchModule:UnityEditor.Search:ASIAI0B -> (ImportResultId: '3db8a9ac49452b571176b0c561f96a59') in 0.0021942 seconds
[Worker0] Imported GUID: 43c24fd91e60170469bfb8d79c565ad3 - Path: Packages/com.unity.test-framework/UnityEditor.TestRunner/TestRun/Tasks/Scene/SceneWrapper.cs - Importer: ScriptedImporter/UnityEditor.QuickSearchModule:UnityEditor.Search:ASIAI0B -> (ImportResultId: 'a1f7b36364e880c4655e60300a09628e') in 0.0025233 seconds
[Worker0] Imported GUID: d9b3520efe42f4ee887f8b99b7e1deae - Path: Packages/com.unity.test-framework/UnityEditor.TestRunner/TestRun/Tasks/Events/RegisterTestRunCallbackEventsTask.cs - Importer: ScriptedImporter/UnityEditor.QuickSearchModule:UnityEditor.Search:ASIAI0B -> (ImportResultId: '7d75eeb71898214e296d85a840d6df94') in 0.0022127 seconds
[Worker0] Imported GUID: 1b6246f2248883964991eac9e9b4817c - Path: Packages/com.unity.modules.umbra/package.ModuleCompilationTrigger - Importer: ScriptedImporter/UnityEditor.QuickSearchModule:UnityEditor.Search:ASIAI0B -> (ImportResultId: '7528841299c330707a17cd2fd24f464f') in 0.0022149 seconds
[Worker0] Imported GUID: e02e76bfece9a28408e2e7dcb2e14b8f - Path: Packages/com.unity.test-framework/UnityEditor.TestRunner/TestRun/Tasks/Scene/RemoveAdditionalUntitledSceneTask.cs - Importer: ScriptedImporter/UnityEditor.QuickSearchModule:UnityEditor.Search:ASIAI0B -> (ImportResultId: '8061cc2ddd15bd7665153b2f0a85f367') in 0.0022985 seconds
[Worker0] Imported GUID: f91a00d2dca52b843b2d50ccf750737d - Path: Packages/com.unity.ext.nunit/LICENSE.md - Importer: ScriptedImporter/UnityEditor.QuickSearchModule:UnityEditor.Search:ASIAI0B -> (ImportResultId: '6ba0ed58b93e3ec242bf957e3ba3796a') in 0.0029662 seconds
[Worker0] Imported GUID: 042dc296246916648e55a43d0eeb2036 - Path: Packages/com.unity.modules.audio/package.ModuleCompilationTrigger - Importer: ScriptedImporter/UnityEditor.QuickSearchModule:UnityEditor.Search:ASIAI0B -> (ImportResultId: 'af7710414f198d8e7c3d62dd4bd70cfe') in 0.0017616 seconds
[Worker0] Imported GUID: bfcb3ba499f7d452b92d9a9cc3378788 - Path: Packages/com.unity.ext.nunit/Third Party Notices.md - Importer: ScriptedImporter/UnityEditor.QuickSearchModule:UnityEditor.Search:ASIAI0B -> (ImportResultId: '6dc88650efa098c19e61a55b99649f00') in 0.0025563 seconds
[Worker0] Imported GUID: b6029123aa4ab4e0481a4b3ad8a15af9 - Path: Packages/com.unity.ide.rider/ValidationExceptions.json - Importer: ScriptedImporter/UnityEditor.QuickSearchModule:UnityEditor.Search:ASIAI0B -> (ImportResultId: '401016d942833630df19f010d001dd74') in 0.0013008 seconds
[Worker0] Imported GUID: 30b312a167534621b316172253b08723 - Path: Packages/com.unity.modules.subsystems/package.json - Importer: ScriptedImporter/UnityEditor.QuickSearchModule:UnityEditor.Search:ASIAI0B -> (ImportResultId: '8f91839378ab65b0742d73937f511fa0') in 0.0022444 seconds
[Worker0] Imported GUID: fa27413e9edb06a6058d6c894eca0338 - Path: Packages/com.unity.modules.unitywebrequestwww/package.json - Importer: ScriptedImporter/UnityEditor.QuickSearchModule:UnityEditor.Search:ASIAI0B -> (ImportResultId: '58d8cf4bee49d13dee9c2ce25437dba0') in 0.0021974 seconds
[Worker0] Imported GUID: 0f3326f97c0d472bac74dc480099f983 - Path: Packages/com.unity.test-framework/UnityEditor.TestRunner/TestRun/Tasks/Platform/PlatformSpecificCleanupTask.cs - Importer: ScriptedImporter/UnityEditor.QuickSearchModule:UnityEditor.Search:ASIAI0B -> (ImportResultId: '0890fbae861b5013ee8550b22369f99c') in 0.0015707 seconds
[Worker0] Imported GUID: f079e3afd077fb94fa2bda74d6409499 - Path: Packages/com.unity.ide.rider/Rider/Editor/RiderScriptEditorData.cs - Importer: ScriptedImporter/UnityEditor.QuickSearchModule:UnityEditor.Search:ASIAI0B -> (ImportResultId: '18ef5ec44616df6f5837a35c4868c71f') in 0.0021784 seconds
[Worker0] Imported GUID: 45471ad7b8c1f964da5e3c07d57fbf4f - Path: Packages/com.unity.ide.rider/Rider/Editor/PostProcessors/RiderAssetPostprocessor.cs - Importer: ScriptedImporter/UnityEditor.QuickSearchModule:UnityEditor.Search:ASIAI0B -> (ImportResultId: '725bdaac19a2e5bccc609f74a00a3fca') in 0.0024263 seconds
[Worker0] Imported GUID: fe6a6957b37b61417b457a1e0541791d - Path: Packages/com.unity.modules.physics2d/package.ModuleCompilationTrigger - Importer: ScriptedImporter/UnityEditor.QuickSearchModule:UnityEditor.Search:ASIAI0B -> (ImportResultId: 'db829f9b081454a6770d3e6ac20981c6') in 0.0020034 seconds
[Worker0] Imported GUID: 8472c6472e6d4301873871a9e8fcf952 - Path: Packages/com.unity.ide.rider/Rider/Editor/Properties/AssemblyInfo.cs - Importer: ScriptedImporter/UnityEditor.QuickSearchModule:UnityEditor.Search:ASIAI0B -> (ImportResultId: 'a76d3f2db7e60e1de3b1b99917ad9e9e') in 0.0023155 seconds
[Worker0] Imported GUID: 4745d06d5a7ca576dcf9e5e67b417652 - Path: Packages/com.unity.modules.accessibility/package.ModuleCompilationTrigger - Importer: ScriptedImporter/UnityEditor.QuickSearchModule:UnityEditor.Search:ASIAI0B -> (ImportResultId: '382ac739afe9faf1e40596c70cd7f2f5') in 0.0022153 seconds
[Worker0] Imported GUID: 3e4e7fdc19414089a0fb43e43b1bdae1 - Path: Packages/com.unity.ide.rider/Rider/Editor/ProjectGeneration/SolutionGuidGenerator.cs - Importer: ScriptedImporter/UnityEditor.QuickSearchModule:UnityEditor.Search:ASIAI0B -> (ImportResultId: '437d1b42a74a0c711b9bab26fed2124e') in 0.0023032 seconds
[Worker0] Imported GUID: 56f347f155204ffebacb6ed6f4a4e65f - Path: Packages/com.unity.ide.rider/Rider/Editor/RiderStyles.cs - Importer: ScriptedImporter/UnityEditor.QuickSearchModule:UnityEditor.Search:ASIAI0B -> (ImportResultId: '299655c9d4d95d1096425d1d2d4170b2') in 0.0020405 seconds
[Worker0] Imported GUID: 22608619ec9a4b1db7417e80c3123098 - Path: Packages/com.unity.ide.rider/Rider/Editor/Util/UnityVersionUtils.cs - Importer: ScriptedImporter/UnityEditor.QuickSearchModule:UnityEditor.Search:ASIAI0B -> (ImportResultId: 'd2ed94269971a439048a715e460f71fa') in 0.0023461 seconds
[Worker0] Imported GUID: 48483563a64de3a4e8690122762055f1 - Path: Packages/com.unity.ide.rider/Rider/Editor/UnitTesting/SyncTestRunEventsHandler.cs - Importer: ScriptedImporter/UnityEditor.QuickSearchModule:UnityEditor.Search:ASIAI0B -> (ImportResultId: 'b8bf0c2ad0ac5cd8af167d004dc9ba03') in 0.0029056 seconds
[Worker0] Imported GUID: 071c17858dc6c47ada7b2a1f1ded5402 - Path: Packages/com.unity.ide.rider/Rider/Editor/Util/LibcNativeInterop.cs - Importer: ScriptedImporter/UnityEditor.QuickSearchModule:UnityEditor.Search:ASIAI0B -> (ImportResultId: '5effe8fa46e467bebef21c554fe289c2') in 0.0023259 seconds
[Worker0] Imported GUID: a6ba838b1348d5e46a7eaacd1646c1d3 - Path: Packages/com.unity.ide.rider/Rider/Editor/ProjectGeneration/FileIOProvider.cs - Importer: ScriptedImporter/UnityEditor.QuickSearchModule:UnityEditor.Search:ASIAI0B -> (ImportResultId: '8aa33bc062592f7689237093503068fc') in 0.0021036 seconds
[Worker0] Imported GUID: 7019e230344c48d4b81602e2e978e5de - Path: Packages/com.unity.ide.rider/Rider/Editor/ProjectGeneration/LastWriteTracker.cs - Importer: ScriptedImporter/UnityEditor.QuickSearchModule:UnityEditor.Search:ASIAI0B -> (ImportResultId: '3e1c118b2ca5f5f39f9a02dd5c0fa45c') in 0.0022191 seconds
[Worker0] Imported GUID: ea3ec41b33345cd4f9298a51abdaa198 - Path: Packages/com.unity.ide.rider/Rider/Editor/JetBrains.Rider.PathLocator.dll - Importer: ScriptedImporter/UnityEditor.QuickSearchModule:UnityEditor.Search:ASIAI0B -> (ImportResultId: '07cfc31e1f6857c14490c89a8b474491') in 0.0038636 seconds
[Worker0] Imported GUID: 3cc1ebf2abb7fef6871ad48f499b6e21 - Path: Packages/com.unity.modules.vectorgraphics/package.ModuleCompilationTrigger - Importer: ScriptedImporter/UnityEditor.QuickSearchModule:UnityEditor.Search:ASIAI0B -> (ImportResultId: '26847d234bd19dd755d9b34864ecd0cc') in 0.0017858 seconds
[Worker0] Imported GUID: 4d34a9510a5b9d21381c93e73867a193 - Path: Packages/com.unity.ide.rider/Rider/Editor/Util/RiderPathUtil.cs - Importer: ScriptedImporter/UnityEditor.QuickSearchModule:UnityEditor.Search:ASIAI0B -> (ImportResultId: '6ad0849fa65dd77a7d63a616cbebe6ed') in 0.0023958 seconds
[Worker0] Imported GUID: d2ec2d1228c8e67cdd913cb5609176a2 - Path: Packages/com.unity.modules.unitywebrequest/package.ModuleCompilationTrigger - Importer: ScriptedImporter/UnityEditor.QuickSearchModule:UnityEditor.Search:ASIAI0B -> (ImportResultId: '294f61c5b7fb91ff237c9291aebf4b0c') in 0.0022375 seconds
[Worker0] Imported GUID: 302b1bdfb7a645db994491799832912b - Path: Packages/com.unity.ide.rider/Rider/Editor/Util/StringBuilderExtensions.cs - Importer: ScriptedImporter/UnityEditor.QuickSearchModule:UnityEditor.Search:ASIAI0B -> (ImportResultId: 'aa8763272562d977699e967e712d3cd4') in 0.0021604 seconds
[Worker0] Imported GUID: 5eea837708474d7e9c1cb4b2eca0213f - Path: Packages/com.unity.ide.rider/Rider/Editor/ProjectGeneration/IAssemblyNameProvider.cs - Importer: ScriptedImporter/UnityEditor.QuickSearchModule:UnityEditor.Search:ASIAI0B -> (ImportResultId: '9cc04c69dde786b4df63ed57f5441afa') in 0.0023467 seconds
[Worker0] Imported GUID: aa1c6b1a353ab464782fc1e7c051eb02 - Path: Packages/com.unity.ide.rider/Rider/Editor/UnitTesting/CallbackInitializer.cs - Importer: ScriptedImporter/UnityEditor.QuickSearchModule:UnityEditor.Search:ASIAI0B -> (ImportResultId: 'f5e440c4b2deed385fee4ef5537de0c3') in 0.0022988 seconds
[Worker0] Imported GUID: 39cb9ab8a3b2452cbf58ffbea841d203 - Path: Packages/com.unity.ide.rider/Rider/Editor/ProjectGeneration/IGenerator.cs - Importer: ScriptedImporter/UnityEditor.QuickSearchModule:UnityEditor.Search:ASIAI0B -> (ImportResultId: '27781365b20890ad537ccc215b539eaa') in 0.002222 seconds
[Worker0] Imported GUID: 154ace4bd16de9f4e84052ac257786d6 - Path: Packages/com.unity.ide.rider/Rider/Editor/Util/CommandLineParser.cs - Importer: ScriptedImporter/UnityEditor.QuickSearchModule:UnityEditor.Search:ASIAI0B -> (ImportResultId: 'e758801f099de7cd4e0c4c9b2ca93146') in 0.0022367 seconds
[Worker0] Imported GUID: 1bdab5b8331b4506bf4eae379235c053 - Path: Packages/com.unity.ide.rider/Rider/Editor/ProjectGeneration/IFileIO.cs - Importer: ScriptedImporter/UnityEditor.QuickSearchModule:UnityEditor.Search:ASIAI0B -> (ImportResultId: '3c104aeee57b5aac26f28ecbfa9719e1') in 0.0032183 seconds
[Worker0] Imported GUID: f5a0cc9645f0e2d4fb816156dcf3f4dd - Path: Packages/com.unity.ide.rider/Rider/Editor/RiderInitializer.cs - Importer: ScriptedImporter/UnityEditor.QuickSearchModule:UnityEditor.Search:ASIAI0B -> (ImportResultId: '4995c759acceb45d679e36ac21291aaa') in 0.0025213 seconds
[Worker0] Imported GUID: 58ab3828fb407c742a48b82bc5983a87 - Path: Packages/com.unity.ide.rider/Rider/Editor/UnitTesting/SyncTestRunCallback.cs - Importer: ScriptedImporter/UnityEditor.QuickSearchModule:UnityEditor.Search:ASIAI0B -> (ImportResultId: '86d7232e5a903ff22d7f13e8c0a10a95') in 0.0016048 seconds
[Worker0] Imported GUID: a8860c53ca4073d4f92c403e709c12ba - Path: Packages/com.unity.ide.rider/Rider/Editor/Util/RiderMenu.cs - Importer: ScriptedImporter/UnityEditor.QuickSearchModule:UnityEditor.Search:ASIAI0B -> (ImportResultId: 'a3c9271e3c46f1e720b575cc7efe86d6') in 0.0019841 seconds
[Worker0] Imported GUID: 56c8c6e437b14f8e9a91e9832c11bc1a - Path: Packages/com.unity.ide.rider/Rider/Editor/ProjectGeneration/AssemblyNameProvider.cs - Importer: ScriptedImporter/UnityEditor.QuickSearchModule:UnityEditor.Search:ASIAI0B -> (ImportResultId: '1b82cd5e724827280f495784b6fc1d4b') in 0.0023992 seconds
[Worker0] Imported GUID: 0691c2fe40564a64b3a9b7372c5eca2a - Path: Packages/com.unity.ide.rider/Rider/Editor/ProjectGeneration/ProjectPart.cs - Importer: ScriptedImporter/UnityEditor.QuickSearchModule:UnityEditor.Search:ASIAI0B -> (ImportResultId: '898c720dba67d1b70c6e97e491a9fcf2') in 0.0022719 seconds
[Worker0] Imported GUID: 58aa570dbe0761f43b25ff6c2265bbe2 - Path: Packages/com.unity.ide.rider/Rider/Editor/UnitTesting/TestsCallback.cs - Importer: ScriptedImporter/UnityEditor.QuickSearchModule:UnityEditor.Search:ASIAI0B -> (ImportResultId: 'ed2ac594e5da574f3791d2fc9a64e176') in 0.0014093 seconds
[Worker0] Imported GUID: 43674d438e19b89d7fe6af07234f3252 - Path: Packages/com.unity.modules.accessibility/package.json - Importer: ScriptedImporter/UnityEditor.QuickSearchModule:UnityEditor.Search:ASIAI0B -> (ImportResultId: '50fe1ab67028c2396baa185f943cfbad') in 0.0025249 seconds
[Worker0] Imported GUID: 3fdd83b151eb8d25c5e2f82fc39dcb04 - Path: Packages/com.unity.modules.unitywebrequest/package.json - Importer: ScriptedImporter/UnityEditor.QuickSearchModule:UnityEditor.Search:ASIAI0B -> (ImportResultId: '286c12aa41be3552f12abfa461e1d2d2') in 0.0021537 seconds
[Worker0] Imported GUID: 8e1f00a9be2eb66438e2835fdf1ea11b - Path: Packages/com.unity.ide.rider/Rider/Editor/Util/SerializableVersion.cs - Importer: ScriptedImporter/UnityEditor.QuickSearchModule:UnityEditor.Search:ASIAI0B -> (ImportResultId: '24baf3f2decbdbd6657dd41ac0f335df') in 0.0022133 seconds
[Worker0] Imported GUID: 23032f4383e95e772bce465c5896d0fd - Path: Packages/com.unity.modules.terrain/package.ModuleCompilationTrigger - Importer: ScriptedImporter/UnityEditor.QuickSearchModule:UnityEditor.Search:ASIAI0B -> (ImportResultId: '1cc88374d484792c7136db67e1ee1e82') in 0.0021467 seconds
[Worker0] Imported GUID: 6d56244f8c39a851975d3c0bd432c66f - Path: Packages/com.unity.modules.terrain/package.json - Importer: ScriptedImporter/UnityEditor.QuickSearchModule:UnityEditor.Search:ASIAI0B -> (ImportResultId: '8320bc9fc2758487021a8d3939c757b4') in 0.0020755 seconds
[Worker0] Imported GUID: 7078f19173ceac84fb9e29b9f6175201 - Path: Packages/com.unity.ide.rider/Rider/Editor/ProjectGeneration/ProjectGeneration.cs - Importer: ScriptedImporter/UnityEditor.QuickSearchModule:UnityEditor.Search:ASIAI0B -> (ImportResultId: '8f2f9e60cd0ac7f853940eac887344e8') in 0.0026249 seconds
[Worker0] Imported GUID: 8c7e8e301f8b4c30bbf9db502d637f0f - Path: Packages/com.unity.ide.rider/Rider/Editor/ProjectGeneration/IGUIDGenerator.cs - Importer: ScriptedImporter/UnityEditor.QuickSearchModule:UnityEditor.Search:ASIAI0B -> (ImportResultId: '99b7a3dd5947e9ce21652400bd8aba8a') in 0.0022117 seconds
[Worker0] Imported GUID: f7a8357347c80dc69c08d0b1a05e2122 - Path: Packages/com.unity.modules.physics2d/package.json - Importer: ScriptedImporter/UnityEditor.QuickSearchModule:UnityEditor.Search:ASIAI0B -> (ImportResultId: '6d39596578e2bdca10ccca7db5a511a5') in 0.0021112 seconds
[Worker0] Imported GUID: c4095d72f77fbb64ea39b8b3ca246622 - Path: Packages/com.unity.ide.rider/Rider/Editor/RiderScriptEditor.cs - Importer: ScriptedImporter/UnityEditor.QuickSearchModule:UnityEditor.Search:ASIAI0B -> (ImportResultId: '6e15c9c36de82a042d320d3c74e3d896') in 0.0020617 seconds
[Worker0] Imported GUID: 8cfde1a59fb35574189691a9de1df93b - Path: Packages/com.unity.ide.rider/Rider/Editor/ProjectGeneration/GUIDProvider.cs - Importer: ScriptedImporter/UnityEditor.QuickSearchModule:UnityEditor.Search:ASIAI0B -> (ImportResultId: 'f5640827525ed7185d2fb3b73e8db4d9') in 0.0022523 seconds
[Worker0] Imported GUID: 05f7f519769978b79b31d063a7fc6fa1 - Path: Packages/com.unity.modules.unitywebrequestassetbundle/package.json - Importer: ScriptedImporter/UnityEditor.QuickSearchModule:UnityEditor.Search:ASIAI0B -> (ImportResultId: '4cdd1859cb1f4771b76a51051fea69bb') in 0.0021109 seconds
[Worker0] Imported GUID: 1bfe12aa306c0c74db4f4f1a1a0ae5ce - Path: Packages/com.unity.ide.rider/Rider/Editor/PluginSettings.cs - Importer: ScriptedImporter/UnityEditor.QuickSearchModule:UnityEditor.Search:ASIAI0B -> (ImportResultId: '2065375279f909c50f060f331b8adcc4') in 0.0025404 seconds
[Worker0] Imported GUID: f9413c47b3a14a64e8810ce76d1a6032 - Path: Packages/com.unity.ide.rider/Rider/Editor/UnitTesting/TestEvent.cs - Importer: ScriptedImporter/UnityEditor.QuickSearchModule:UnityEditor.Search:ASIAI0B -> (ImportResultId: '4fa3c920de1aed3be79cc1691652e5e3') in 0.0022297 seconds
[Worker0] Imported GUID: aeb8068359664ab5a8d6420381f87510 - Path: Packages/com.unity.ide.rider/Rider/Editor/LogFileOpener.cs - Importer: ScriptedImporter/UnityEditor.QuickSearchModule:UnityEditor.Search:ASIAI0B -> (ImportResultId: '1a407802fce98f4b6d112a46bbeb9a14') in 0.0020285 seconds
[Worker0] Imported GUID: 010246a07de7cb34185a2a7b1c1fad59 - Path: Packages/com.unity.ide.rider/Rider/Editor/UnitTesting/CallbackData.cs - Importer: ScriptedImporter/UnityEditor.QuickSearchModule:UnityEditor.Search:ASIAI0B -> (ImportResultId: 'a90039add3ec6e173631ff6c394a4db3') in 0.0022704 seconds
[Worker0] Imported GUID: e7c145f2cd3c411ca7f50ebc5f5a6d24 - Path: Packages/com.unity.ide.rider/Rider/Editor/StartUpMethodExecutor.cs - Importer: ScriptedImporter/UnityEditor.QuickSearchModule:UnityEditor.Search:ASIAI0B -> (ImportResultId: 'e1b3a5ae6cee050b660612ca2de283f3') in 0.0016863 seconds
[Worker0] Imported GUID: 78af99d0156944f293b020b49a6830c2 - Path: Packages/com.unity.ide.rider/Rider/Editor/ProjectGeneration/ProjectGenerationFlag.cs - Importer: ScriptedImporter/UnityEditor.QuickSearchModule:UnityEditor.Search:ASIAI0B -> (ImportResultId: '8c53eb75e06c2f9df57d80c7a2bf69ee') in 0.0018034 seconds
[Worker0] Imported GUID: 7610600f5c83e01041a6fe849d39279f - Path: Packages/com.unity.modules.unitywebrequestassetbundle/package.ModuleCompilationTrigger - Importer: ScriptedImporter/UnityEditor.QuickSearchModule:UnityEditor.Search:ASIAI0B -> (ImportResultId: '9669526d3e459e4aed038f43e17a1d0a') in 0.0020389 seconds
[Worker0] Imported GUID: bdbd564a9fdad0b738e76d030cad1204 - Path: Packages/com.unity.ide.rider/Rider/Editor/Util/FileSystemUtil.cs - Importer: ScriptedImporter/UnityEditor.QuickSearchModule:UnityEditor.Search:ASIAI0B -> (ImportResultId: '79ee0598c8e44fd0ca89576f2ba9d3eb') in 0.0021978 seconds
[Worker0] Imported GUID: bc3a27147f944790916176e2172ad506 - Path: Packages/com.unity.ide.rider/Rider/Editor/RiderScriptEditorDataPersisted.cs - Importer: ScriptedImporter/UnityEditor.QuickSearchModule:UnityEditor.Search:ASIAI0B -> (ImportResultId: '98e3e364c7f85a7d841633ba87ee3d63') in 0.002002 seconds
[Worker0] Imported GUID: 78e5667e52329c3ceef41288763404ae - Path: Packages/com.unity.modules.vectorgraphics/package.json - Importer: ScriptedImporter/UnityEditor.QuickSearchModule:UnityEditor.Search:ASIAI0B -> (ImportResultId: '5d116d2b9a4edd489dcf322e007b28d0') in 0.0019525 seconds
[Worker0] Imported GUID: b0221f76dde941d492827802c9b7c1f9 - Path: Packages/com.unity.ide.rider/Rider/Editor/Util/StringUtils.cs - Importer: ScriptedImporter/UnityEditor.QuickSearchModule:UnityEditor.Search:ASIAI0B -> (ImportResultId: '65bce39c0fad5f167b1a2cc809ba74a9') in 0.0019418 seconds
[Worker0] Imported GUID: 71bb46b59a9a7a346bbab1e185c723df - Path: Packages/com.unity.ide.rider/Rider/Editor/LoggingLevel.cs - Importer: ScriptedImporter/UnityEditor.QuickSearchModule:UnityEditor.Search:ASIAI0B -> (ImportResultId: '7ae03784dec7a25929500fc541b1410e') in 0.0030335 seconds
[Worker0] Imported GUID: 5c3b27069cb3ddf42ba1260eeefcdd1c - Path: Packages/com.unity.ide.rider/Rider/Editor/UnitTesting/RiderTestRunner.cs - Importer: ScriptedImporter/UnityEditor.QuickSearchModule:UnityEditor.Search:ASIAI0B -> (ImportResultId: '3736dbf4cb3f249064bb7ffcdc828255') in 0.0019058 seconds
[Worker0] Imported GUID: 32e50e97779a4753a461190076119a99 - Path: Packages/com.unity.ide.rider/Rider/Editor/ProjectGeneration/PackageManagerTracker.cs - Importer: ScriptedImporter/UnityEditor.QuickSearchModule:UnityEditor.Search:ASIAI0B -> (ImportResultId: 'e7fed828ca693bc2ee530072520dc247') in 0.0020841 seconds
Worker ready: AssetImportWorkerHW1 1
Worker ready: AssetImportWorkerHW2 2
Asset Pipeline Refresh (id=93923172889753441a5e23460dfd411f): Total: 0.032 seconds - Initiated by RefreshV2(AllowForceSynchronousImport)
[Worker2] Imported GUID: 0fd4e399f8f08ad7d825c8afb134f255 - Path: Packages/com.unity.ide.visualstudio - Importer: PreviewImporter -> (ImportResultId: 'f6bab3f109d409d8fee6795556ef0790') in 0.005346 seconds
[Worker2] Imported GUID: 9f2214f1d2afdb23b011c486f9dcea1b - Path: Packages/com.unity.ext.nunit - Importer: PreviewImporter -> (ImportResultId: 'ef98e5466869401f94130a5782529b4d') in 0.0015803 seconds
[Worker2] Imported GUID: c72c70ec0dc14895c2a062d690485576 - Path: Packages/com.unity.test-framework - Importer: PreviewImporter -> (ImportResultId: 'b88e5a50bd93bc8e992850f9246c93b7') in 0.0004218 seconds
Asset Pipeline Refresh (id=3a37ead7218415843b30a833be2c4b79): Total: 0.012 seconds - Initiated by RefreshV2(AllowForceSynchronousImport)
Asset Pipeline Refresh (id=5ac064b0cae8dcb40bfc04f7d675dee6): Total: 0.008 seconds - Initiated by RefreshV2(AllowForceSynchronousImport)
MonoPathRemapper: Attempts to remap: 7940; Successful remaps: 1874
Serialized file version minimum: 23, current 23
[LAYOUT] About to save layout D:\GitHub\turnbased\Turn-based-combat\UserSettings\Layouts\default-6000.dwlt
[LAYOUT] About to save layout C:/Users/User/AppData/Roaming/Unity/Editor-5.x/Preferences\Layouts\current\default-6000.dwlt
[Physics::Module] Cleanup current backend.
[Physics::Module] Id: 0xf2b8ea05
Input System module state changed to: ShutdownInProgress.
Input Polling Thread exited.
Input System module state changed to: Shutdown.
[Licensing::IpcConnector] LicenseClient-User-notifications channel disconnected successfully.
[Licensing::IpcConnector] LicenseClient-User channel disconnected successfully.
Lingering sessions upon destruction of worker manager
Unity Data Store service was successfully shut down
UDS shutting down local client system
Shut down UDS service system complete
AcceleratorClientConnectionCallback - disconnected - :0
Cleanup mono
CodeReloadManager destroyed
abort_threads: Failed aborting id: 000000000000645C, mono_thread_manage will ignore it

abort_threads: Failed aborting id: 00000000000094DC, mono_thread_manage will ignore it

abort_threads: Failed aborting id: 000000000000645C, mono_thread_manage will ignore it

abort_threads: Failed aborting id: 00000000000094DC, mono_thread_manage will ignore it

debugger-agent: Unable to listen on 3624
Checking for leaked weakptr:
  Found no leaked weakptrs.
[Package Manager] Server process was shutdown
##utp:{"type":"MemoryLeaks","version":2,"phase":"Immediate","time":1788875194967,"processId":11504,"allocatedMemory":11661800,"memoryLabels":[{"Default":180024},{"Permanent":15516},{"NewDelete":71233},{"Thread":4197944},{"Manager":32741},{"VertexData":8},{"Geometry":816},{"Texture":24},{"Shader":846265},{"Material":24},{"GfxDevice":55968},{"Animation":952},{"Audio":984},{"FreeType":8},{"FontEngine":736},{"Physics":1970},{"Physics2D":16},{"Serialization":16640},{"Input":42840},{"JobScheduler":256},{"TextLib":19030},{"Mono":48},{"ScriptingNativeRuntime":1243872},{"BaseObject":49584},{"Resource":1208},{"Renderer":2376},{"Transform":4685},{"File":13371},{"WebCam":616},{"Culling":32},{"Terrain":11442},{"Wind":24},{"STL":40},{"String":734816},{"StaticString":3808},{"Utility":2674437},{"Curl":48},{"PoolAlloc":2168},{"AI":80},{"TypeTree":17165},{"ScriptManager":12640},{"CodeReload":448},{"RuntimeInitializeOnLoadManager":64},{"Sprites":102},{"SpriteAtlas":120},{"GI":7816},{"Director":8296},{"CloudService":7440},{"WebRequest":552},{"VR":49650},{"SceneManager":608},{"Video":208},{"LazyScriptCache":32},{"Camera":5985},{"Secure":265},{"Image":65536},{"SerializationCache":9256},{"APIUpdating":10320},{"Subsystems":336},{"VirtualTexturing":57888},{"StaticSafetyDebugInfo":278528},{"Analytics":768},{"Hierarchy":1188},{"UIElements":40},{"CoreStats":14456},{"Identifiers":7152},{"Gui":267554},{"EditorUtility":130755},{"VersionControl":8},{"Undo":931},{"AssetDatabase":412703},{"AssetImporter":40},{"EditorGi":328},{"UnityConnect":36882},{"Upm":1988},{"UpmDiagnostics":8},{"AssetCompliance":96},{"DrivenProperties":72},{"LocalIPC":258},{"ProfilerEditor":9746},{"CoreBusinessMetrics":3598},{"Windowing":456},{"Licensing":12804},{"AssetReference":32},{"IPCStream":32}]}
